ULAND,UREGBEZ,UKREIS,UGEMEINDE,UJAHR,UMONAT,USTUNDE,UWOCHENTAG,UKATEGORIE,UART,UTYP1,ULICHTVERH,IstRad,IstPKW,IstFuss,IstKrad,IstGkfz,IstSonstig,STRZUSTAND,LINREFX,LINREFY,XGCSWGS84,YGCSWGS84
"02","1","06","117","2018","05","06","4","3","5","3","0","0","1","0","0","0","0","0",567973.64670000004,5934164.07369999960,10.02601202800,53.55196087900
"02","1","08","124","2018","01","07","3","3","5","2","2","0","1","0","0","0","0","0",568946.18990000000,5934253.25509999972,10.04070887500,53.55263554600
"02","1","07","120","2018","01","18","3","3","2","6","2","0","1","0","0","0","0","1",567977.61499999999,5934360.52900000010,10.02611463300,53.55372593800
"02","1","08","124","2018","01","20","5","3","4","2","2","0","1","0","0","0","0","1",568954.95279999997,5934248.94959999993,10.04084017300,53.55259570100
"02","1","07","119","2018","01","15","4","3","5","3","0","0","1","0","0","0","0","0",568940.17599999998,5934441.29100000020,10.04065958100,53.55432623500
"02","1","06","117","2018","03","06","2","3","2","6","1","0","1","0","0","0","0","0",568010.14159999997,5934103.21789999958,10.02654955700,53.55140923200
"02","1","07","119","2018","07","22","6","3","4","2","1","0","1","0","0","0","0","0",568946.12199999997,5934254.26530000009,10.04070807300,53.55264463400
"02","1","07","120","2018","06","07","6","3","1","6","0","0","1","0","0","0","1","0",568000.78399999999,5934475.78849999979,10.02648937700,53.55475879100
"02","1","07","119","2018","06","08","2","3","1","6","0","0","1","0","0","0","1","0",567941.57819999999,5934272.99770000018,10.02555173400,53.55294394600
"02","1","06","117","2018","06","09","2","3","5","3","0","0","1","0","0","1","0","0",567962.25000000000,5934184.58100000024,10.02584449200,53.55214665600
"02","1","06","117","2018","06","16","1","3","5","2","0","1","1","0","0","0","0","0",567945.21010000003,5934160.25779999979,10.02558204500,53.55193026500
"02","1","07","119","2018","11","13","6","3","3","6","0","0","1","0","0","1","0","0",567969.47679999995,5934327.24729999993,10.02598457300,53.55342788400
"02","1","06","117","2018","10","08","2","3","5","3","0","0","1","0","0","0","0","1",567973.54180000001,5934094.63970000017,10.02599535000,53.55133687800
"02","1","06","117","2018","07","13","5","3","5","3","0","0","1","0","0","0","0","0",568008.14800000004,5934109.51140000019,10.02652084000,53.55146605100
"02","1","07","120","2018","10","13","2","3","0","6","0","0","1","0","0","0","1","0",568024.76580000005,5934564.52280000038,10.02687063400,53.55555315200
"02","1","06","117","2018","06","20","5","3","0","1","0","0","0","0","1","0","0","0",567956.64090000000,5934131.15350000001,10.02574822800,53.55166722100
"02","1","07","119","2018","08","13","4","3","1","6","0","0","1","0","0","0","1","0",567946.44429999997,5934304.96190000046,10.02563212000,53.55323058300
"02","1","07","119","2018","08","08","3","3","2","6","0","0","1","0","0","0","0","0",567958.35620000004,5934237.84219999984,10.02579730500,53.55262582700
"02","1","06","117","2018","08","07","5","3","5","3","0","1","1","0","0","0","0","0",568011.73890000000,5934098.17559999973,10.02657256600,53.55136370900
"02","1","07","120","2018","10","17","3","3","6","6","0","1","0","1","0","0","0","1",567996.68859999999,5934457.82600000035,10.02642365900,53.55459789000
"02","1","06","117","2018","08","08","3","3","3","6","0","0","1","0","0","0","0","0",567968.04729999998,5934106.66330000013,10.02591504400,53.55144564800
"02","1","07","119","2018","08","10","5","3","2","6","0","0","1","0","0","0","0","0",567958.59169999999,5934243.93250000011,10.02580218300,53.55268053100
"02","1","08","124","2018","11","13","2","3","4","2","0","0","1","0","0","0","0","1",568948.12009999994,5934248.59389999975,10.04073697800,53.55259340200
"02","1","06","117","2018","09","07","4","3","2","6","0","0","1","0","0","0","1","1",567947.54009999998,5934152.18649999984,10.02561545400,53.55185742600
"02","1","06","117","2018","05","12","1","3","3","6","0","0","1","0","1","0","0","0",567972.48699999996,5934097.13100000005,10.02597997300,53.55135940500
"02","1","06","117","2018","09","14","3","3","3","6","0","0","1","0","0","1","0","0",567945.63470000005,5934182.22819999978,10.02559322800,53.55212766200
"02","1","06","117","2018","06","17","7","3","2","6","0","0","1","0","0","0","0","1",567974.42130000005,5934092.56240000017,10.02600817100,53.55131809500
"02","1","06","117","2018","07","10","5","3","1","3","0","1","1","0","0","0","0","0",567945.08230000001,5934160.74980000034,10.02558022300,53.55193470400
"02","1","07","119","2018","05","17","1","3","4","6","0","1","0","0","0","0","0","0",567948.97349999996,5934316.67399999965,10.02567283600,53.55333551400
"02","1","06","117","2018","07","16","7","3","5","3","0","0","1","0","0","0","0","0",567979.15049999999,5934156.05499999970,10.02609334600,53.55188810100
"02","1","06","117","2018","05","19","6","3","5","3","0","0","1","0","0","0","0","0",568005.93140000000,5934114.82990000024,10.02648854500,53.55151413600
"02","1","07","119","2018","05","16","6","3","6","7","0","1","0","1","0","0","0","0",567942.27159999998,5934284.09889999963,10.02556461100,53.55304362400
"02","1","07","119","2018","01","00","6","3","2","1","2","0","1","0","0","0","0","0",568184.95600000001,5934188.20490000024,10.02920628400,53.55215034800
"02","1","07","119","2018","01","16","3","3","3","6","2","0","1","0","0","0","0","0",568751.13850000000,5934532.62490000017,10.03782664200,53.55517185400
"02","1","07","119","2018","02","12","6","2","6","4","0","0","0","1","0","1","0","0",568362.20570000005,5934202.09549999982,10.03188431100,53.55225213500
"02","1","07","119","2018","01","13","4","3","2","6","0","0","1","0","0","0","0","1",568728.74580000003,5934229.37040000036,10.03742200500,53.55244940200
"02","1","05","113","2018","01","10","4","3","2","6","0","0","1","0","0","0","0","1",567918.56510000001,5934536.25349999964,10.02526161700,53.55531284300
"02","1","07","120","2018","01","21","3","3","5","3","2","1","1","0","0","0","0","1",568009.41859999998,5934382.55700000003,10.02659941200,53.55391978800
"02","1","05","113","2018","03","17","1","3","6","2","0","0","1","1","0","0","0","0",567883.58719999995,5934341.89350000024,10.02469149600,53.55357062500
"02","1","07","120","2018","04","16","3","3","5","5","0","1","1","0","0","0","0","1",568297.85569999996,5934543.40600000042,10.03098772800,53.55532791400
"02","1","07","119","2018","05","18","4","3","1","2","0","0","1","0","1","0","0","0",568795.99239999999,5934234.77460000012,10.03843806100,53.55248916300
"02","1","07","119","2018","05","18","3","3","3","6","0","0","1","0","0","0","0","1",568919.93579999998,5934246.39840000030,10.04031114300,53.55257737100
"02","1","07","120","2018","04","08","2","3","0","1","0","0","0","0","1","0","0","1",567904.73990000004,5934345.52219999954,10.02501152500,53.55360050100
"02","1","06","117","2018","04","05","6","3","0","7","0","0","1","0","0","0","1","0",567866.82689999999,5934107.90490000043,10.02438775300,53.55146990000
"02","1","06","117","2018","04","07","4","3","2","6","0","0","1","0","0","0","0","1",568135.75740000000,5934173.25219999999,10.02846053700,53.55202235400
"02","1","07","119","2018","05","11","2","3","3","6","0","0","0","0","1","0","1","0",568735.85089999996,5934229.94139999989,10.03752935900,53.55245360400
"02","1","07","120","2018","06","22","4","3","5","7","2","1","1","0","0","0","0","0",568010.21389999997,5934386.54250000045,10.02661228200,53.55395550300
"02","1","06","117","2018","06","20","7","2","5","3","0","0","0","0","0","0","1","1",567966.80599999998,5934094.34769999981,10.02589363400,53.55133512600
"02","1","07","119","2018","06","11","3","3","5","3","0","0","1","0","0","0","0","0",568674.69730000000,5934508.29310000036,10.03666759200,53.55496318600
"02","1","05","113","2018","06","17","5","3","5","3","0","1","1","0","0","0","0","1",567886.35889999999,5934417.25200000033,10.02474969200,53.55424752400
"02","1","07","119","2018","06","15","3","3","5","3","0","1","1","0","0","0","0","0",568211.75740000000,5934242.38850000035,10.02962258400,53.55263382300
"02","1","07","119","2018","07","18","1","3","0","1","0","0","0","0","1","0","0","0",568149.63060000003,5934195.09150000010,10.02867466700,53.55221682600
"02","1","07","119","2018","07","15","2","3","5","3","0","1","1","0","0","0","0","0",568577.00000000000,5934221.10969999991,10.03513008600,53.55239500600
"02","1","07","119","2018","07","08","3","3","3","6","0","0","1","0","0","0","0","0",568221.68559999997,5934192.50629999954,10.02976153300,53.55218423400
"02","1","07","120","2018","07","10","2","3","5","3","0","1","1","0","0","0","0","0",568009.34479999996,5934382.18709999975,10.02659821800,53.55391647300
"02","1","07","119","2018","08","20","2","3","2","2","0","0","1","0","0","0","1","1",568700.42009999999,5934227.09430000000,10.03699402100,53.55243265400
"02","1","07","119","2018","07","17","5","3","2","6","0","0","1","0","0","0","1","0",568501.99250000005,5934215.41019999981,10.03399684500,53.55235357600
"02","1","06","117","2018","08","15","5","3","5","3","0","1","1","0","0","0","0","0",568021.59790000005,5933934.84470000025,10.02668582000,53.54989455300
"02","1","06","117","2018","09","08","3","2","6","6","0","1","0","1","0","0","0","0",567928.69310000003,5934161.07899999991,10.02533295600,53.55193978300
"02","1","08","124","2018","09","07","2","3","0","7","0","0","0","0","0","0","1","0",568947.91200000001,5934225.35030000005,10.04072871100,53.55238453700
"02","1","07","119","2018","10","11","5","3","2","6","0","0","1","0","0","0","0","1",568251.96219999995,5934193.63090000022,10.03021870300,53.55219040600
"02","1","06","117","2018","11","20","4","3","5","3","2","1","1","0","0","0","0","0",567961.85800000001,5934091.92349999957,10.02581843500,53.55131398000
"02","1","07","120","2018","11","10","6","3","1","5","0","1","1","0","0","0","0","0",568069.90060000005,5934564.47229999956,10.02755183700,53.55554684800
"02","1","07","119","2018","11","13","5","3","3","2","0","0","1","0","0","0","0","0",568822.09499999997,5934236.87200000044,10.03883245600,53.55250459200
"02","1","07","120","2018","12","14","6","3","4","7","0","0","1","0","0","0","1","1",568609.31720000005,5934502.54200000037,10.03567957300,53.55492005000
"02","1","06","118","2018","12","07","2","3","6","7","1","0","0","1","0","0","1","1",568679.62360000005,5933958.02969999984,10.03662106400,53.55001725900
"02","1","05","113","2018","12","20","6","3","5","3","2","0","1","0","0","0","0","1",567810.12230000005,5934315.78070000000,10.02357708600,53.55334543900
"02","1","07","119","2018","12","07","5","3","1","6","0","0","1","0","1","0","0","1",568192.94660000002,5934194.58839999977,10.02932826800,53.55220668000
"02","1","07","120","2018","12","17","3","2","3","2","2","1","1","0","0","0","0","0",568008.92099999997,5934377.79079999961,10.02659086500,53.55387701800
"02","1","06","117","2018","12","15","1","3","5","3","0","1","1","0","0","0","0","0",567944.43229999999,5934144.74639999960,10.02556693600,53.55179096300
"02","1","07","120","2018","12","09","2","3","2","2","0","0","1","0","0","0","0","1",568208.26910000003,5934418.18499999959,10.02960829400,53.55421418300
"02","1","16","137","2018","04","07","4","3","2","6","0","0","1","0","0","0","1","0",566258.72120000003,5929260.64979999978,9.99909307700,53.50811177900
"02","1","16","137","2018","10","10","2","3","4","6","0","0","1","0","0","0","0","0",566172.33310000005,5928115.34709999990,9.99754898500,53.49782947400
"02","1","16","137","2018","06","11","7","3","2","6","0","0","1","0","0","0","0","0",566929.38199999998,5930193.66380000021,10.00940328800,53.51641208300
"02","1","16","137","2018","07","12","1","3","2","6","0","0","1","0","0","0","0","0",566937.06420000002,5930196.08910000045,10.00951964700,53.51643290200
"02","1","16","137","2018","01","11","3","3","0","6","0","0","1","0","0","0","1","0",565865.41200000001,5928387.19269999955,9.99297999700,53.50031115700
"02","1","16","137","2018","01","13","2","3","8","7","0","0","1","0","0","0","0","0",565327.37239999999,5929519.64439999964,9.98510585400,53.51055597600
"02","1","16","137","2018","01","16","4","3","5","3","1","1","1","0","0","0","0","0",566342.39740000002,5930034.42109999992,10.00051838300,53.51505533000
"02","1","16","137","2018","01","17","4","3","4","2","2","0","1","0","0","0","0","1",566055.87719999999,5928304.98720000032,9.99583364000,53.49954846600
"02","1","16","137","2018","02","15","3","3","5","2","0","1","1","0","0","0","0","0",564311.33669999999,5929743.96100000013,9.96983297500,53.51269724600
"02","1","16","137","2018","01","18","3","2","4","2","2","0","1","0","0","0","0","1",566063.42000000004,5928301.79399999976,9.99594666100,53.49951882000
"02","1","16","137","2018","02","12","6","3","7","7","0","0","0","1","0","0","1","1",565525.39650000003,5928152.02680000011,9.98780566700,53.49824010800
"02","1","16","136","2018","02","13","4","3","0","3","0","0","1","0","0","0","1","0",566801.82019999996,5928105.93609999958,10.00703490700,53.49766533400
"02","1","16","137","2018","02","06","4","3","2","6","2","0","1","0","0","1","0","0",566241.11840000004,5928223.80030000024,9.99860865600,53.49879551900
"02","1","16","137","2018","02","08","3","3","6","4","0","0","1","1","0","0","0","1",565843.18729999999,5929746.39489999972,9.99293045800,53.51252951300
"02","1","16","136","2018","03","19","5","3","6","4","2","0","1","1","0","0","0","0",567089.42400000000,5927856.79430000018,10.01131649900,53.49538962700
"02","1","16","137","2018","02","19","7","3","4","2","2","0","1","0","0","0","0","0",566057.87190000003,5928304.14279999956,9.99586352900,53.49954062600
"02","1","16","137","2018","02","20","5","3","5","2","2","0","1","0","0","0","0","1",566059.87150000001,5928303.29619999975,9.99589349100,53.49953276600
"02","1","16","137","2018","02","13","5","3","5","3","0","0","1","0","0","0","0","1",565698.17200000002,5930202.21800000034,9.99083952200,53.51664427400
"02","1","16","137","2018","02","07","2","2","4","6","2","0","1","0","0","1","0","1",565422.06050000002,5930499.71789999958,9.98673809900,53.51935243300
"02","1","16","137","2018","03","05","3","3","5","2","1","1","1","0","0","0","0","1",565745.82209999999,5928427.88769999985,9.99118590000,53.50069185700
"02","1","16","137","2018","03","14","4","3","2","6","0","0","1","0","0","1","0","1",564074.97230000002,5929157.02550000045,9.96614910600,53.50745109400
"02","1","16","137","2018","03","15","7","2","6","7","0","0","1","1","0","0","0","0",565640.68319999997,5930079.23359999992,9.98994687100,53.51554615800
"02","1","16","136","2018","03","12","6","3","2","2","0","0","1","0","0","0","0","0",566933.29799999995,5927972.11199999973,10.00898803700,53.49644590700
"02","1","16","136","2018","04","03","1","3","9","1","2","0","1","0","0","0","0","1",566812.45250000001,5926182.16810000036,10.00678560700,53.48037450500
"02","1","16","137","2018","04","07","5","3","6","6","0","1","0","1","0","0","0","0",565720.12870000000,5928945.54860000033,9.99090710400,53.50534745300
"02","1","18","139","2018","04","13","6","2","1","6","0","0","1","0","0","1","0","1",564304.48010000004,5930251.47790000029,9.96983374500,53.51725932200
"02","1","16","137","2018","04","16","5","3","6","4","0","0","1","1","0","0","0","0",565401.65680000000,5929034.29559999984,9.98612458300,53.50618475400
"02","1","16","137","2018","04","06","3","3","5","3","0","0","1","0","0","0","0","1",566038.80689999997,5925899.79910000041,9.99507023000,53.47793438600
"02","1","18","139","2018","04","08","6","3","2","6","0","0","0","0","0","1","0","0",563402.83880000003,5930358.80209999997,9.95625909500,53.51833340900
"02","1","16","137","2018","04","05","2","3","3","6","2","0","1","0","0","0","1","0",565131.87699999998,5929534.27599999961,9.98216139200,53.51071172800
"02","1","16","137","2018","04","12","7","3","4","6","0","1","1","0","0","0","0","0",565299.77960000001,5930364.38939999975,9.98486587000,53.51815139900
"02","1","16","137","2018","05","20","1","2","5","3","0","0","1","0","0","0","0","0",565152.91780000005,5929530.43450000044,9.98247782900,53.51067459600
"02","1","16","137","2018","04","22","2","3","2","6","2","0","1","0","0","0","0","0",565767.44110000005,5928516.45930000022,9.99153035000,53.50148517600
"02","1","16","137","2018","04","18","2","3","4","2","0","0","1","0","1","0","0","0",565865.91819999996,5930117.14719999954,9.99335111800,53.51585872700
"02","1","16","137","2018","05","21","7","3","5","3","1","0","1","0","0","0","0","0",565478.61150000000,5930281.92630000040,9.98754537800,53.51738803200
"02","1","16","137","2018","05","18","3","2","6","4","0","0","1","1","0","0","0","0",565428.22230000002,5929455.61050000042,9.98661300800,53.50996794400
"02","1","17","138","2018","05","19","6","1","6","4","0","0","1","1","0","0","0","0",566790.30339999998,5930672.80080000032,10.00740826600,53.52073589700
"02","1","16","137","2018","05","22","2","2","8","1","2","0","0","0","1","0","0","0",566152.65410000004,5930558.21279999986,9.99776791500,53.51978670400
"02","1","16","137","2018","05","16","1","3","1","1","0","0","1","0","0","1","0","0",565723.36849999998,5927816.09169999976,9.99071925200,53.49519625100
"02","1","16","137","2018","05","20","3","3","2","6","0","0","1","0","0","0","0","0",565820.48990000004,5929341.85589999985,9.99250327700,53.50889663900
"02","1","16","137","2018","05","16","3","3","5","3","0","0","1","0","1","0","0","0",566576.55799999996,5928635.58999999985,10.00375209600,53.50245404500
"02","1","16","137","2018","05","15","3","3","2","6","0","0","1","0","0","0","0","0",566362.56440000003,5930595.74959999975,10.00094137500,53.52009759700
"02","1","18","139","2018","05","21","3","2","2","6","0","0","0","0","1","1","0","0",564347.76289999997,5930330.04690000042,9.97050256600,53.51796015300
"02","1","16","137","2018","05","10","5","3","1","6","0","0","1","0","0","0","0","0",565948.01159999997,5930521.61739999987,9.99467413800,53.51948352600
"02","1","16","137","2018","05","14","2","3","3","6","0","0","1","0","0","1","0","0",566195.34499999997,5926156.05669999961,9.99748256700,53.48021780000
"02","1","16","137","2018","05","17","4","3","5","2","0","1","1","0","0","0","0","0",565480.84580000001,5930270.97279999964,9.98757678100,53.51728931100
"02","1","16","137","2018","05","08","4","3","2","6","0","0","1","0","0","0","0","0",566065.93259999994,5928300.60319999978,9.99598428300,53.49950780200
"02","1","16","136","2018","05","18","3","3","5","3","0","1","1","0","0","0","0","0",567114.02249999996,5927799.20940000005,10.01167491800,53.49486895800
"02","1","16","137","2018","05","17","4","3","0","7","0","1","0","0","0","1","0","0",565517.43180000002,5928015.90230000019,9.98765718500,53.49701770300
"02","1","18","139","2018","05","07","6","3","8","1","0","0","0","0","1","0","0","0",563103.44409999996,5930568.86529999971,9.95178654300,53.52025735800
"02","1","16","136","2018","06","13","6","3","2","2","0","1","1","0","0","0","0","0",567049.55110000004,5928562.69959999993,10.01086645300,53.50173887500
"02","1","16","137","2018","06","13","6","2","2","2","0","0","1","0","0","0","0","0",565102.59609999997,5930678.09470000025,9.98195758000,53.52099522700
"02","1","16","137","2018","06","16","5","2","4","2","0","0","1","0","1","0","0","0",565821.40540000005,5929354.62370000035,9.99251976100,53.50901127300
"02","1","17","138","2018","06","16","6","3","0","7","0","1","0","0","0","0","0","0",567035.28289999999,5930673.52599999961,10.01110285300,53.52071122800
"02","1","16","137","2018","06","05","4","3","0","2","0","1","1","0","0","0","0","0",565367.84219999996,5929517.18159999978,9.98571550600,53.51052881300
"02","1","16","137","2018","06","14","4","3","3","6","0","0","1","0","0","0","1","0",562833.80770000000,5928435.79499999993,9.94729261200,53.50111885000
"02","1","16","137","2018","06","16","4","3","2","6","0","0","0","0","0","0","1","0",564076.53240000003,5929072.71850000042,9.96615539400,53.50669320400
"02","1","16","137","2018","06","14","3","3","5","3","0","0","1","0","0","1","0","0",564090.19330000004,5928528.88800000027,9.96625018100,53.50180392500
"02","1","16","137","2018","06","14","2","3","5","3","0","1","1","0","0","0","0","0",566371.56000000006,5928320.58499999996,10.00059526200,53.49964891000
"02","1","16","137","2018","06","15","5","2","5","3","0","1","1","0","0","0","0","0",565176.63690000004,5928990.65280000027,9.98272321400,53.50582045700
"02","1","16","137","2018","07","14","1","3","8","6","0","0","1","0","0","0","1","0",566218.10880000005,5929114.61249999981,9.99844995000,53.50680441400
"02","1","16","137","2018","07","17","4","3","0","2","0","0","1","0","0","0","1","0",566307.87089999998,5930585.96370000020,10.00011450300,53.52001655100
"02","1","16","137","2018","07","14","2","3","1","6","0","0","1","0","0","0","0","0",565482.03940000001,5928625.41480000038,9.98725099900,53.50250000400
"02","1","16","137","2018","07","11","2","3","5","3","0","0","0","0","1","1","0","0",564463.93279999995,5930664.51869999990,9.97232321000,53.52095193300
"02","1","16","137","2018","08","16","3","3","6","4","0","0","0","1","0","0","1","0",566609.38340000005,5928057.75179999974,10.00412418700,53.49725668900
"02","1","16","137","2018","08","17","6","3","6","4","0","0","1","1","0","0","0","0",565748.42370000004,5928216.51009999961,9.99118080300,53.49879181300
"02","1","16","137","2018","08","21","4","3","5","3","1","0","1","0","0","0","1","0",565695.06700000004,5930194.31300000008,9.99079104400,53.51657361800
"02","1","16","137","2018","08","08","4","2","4","6","0","0","1","0","0","1","1","0",566165.75989999995,5925805.66909999959,9.99696300400,53.47707246700
"02","1","16","137","2018","08","20","3","3","2","6","1","0","1","0","1","0","0","1",566638.99939999997,5928048.16619999986,10.00456853100,53.49716679000
"02","1","16","137","2018","08","13","2","3","6","4","0","0","0","1","0","0","1","0",566555.14670000004,5928078.83040000033,10.00331118900,53.49745299400
"02","1","16","137","2018","08","04","2","3","0","7","2","1","0","0","0","0","0","0",564815.54050000000,5929653.39940000046,9.97741657000,53.51182142100
"02","1","16","136","2018","08","22","1","3","0","4","2","0","0","1","0","0","1","0",566799.57700000005,5928091.34729999956,10.00699799000,53.49753450500
"02","1","16","137","2018","07","17","2","3","5","3","0","1","1","0","0","0","0","0",565135.84620000003,5929973.42300000042,9.98231251100,53.51465799600
"02","1","16","137","2018","08","11","4","3","5","3","0","1","1","0","0","0","0","0",565875.16469999996,5926280.05179999955,9.99268465500,53.48137235500
"02","1","16","137","2018","08","20","3","3","3","7","1","0","1","0","0","0","0","0",565419.58999999997,5929302.93099999987,9.98645099500,53.50859683700
"02","1","16","137","2018","08","15","6","3","2","6","0","0","1","0","0","0","1","0",566085.35439999995,5928291.39869999979,9.99627509100,53.49942263900
"02","1","16","137","2018","09","10","6","3","3","6","0","0","1","0","0","1","0","0",565822.21970000002,5928405.91330000013,9.99233287100,53.50048481100
"02","1","17","138","2018","08","13","7","3","0","7","0","0","0","0","1","0","0","1",566540.50769999996,5931038.74610000011,10.00371894100,53.52405642500
"02","1","16","137","2018","08","11","6","3","6","4","0","0","1","1","0","0","0","0",565398.01029999997,5928971.82710000034,9.98605657900,53.50562378200
"02","1","16","137","2018","09","14","6","3","5","3","0","0","1","0","0","0","0","0",565478.37650000001,5930282.03670000006,9.98754185800,53.51738905300
"02","1","16","137","2018","09","07","4","3","0","2","0","1","1","0","0","0","0","0",564506.34589999996,5927923.14580000006,9.97239869900,53.49630901800
"02","1","16","137","2018","09","11","6","3","5","3","0","0","1","0","0","0","0","0",565480.37560000003,5930286.71360000037,9.98757298100,53.51743083700
"02","1","16","137","2018","09","19","5","3","5","3","1","0","1","0","0","0","0","0",565480.95169999998,5930283.71559999976,9.98758104100,53.51740382100
"02","1","16","137","2018","09","13","5","2","0","7","0","1","0","0","0","0","0","0",565500.50980000000,5927572.18740000017,9.98730949000,53.49303199200
"02","1","17","138","2018","09","08","4","3","8","1","0","0","0","0","0","1","0","0",565848.94539999997,5931211.66729999986,9.99332527900,53.52569762100
"02","1","16","136","2018","09","23","7","3","3","7","2","0","1","0","0","0","0","1",566837.72620000003,5927983.52880000044,10.00755001500,53.49656066400
"02","1","16","137","2018","09","14","2","3","5","3","0","0","1","0","0","0","0","0",565654.55209999997,5930082.53679999989,9.99015669000,53.51557411300
"02","1","16","137","2018","09","12","2","3","5","3","0","0","1","0","0","0","0","0",565480.35829999996,5930293.19060000032,9.98757407300,53.51748905000
"02","1","16","137","2018","09","13","1","3","2","6","0","0","1","0","0","0","0","0",564480.06599999999,5929691.51800000016,9.97236626800,53.51220525600
"02","1","18","139","2018","09","05","1","3","2","6","1","0","1","0","0","0","0","0",563972.41240000003,5930149.02570000011,9.96480539600,53.51637906200
"02","1","16","137","2018","09","18","7","2","0","7","0","1","0","0","0","0","0","0",565403.17050000001,5930225.65199999977,9.98639601800,53.51689166800
"02","1","16","137","2018","09","07","7","2","5","3","1","0","1","0","0","0","0","0",565853.40209999995,5926275.20920000039,9.99235574800,53.48133155600
"02","1","16","137","2018","10","09","3","3","5","2","0","0","1","0","0","0","0","0",563721.24159999995,5929800.01229999959,9.96094695400,53.51327285000
"02","1","16","137","2018","10","07","2","3","4","2","2","0","1","0","0","0","1","1",565757.94649999996,5928428.61990000028,9.99136881100,53.50069692200
"02","1","16","136","2018","10","12","6","3","0","1","0","1","0","0","0","0","0","0",566777.68119999999,5927010.66990000010,10.00643797000,53.48782491900
"02","1","16","137","2018","11","16","3","3","6","4","0","0","1","1","0","0","0","0",565226.00670000003,5930192.20309999958,9.98371754300,53.51661306500
"02","1","16","137","2018","10","19","4","3","0","7","2","0","0","1","0","0","1","0",565477.47869999998,5930225.99139999971,9.98751660600,53.51688546800
"02","1","16","137","2018","10","16","5","3","0","6","0","1","1","0","0","0","0","0",566592.82209999999,5929015.19390000030,10.00407788500,53.50586359400
"02","1","16","137","2018","11","05","3","3","4","2","2","0","1","0","0","0","0","1",565774.47069999995,5928640.26809999999,9.99166228100,53.50259700700
"02","1","16","136","2018","11","22","7","3","2","6","2","0","1","0","0","0","0","0",566833.78819999995,5927984.85400000028,10.00749094300,53.49657307400
"02","1","16","137","2018","11","07","5","3","6","4","2","0","1","1","0","0","0","1",565869.80319999997,5930175.66320000030,9.99342200200,53.51638414100
"02","1","16","136","2018","11","07","5","3","2","6","0","0","1","0","0","0","0","1",567012.36159999995,5925739.82959999982,10.00970309900,53.47637366100
"02","1","16","137","2018","11","21","3","2","9","1","2","0","1","0","0","0","0","0",566167.77639999997,5925799.25349999964,9.99699203100,53.47701455400
"02","1","17","138","2018","11","16","7","3","0","7","2","1","1","0","0","0","0","0",564995.97300000000,5931267.98099999968,9.98047204000,53.52630991900
"02","1","16","137","2018","12","14","3","2","6","4","0","0","1","1","0","0","0","0",566006.62809999997,5925916.57050000038,9.99458896600,53.47808915300
"02","1","16","137","2018","12","13","3","3","3","6","0","0","1","0","0","0","0","0",566189.25430000003,5926156.82110000029,9.99739096400,53.48022543600
"02","1","18","139","2018","12","02","6","3","8","1","2","0","1","0","0","0","0","1",564300.12250000006,5930183.61020000000,9.96975410600,53.51664990300
"02","1","16","137","2018","12","08","3","3","2","7","0","0","1","0","0","0","0","0",565440.02119999996,5929647.07930000033,9.98683087600,53.51168726700
"02","1","16","136","2018","12","12","7","2","5","3","0","1","1","0","0","0","0","1",566947.59420000005,5927625.81969999988,10.00912961100,53.49333186000
"02","1","16","137","2018","12","16","2","2","6","4","2","0","1","1","0","0","0","1",565918.01410000003,5928364.26389999967,9.99376807000,53.50009849900
"02","1","16","137","2018","12","16","6","3","6","4","1","0","0","1","0","1","0","0",565082.88049999997,5930685.24849999975,9.98166174000,53.52106196200
"02","1","12","130","2018","03","08","7","3","2","2","0","0","1","0","0","0","0","0",572923.42830000003,5932833.43549999967,10.10040046000,53.53933833800
"02","6","10","611","2018","06","05","5","3","2","6","0","0","0","0","0","1","1","0",573531.96900000004,5929965.16349999979,10.10890779200,53.51347649500
"02","6","10","611","2018","09","08","3","3","2","6","0","0","1","0","0","0","0","0",573021.35930000001,5929683.65029999986,10.10114345500,53.51101770400
"02","1","12","130","2018","08","17","6","3","3","6","0","0","1","0","0","0","0","0",573076.42400000000,5932722.06699999981,10.10268265700,53.53831621200
"02","1","13","131","2018","01","11","2","3","5","3","0","0","1","0","0","1","0","0",572252.95460000006,5929700.56869999971,10.08956232200,53.51127590200
"02","1","13","131","2018","01","09","7","2","6","7","0","0","1","1","0","0","1","0",572267.50060000003,5929933.08480000030,10.08983524600,53.51336353200
"02","1","13","131","2018","02","16","3","3","1","3","0","0","1","0","0","0","0","0",573313.82230000000,5931532.06630000006,10.10598540800,53.52758866000
"02","1","13","131","2018","01","15","4","3","5","3","0","0","1","0","1","0","0","1",572167.98840000003,5932407.08009999990,10.08890496300,53.53561102300
"02","1","12","130","2018","01","11","6","3","5","7","0","0","1","0","1","0","0","1",572890.10699999996,5932851.08800000045,10.09990186200,53.53950160500
"02","1","14","132","2018","01","16","5","3","5","3","1","0","1","0","0","0","1","0",570757.10710000002,5931692.96239999961,10.06745958800,53.52938513200
"02","1","13","131","2018","01","11","4","3","5","3","0","0","1","0","0","0","0","0",572717.72250000003,5932252.56159999967,10.09716204700,53.53414656200
"02","1","13","131","2018","02","10","7","2","2","2","0","0","1","0","0","0","1","0",572414.55429999996,5932575.25669999979,10.09266344000,53.53708849300