ULAND,UREGBEZ,UKREIS,UGEMEINDE,UJAHR,UMONAT,USTUNDE,UWOCHENTAG,UKATEGORIE,UART,UTYP1,ULICHTVERH,IstRad,IstPKW,IstFuss,IstKrad,IstGkfz,IstSonstig,STRZUSTAND,LINREFX,LINREFY,XGCSWGS84,YGCSWGS84
"02","1","14","132","2018","03","05","2","3","6","4","2","0","1","1","0","0","0","0",570607.00379999995,5931816.49060000014,10.06522338200,53.53051548100
"02","1","12","130","2018","03","17","5","2","2","6","0","0","1","0","0","0","0","1",573585.41200000001,5932889.26800000016,10.11040074600,53.53974777800
"02","1","13","131","2018","04","08","4","3","2","6","0","0","0","0","0","0","1","0",572615.44400000002,5931947.36699999962,10.09554838100,53.53141793200
"02","1","13","131","2018","03","07","1","3","1","5","0","0","0","0","0","1","1","1",571905.15460000001,5931945.89080000017,10.08483403400,53.53150235300
"02","1","12","130","2018","04","20","3","3","5","3","0","1","1","0","0","0","0","1",573584.59770000004,5932882.19689999986,10.11038679800,53.53968434500
"02","1","12","130","2018","04","06","6","3","1","7","0","0","1","0","0","0","0","0",572847.69230000000,5932725.93090000004,10.09923282100,53.53838270800
"02","1","12","130","2018","04","12","4","3","8","7","0","0","1","0","0","0","0","0",573597.43220000004,5932757.07809999958,10.11055100000,53.53855811400
"02","1","13","131","2018","04","16","2","3","3","6","0","0","1","0","0","1","0","0",572335.64939999999,5929866.07120000012,10.09084729600,53.51275190700
"02","1","13","131","2018","04","15","2","3","0","7","0","0","1","0","0","0","1","0",571796.78370000003,5932521.54050000012,10.08333141200,53.53669054400
"02","1","13","131","2018","04","06","7","2","9","1","0","0","1","0","0","0","1","0",571414.70319999999,5932416.09860000014,10.07754331500,53.53579501700
"02","1","13","131","2018","04","13","6","2","4","7","0","0","1","0","0","1","0","0",572333.68660000002,5929860.46669999976,10.09081640900,53.51270180900
"02","1","12","130","2018","04","13","2","3","2","6","0","0","1","0","0","1","0","1",572846.97510000004,5932749.73130000010,10.09922754200,53.53859670100
"02","1","13","131","2018","05","18","3","3","0","7","0","0","0","0","1","1","0","0",572823.28700000001,5932457.01690000016,10.09880205200,53.53596937200
"02","1","13","131","2018","05","09","1","3","2","2","0","0","1","0","0","0","0","0",570912.03630000004,5931355.78369999956,10.06972007700,53.52633400100
"02","1","13","131","2018","05","17","3","3","5","2","0","1","0","0","0","0","1","0",571197.50179999997,5932138.41530000046,10.07420352900,53.53332894900
"02","1","13","131","2018","05","17","4","3","5","7","0","0","1","0","0","0","0","0",571467.09299999999,5931803.57500000019,10.07819379200,53.53028312500
"02","1","13","131","2018","05","07","6","3","4","2","0","1","1","0","0","0","0","0",573534.37879999995,5931674.80159999989,10.10934548200,53.52884059700
"02","1","12","130","2018","05","10","5","3","5","2","0","1","1","0","0","0","0","0",573461.02110000001,5932630.82320000045,10.10846340300,53.53744256500
"02","6","11","612","2018","05","18","1","3","5","2","0","0","1","0","1","0","0","0",572097.80770000000,5929721.41330000013,10.08722799100,53.51148453100
"02","1","12","130","2018","05","10","3","3","3","6","0","0","1","0","1","0","0","0",573580.08900000004,5932837.79710000008,10.11030833500,53.53928595900
"02","1","14","132","2018","05","11","5","2","6","4","0","0","1","1","0","0","0","0",570494.65619999997,5932254.19230000023,10.06362732800,53.53446422300
"02","1","13","131","2018","06","12","4","3","1","6","0","0","1","0","0","0","0","0",572452.12120000005,5929999.79629999958,10.09263429900,53.51393765900
"02","1","13","131","2018","06","07","4","2","3","2","0","0","1","0","1","0","0","0",571650.97490000003,5932678.15249999985,10.08116761400,53.53811792600
"02","1","13","131","2018","06","14","2","2","5","3","0","0","1","0","0","0","0","0",572720.89670000004,5932251.66940000001,10.09720972200,53.53413810500
"02","1","13","131","2018","06","07","2","3","2","2","0","0","1","0","0","0","0","0",572853.36620000005,5932447.25320000015,10.09925354100,53.53587745600
"02","1","12","130","2018","06","18","1","3","2","6","0","0","1","0","0","0","0","0",573143.82799999998,5932838.30119999964,10.10372671000,53.53935142100
"02","1","13","131","2018","07","20","1","2","0","1","0","0","0","0","1","0","0","0",572826.01590000000,5932651.21540000010,10.09888841300,53.53771424900
"02","1","13","131","2018","07","14","4","3","3","6","0","0","1","0","0","1","0","1",571691.77020000003,5932167.45220000017,10.08166607700,53.53352268900
"02","1","13","131","2018","06","13","6","3","8","5","0","0","1","0","0","0","0","0",571339.45640000002,5930600.52190000005,10.07599450500,53.51948857500
"02","1","13","131","2018","07","05","3","3","3","2","0","1","1","0","0","0","0","0",572790.74809999997,5932466.31680000015,10.09831334800,53.53605746000
"02","1","13","131","2018","07","17","4","3","0","1","0","0","0","0","1","0","0","1",571846.20259999996,5930088.55209999997,10.08351872700,53.51481846300
"02","1","13","131","2018","06","12","4","3","5","3","0","0","1","0","0","1","0","0",572927.78500000003,5931645.80719999969,10.10018946600,53.52866456300
"02","1","12","130","2018","06","12","4","3","5","3","0","1","0","0","0","1","0","0",573841.34889999998,5932066.89690000005,10.11406798300,53.53232128000
"02","1","13","131","2018","07","20","4","2","3","7","0","0","1","0","1","0","0","0",571869.69550000003,5930064.80009999964,10.08386750800,53.51460179200
"02","1","13","131","2018","07","15","6","3","4","2","0","0","0","0","1","0","1","0",571642.95589999994,5931992.19620000012,10.08088961100,53.53195431900
"02","1","12","130","2018","08","14","7","3","2","6","0","0","1","0","0","0","0","0",573254.97880000004,5932750.33019999973,10.10538301600,53.53854534100
"02","1","13","131","2018","07","09","4","3","5","3","0","0","1","0","0","0","1","0",572787.81830000004,5932467.01559999958,10.09826931200,53.53606414600
"02","1","13","131","2018","07","20","3","3","5","3","0","0","1","0","0","0","0","0",573657.40399999998,5931923.28679999989,10.11125953000,53.53105648600
"02","1","13","131","2018","08","06","6","2","5","3","0","0","0","0","1","0","1","0",571665.30489999999,5930271.48180000018,10.08083296700,53.51648715200
"02","1","12","130","2018","08","18","3","3","5","3","0","0","1","0","0","0","1","0",573653.79969999997,5931926.27099999972,10.11120586500,53.53108381000
"02","1","12","130","2018","08","18","5","3","2","6","0","1","1","0","0","0","0","0",573342.14159999997,5932684.22379999980,10.10668249800,53.53793908400
"02","1","13","131","2018","07","12","1","2","5","3","0","0","1","0","1","0","0","0",572554.34050000005,5931759.53399999999,10.09458316600,53.52973832200
"02","1","13","131","2018","08","17","6","3","0","7","0","0","1","0","0","0","0","0",571824.23930000002,5932639.65809999965,10.08377271500,53.53774831400
"02","1","13","131","2018","08","18","3","3","5","3","0","0","1","0","0","0","0","0",573659.55070000002,5931924.60419999994,10.11129222000,53.53106802400
"02","1","14","132","2018","08","17","3","3","3","2","0","0","0","0","1","1","0","0",570721.59349999996,5932361.43250000011,10.06707495300,53.53539749600
"02","1","12","130","2018","08","07","5","3","5","3","0","1","0","0","0","0","1","1",572852.94779999997,5932740.59869999997,10.09931552300,53.53851379800
"02","1","13","131","2018","08","08","6","3","5","2","0","0","0","0","0","1","1","0",572821.16579999996,5930508.56720000040,10.09831690400,53.51845899400
"02","1","13","131","2018","08","15","4","3","3","6","0","0","1","0","0","0","0","0",571454.89419999998,5932023.49670000002,10.07805999000,53.53226122700
"02","1","13","131","2018","08","06","4","3","0","7","0","1","0","0","0","0","0","0",571868.76419999998,5930735.54870000016,10.08400733300,53.52062996100
"02","1","13","131","2018","09","10","5","3","5","3","0","1","1","0","0","0","0","0",573659.99639999995,5931924.87779999990,10.11129900700,53.53107042100
"02","1","13","131","2018","08","08","5","2","3","6","0","0","1","0","1","0","0","0",570876.48450000002,5931412.55009999964,10.06919672400,53.52684896000
"02","1","13","131","2018","09","15","7","3","5","2","0","0","1","0","1","0","0","0",572189.53720000002,5929749.42870000005,10.08861744200,53.51172372000
"02","1","12","130","2018","09","13","3","2","6","4","0","0","1","1","0","0","0","0",573152.96160000004,5932830.79250000045,10.10386275000,53.53928266900
"02","1","13","131","2018","09","16","1","3","5","3","0","0","1","0","0","0","0","0",573653.18400000001,5931920.52579999994,10.11119522700,53.53103226500
"02","1","13","131","2018","09","14","7","3","2","6","0","0","1","0","0","0","0","1",572013.60089999996,5929919.30750000011,10.08600388400,53.51327455300
"02","6","11","612","2018","10","17","6","3","3","2","0","0","1","0","0","1","0","0",572251.20400000003,5929699.26800000016,10.08953562800,53.51126445400
"02","1","14","132","2018","10","15","3","3","4","7","0","0","1","0","0","0","1","0",571038.79830000002,5932450.27440000046,10.07188031100,53.53615312400
"02","1","13","131","2018","10","06","6","3","5","3","2","0","0","0","0","1","0","0",572821.23840000003,5930508.51549999975,10.09831798700,53.51845851900
"02","1","13","131","2018","10","09","2","3","5","3","0","0","1","0","0","0","1","0",572813.10530000005,5932460.32180000003,10.09864922400,53.53600048500
"02","1","13","131","2018","10","14","5","3","2","6","0","0","1","0","0","0","1","0",572814.91390000004,5932565.38810000010,10.09870095500,53.53694446100
"02","1","13","131","2018","10","13","2","3","8","1","0","0","0","0","1","0","0","0",570999.28130000003,5931457.53920000046,10.07105900300,53.52723670300
"02","1","13","131","2018","10","08","2","2","2","6","0","0","1","0","0","1","0","0",571110.86329999997,5930832.13239999954,10.07259993800,53.52160104800
"02","1","13","131","2018","10","15","6","3","3","3","0","0","1","0","0","0","0","0",573656.76060000004,5931922.89190000016,10.11124973200,53.53105302700
"02","1","12","130","2018","10","13","2","3","2","6","0","0","1","0","0","1","0","0",573476.88390000002,5932650.26099999994,10.10870727400,53.53761503200
"02","1","13","131","2018","10","21","7","3","2","6","2","0","1","0","0","0","0","0",571678.96979999996,5932122.68350000028,10.08146273400,53.53312209800
"02","1","13","131","2018","11","08","5","2","2","2","0","0","1","0","1","0","0","0",573073.42110000004,5931088.44510000013,10.10225602300,53.52363533600
"02","1","13","131","2018","11","13","6","3","6","4","0","0","0","1","0","1","0","0",572417.10360000003,5930007.52120000031,10.09210809700,53.51401190800
"02","1","12","130","2018","12","13","6","3","1","6","0","0","1","0","0","0","0","1",573763.35170000000,5932704.44909999985,10.11304172300,53.53806186800
"02","1","12","130","2018","12","19","3","3","3","6","2","1","0","0","0","0","1","0",573784.92319999996,5932828.36469999980,10.11339637600,53.53917245700
"02","1","13","131","2018","12","17","7","3","3","6","2","0","1","0","0","0","0","1",571717.22900000005,5932247.83660000004,10.08206853600,53.53424163000
"02","1","12","130","2018","12","17","7","3","6","2","2","0","1","1","0","0","0","1",573584.37659999996,5932880.27699999977,10.11038301100,53.53966712200
"02","1","03","106","2018","01","15","6","3","2","6","0","0","1","0","0","0","0","1",564690.54229999997,5933832.85570000019,9.97639556900,53.54939892800
"02","1","03","107","2018","01","18","2","3","4","2","2","0","1","0","0","0","0","1",564794.89780000004,5933829.83970000036,9.97796976400,53.54935895500
"02","1","03","107","2018","04","03","6","2","6","7","2","0","1","1","0","0","0","0",564874.85030000005,5933817.19759999961,9.97917369600,53.54923546400
"02","1","03","107","2018","01","12","4","3","3","6","0","0","1","0","0","1","0","0",564847.59560000000,5933822.75629999954,9.97876355200,53.54928878900
"02","1","03","107","2018","03","14","3","3","5","3","0","1","1","0","0","0","0","0",564803.32750000001,5933829.32210000046,9.97809686800,53.54935326300
"02","1","03","107","2018","03","20","5","3","9","7","2","0","1","0","0","0","0","1",565158.35329999996,5933727.03089999966,9.98343320500,53.54839000700
"02","1","04","111","2018","01","22","6","3","5","3","2","1","1","0","0","0","0","1",564246.73860000004,5933995.17289999966,9.96973150300,53.55091221400
"02","1","03","106","2018","05","17","3","3","1","6","0","0","1","0","0","0","0","1",564620.69449999998,5933838.90610000025,9.97534275100,53.54946190600
"02","1","03","107","2018","02","00","1","3","2","6","2","0","1","0","0","0","0","0",564918.70750000002,5933804.47020000033,9.97983289600,53.54911565900
"02","1","03","106","2018","04","22","3","3","3","6","2","0","1","0","0","0","0","0",564333.20470000000,5933925.40290000010,9.97102204900,53.55027458200
"02","1","03","106","2018","02","13","3","3","3","6","0","0","1","0","0","1","0","0",564399.60999999999,5933890.62530000042,9.97201702600,53.54995388500
"02","1","03","107","2018","04","01","4","3","0","7","2","1","0","0","0","0","0","0",564947.72420000006,5933795.45550000016,9.98026890900,53.54903105300
"02","1","03","106","2018","03","15","6","3","6","4","0","0","1","1","0","0","0","0",564325.93779999996,5933931.21989999991,9.97091357900,53.55032775200
"02","1","03","106","2018","08","20","7","3","3","6","0","0","1","0","0","0","0","0",564463.87139999995,5933874.02579999994,9.97298338100,53.54979681400
"02","1","03","106","2018","12","10","3","3","3","2","0","1","0","0","0","0","1","1",564323.72320000001,5933932.99270000029,9.97088052300,53.55034395600
"02","1","03","106","2018","08","08","2","3","3","6","0","1","0","0","0","0","0","1",564613.29879999999,5933839.89859999996,9.97523134800,53.54947173600
"02","1","03","106","2018","10","15","7","3","2","6","0","0","1","0","0","0","0","0",564563.87980000000,5933848.41629999969,9.97448732700,53.54955436600
"02","1","03","106","2018","11","19","7","3","4","3","2","0","1","0","0","0","0","1",564494.63580000005,5933867.03729999997,9.97344620800,53.54973022900
"02","1","03","106","2018","08","19","6","3","2","6","1","0","1","0","0","0","0","0",564723.71160000004,5933830.79849999957,9.97689569800,53.54937635200
"02","1","04","111","2018","11","14","4","3","5","3","0","1","1","0","0","0","0","0",564249.86219999997,5933992.94220000040,9.96977818400,53.55089178400
"02","1","03","106","2018","11","19","7","3","3","6","2","0","1","0","0","0","1","0",564275.39090000000,5933971.68200000003,9.97015908000,53.55069758800
"02","1","03","106","2018","10","15","2","3","2","6","0","0","1","0","0","0","1","0",564510.12659999996,5933862.46129999962,9.97367903600,53.54968720000
"02","1","03","106","2018","11","14","2","3","4","2","0","0","1","0","0","0","1","0",564783.90700000001,5933830.02550000045,9.97780394100,53.54936198100
"02","1","03","106","2018","06","19","6","3","4","6","0","1","0","0","0","0","0","0",564708.42429999996,5933831.74660000019,9.97666519500,53.54938675700
"02","1","04","111","2018","11","04","6","3","5","3","2","0","1","0","0","0","0","0",564260.65700000001,5933985.23300000001,9.96993950900,53.55082117800
"02","1","03","106","2018","06","08","4","3","5","3","0","1","1","0","0","0","0","0",564599.87029999995,5933841.70069999993,9.97502907200,53.54948958400
"02","1","04","111","2018","07","15","6","3","5","2","0","1","1","0","0","0","0","0",564257.39460000000,5933987.56290000025,9.96989075400,53.55084251700
"02","1","03","106","2018","09","15","2","3","3","6","0","0","1","0","0","1","0","0",564567.59800000000,5933847.61299999990,9.97454327300,53.54954668900
"02","1","03","107","2018","08","15","3","3","4","6","0","1","0","0","0","0","0","0",565133.30929999996,5933735.02390000038,9.98305694200,53.54846494900
"02","1","03","106","2018","09","23","7","3","5","3","2","0","1","0","1","0","0","0",564487.90630000003,5933868.79889999982,9.97334501600,53.54974688700
"02","1","03","107","2018","09","08","6","3","9","7","0","0","1","0","0","0","0","0",565152.56499999994,5933728.81799999997,9.98334622900,53.54840678600
"02","1","03","106","2018","10","10","5","3","3","6","0","1","0","0","0","0","0","1",564731.74439999997,5933830.30030000024,9.97701681700,53.54937088400
"02","1","04","112","2018","01","19","5","3","3","2","2","1","1","0","0","0","0","1",564238.35219999996,5933876.37069999985,9.96958053200,53.54984552900
"02","1","03","108","2018","01","22","7","3","0","1","2","0","0","0","1","0","0","1",564973.13930000004,5934606.77570000011,9.98082105400,53.55631946600
"02","1","03","106","2018","01","19","4","3","6","2","2","0","1","1","0","0","0","1",564252.72250000003,5933902.06950000022,9.96980267700,53.55007473300
"02","1","03","106","2018","01","18","6","2","5","3","2","1","0","0","0","0","0","1",564534.52879999997,5934510.21839999966,9.97418100000,53.55550578300
"02","1","03","108","2018","02","14","4","3","1","6","0","0","1","0","0","0","0","0",564958.97239999997,5934469.51659999974,9.98057870300,53.55508763400
"02","1","03","106","2018","02","13","3","3","6","4","0","0","1","1","0","0","0","0",564273.78200000001,5933903.64499999955,9.97012081400,53.55008631500
"02","1","03","107","2018","02","21","5","3","6","2","2","0","1","1","0","0","0","1",565153.87710000004,5933732.44189999998,9.98336678400,53.54843919200
"02","1","03","106","2018","02","01","5","3","0","7","2","1","0","0","0","0","0","0",565149.71400000004,5934763.51769999973,9.98351883000,53.55770626200
"02","1","04","109","2018","03","18","5","3","3","2","1","1","1","0","0","0","0","0",564414.34730000002,5934685.30979999993,9.97240317100,53.55709414100
"02","1","03","107","2018","04","13","3","3","0","7","0","1","1","0","0","0","0","0",565041.80440000002,5934390.38559999969,9.98181241500,53.55436620700
"02","1","03","106","2018","03","13","4","3","3","6","0","0","1","0","0","0","1","0",564661.95539999998,5934201.29629999958,9.97604036300,53.55271373200
"02","1","04","112","2018","03","21","7","3","1","7","2","0","1","0","0","0","1","0",564343.28260000004,5933637.01979999989,9.97111479900,53.54768156100
"02","1","03","108","2018","04","19","5","3","5","2","0","1","0","0","1","0","0","0",564906.47699999996,5934536.27149999980,9.97980025500,53.55569407200
"02","1","04","111","2018","04","14","6","3","0","7","0","1","1","0","0","0","0","1",564451.58089999994,5934351.11010000017,9.97289625300,53.55408602100
"02","1","03","106","2018","04","15","6","3","4","6","0","1","0","0","0","0","0","0",564869.78969999996,5934503.77740000002,9.97923978500,53.55540657400
"02","1","03","106","2018","04","09","6","3","3","6","0","0","1","0","0","0","1","0",564631.21539999999,5934653.87689999957,9.97567000500,53.55678498800
"02","1","03","106","2018","04","17","2","3","2","6","0","0","1","0","0","0","1","1",564882.79009999998,5934516.13640000019,9.97943856600,53.55551604100
"02","1","03","108","2018","04","04","1","3","5","2","2","0","1","0","0","0","0","1",565161.39919999999,5934765.23539999966,9.98369556200,53.55772024900
"02","1","03","106","2018","05","17","2","3","1","7","0","0","1","0","0","0","0","0",564696.71999999997,5934158.98000000045,9.97655627700,53.55232914000
"02","1","03","106","2018","05","16","7","3","0","7","0","1","0","0","0","0","0","0",564415.67599999998,5933618.71009999979,9.97220346800,53.54750813000
"02","1","03","106","2018","04","01","1","3","2","6","2","0","1","0","0","0","0","0",564919.53709999996,5934574.16760000028,9.98000524400,53.55603304000
"02","1","03","106","2018","05","15","6","3","5","3","0","1","1","0","0","0","0","0",564882.07649999997,5934563.74820000026,9.97943767800,53.55594402900
"02","1","04","111","2018","04","13","5","3","2","6","0","0","1","0","1","0","0","1",564246.57339999999,5934706.94309999980,9.96987529100,53.55730912800
"02","1","04","111","2018","05","21","3","3","0","1","2","0","0","0","1","0","0","0",564276.18830000004,5934018.12689999957,9.97018066100,53.55111490400
"02","1","03","106","2018","05","17","4","3","2","6","0","0","1","0","0","0","0","0",564279.04879999999,5933904.15490000043,9.97020040100,53.55009025300
"02","1","03","105","2018","05","19","2","3","6","4","0","0","1","1","0","0","0","0",564883.08609999996,5933658.86849999987,9.97926513000,53.54781149800
"02","1","03","106","2018","06","08","6","3","3","6","0","1","0","0","0","1","0","0",564699.31339999998,5934262.63080000039,9.97661686700,53.55326036000
"02","1","04","109","2018","05","07","3","3","3","2","0","1","1","0","0","0","0","0",564576.67000000004,5934622.70000000019,9.97484028000,53.55651150500
"02","1","04","111","2018","05","08","3","3","2","6","0","0","1","0","1","0","0","0",564331.42940000002,5934695.64190000016,9.97115376100,53.55719716800
"02","1","03","108","2018","05","17","2","3","5","2","0","0","1","0","0","0","0","0",565162.23120000004,5934770.38069999963,9.98370919300,53.55776638800
"02","1","03","108","2018","05","10","5","3","3","2","0","1","1","0","0","0","0","0",565154.23120000004,5934779.35419999994,9.98359031300,53.55784802800
"02","1","04","111","2018","05","18","6","3","3","6","0","0","1","0","1","0","0","0",564353.95389999996,5934692.00129999965,9.97149299000,53.55716168800
"02","1","04","109","2018","06","16","5","3","3","7","0","0","1","0","0","0","1","1",564271.20479999995,5934704.19629999995,9.97024650700,53.55728142600
"02","1","04","111","2018","06","03","1","3","3","7","2","1","1","0","0","0","0","0",564304.53260000004,5934070.81680000015,9.97061925800,53.55158497400
"02","1","03","106","2018","06","13","7","3","0","1","0","0","0","0","1","0","0","1",564809.17799999996,5934289.80399999954,9.97828060800,53.55349102200
"02","1","03","106","2018","06","17","3","3","5","3","0","1","1","0","0","0","0","0",564856.22609999997,5934359.78710000031,9.97900519400,53.55411416900
"02","1","03","106","2018","06","08","7","3","2","6","0","0","1","0","0","0","0","1",564262.58750000002,5933902.80750000011,9.96995170300,53.55008015900
"02","1","03","108","2018","06","19","3","3","1","7","0","1","1","0","0","0","0","0",565084.39520000003,5934531.09709999990,9.98248452100,53.55562554000
"02","1","03","108","2018","06","21","4","3","0","7","0","1","0","0","0","0","0","0",565099.90330000001,5934532.07600000035,9.98271879000,53.55563241400
"02","1","04","109","2018","07","02","1","3","2","7","2","0","1","0","0","0","0","0",564730.37500000000,5934768.57949999999,9.97719043100,53.55780363300
"02","1","03","106","2018","07","08","6","3","5","2","0","1","0","0","0","0","1","0",564792.69909999997,5933814.07560000010,9.97793331700,53.54921755000
"02","1","03","108","2018","07","14","3","3","3","6","0","0","1","0","0","0","0","0",565060.54339999997,5934684.42480000015,9.98215643800,53.55700649300
"02","1","03","106","2018","08","17","6","3","2","6","0","0","1","0","1","0","0","0",564891.56629999995,5934552.90959999990,9.97957866000,53.55584544700
"02","1","03","108","2018","08","19","1","3","8","1","0","0","0","0","1","0","0","0",564986.57799999998,5934619.57479999959,9.98102655000,53.55643283100
"02","1","03","106","2018","08","08","5","3","3","7","0","0","1","0","1","0","0","0",564276.45759999997,5934018.70449999999,9.97018484400,53.55112006200
"02","1","03","106","2018","07","20","3","3","5","2","0","0","1","0","0","0","1","0",564423.55270000000,5934297.34719999973,9.97246215500,53.55360627900
"02","1","03","106","2018","07","18","1","3","5","3","0","1","1","0","0","0","0","0",564882.60019999999,5934563.15000000037,9.97944545800,53.55593858800
"02","1","03","106","2018","09","22","2","3","0","3","2","1","0","0","1","0","0","0",564450.65000000002,5933630.32870000042,9.97273362900,53.54760825800
"02","1","03","108","2018","09","17","2","3","4","2","0","0","1","0","0","0","0","0",565161.75809999998,5934770.14230000041,9.98370200300,53.55776430400
"02","1","03","107","2018","08","10","2","3","5","3","0","0","1","0","1","0","0","1",565156.12190000003,5934251.34989999980,9.98350879200,53.55310248000
"02","1","03","106","2018","09","18","6","3","3","6","0","1","1","0","0","0","0","0",564636.02090000000,5933880.84040000010,9.97558271000,53.54983689500
"02","1","04","112","2018","08","21","4","3","6","3","2","1","1","1","0","0","0","0",564250.46620000002,5933849.53430000041,9.96975783200,53.54960285900
"02","1","03","108","2018","09","07","3","2","0","7","1","1","0","0","0","0","0","0",564854.93500000006,5934483.60969999991,9.97901139800,53.55522715700
"02","1","03","106","2018","09","13","7","3","0","6","0","0","0","0","0","0","1","0",564862.60560000001,5934494.02379999962,9.97912933100,53.55531980300
"02","1","03","106","2018","10","16","1","3","6","4","0","1","0","1","0","0","0","0",564371.87840000005,5934198.22670000046,9.97166185500,53.55272179200
"02","1","03","106","2018","10","04","5","3","1","5","2","0","1","0","0","0","0","0",565044.42279999994,5934690.71750000026,9.98191443000,53.55706504500
"02","1","03","106","2018","10","07","6","3","2","2","0","0","1","0","0","0","0","0",564714.34750000003,5934728.61529999971,9.97694023800,53.55744644000
"02","1","03","106","2018","10","18","3","2","6","4","0","0","0","1","1","0","0","1",564335.57149999996,5934128.71640000027,9.97109960200,53.55210153200
"02","1","04","111","2018","10","17","4","3","3","7","0","0","1","0","1","0","0","0",564272.44360000000,5934704.05069999956,9.97026517500,53.55727996600
"02","1","04","111","2018","10","14","5","3","5","3","0","1","1","0","0","0","0","1",564511.74049999996,5934466.50640000030,9.97382803300,53.55511573200
"02","1","03","106","2018","10","23","7","2","4","2","2","0","1","0","0","0","0","1",564864.54610000004,5934522.85269999970,9.97916460100,53.55557865700
"02","1","03","106","2018","11","09","4","3","5","3","0","0","1","0","0","0","0","0",564697.21840000001,5934735.84709999990,9.97668319200,53.55751354600
"02","1","03","106","2018","10","13","3","3","5","2","0","0","1","0","0","0","0","1",564863.34640000004,5934523.16830000002,9.97914655900,53.55558164100
"02","1","03","106","2018","11","08","5","3","4","2","0","1","1","0","0","0","0","0",564772.14069999999,5933924.45940000005,9.97764593900,53.55021213700
"02","1","03","107","2018","10","14","2","3","5","3","0","1","1","0","0","0","0","0",564990.71059999999,5933795.39329999965,9.98091759400,53.54902517500
"02","1","04","109","2018","11","07","4","3","6","6","1","1","0","1","0","0","0","0",564427.90139999997,5934675.39350000024,9.97260570800,53.55700335700
"02","1","04","109","2018","11","13","4","3","5","3","0","0","1","0","0","0","0","0",564623.10569999996,5934846.89230000041,9.97558751000,53.55852067000
"02","1","03","106","2018","11","15","3","3","0","2","0","1","1","0","0","0","0","1",564349.96840000001,5934156.24039999954,9.97132254400,53.55234713400
"02","1","04","111","2018","11","17","5","3","2","6","2","0","1","0","0","0","0","0",564466.97649999999,5934662.18609999958,9.97319276900,53.55687986100
"02","1","03","108","2018","12","17","7","3","5","3","2","1","1","0","0","0","0","0",565047.49500000000,5934399.68499999959,9.98190023600,53.55444907800
"02","1","03","106","2018","12","19","5","3","0","1","2","0","0","0","1","0","0","1",564723.07499999995,5934145.42320000008,9.97695121900,53.55220405300
"02","1","03","106","2018","12","22","1","2","6","4","2","0","1","1","0","0","0","1",564266.68969999999,5933903.11440000031,9.97001367300,53.55008241500
"02","1","08","124","2018","05","17","2","3","5","3","0","1","1","0","0","0","0","0",569424.98360000004,5934218.29889999982,10.04792694500,53.55225829600
"02","1","08","124","2018","01","16","1","3","2","6","1","0","1","0","0","0","0","1",568990.27500000002,5934250.78839999996,10.04137365300,53.55260758600
"02","1","08","124","2018","02","19","6","3","2","6","2","0","1","0","0","0","0","1",569543.31480000005,5934196.16600000020,10.04970782900,53.55204372500
"02","1","08","124","2018","04","09","6","3","1","6","0","0","1","0","0","0","0","0",569578.64009999996,5934189.34740000032,10.05023942400,53.55197776500
"02","1","08","125","2018","02","19","3","3","3","6","2","0","1","0","0","0","0","2",569937.69209999999,5934122.31170000043,10.05564305200,53.55132760400
"02","1","08","124","2018","07","12","3","3","6","4","0","0","0","1","0","0","1","0",569082.60679999995,5934253.77749999985,10.04276776300,53.55262230800
"02","1","08","125","2018","11","17","3","3","2","6","2","0","1","0","0","0","1","1",569859.05799999996,5934138.50980000012,10.05445998500,53.55148364600
"02","1","08","124","2018","12","13","4","3","2","6","0","0","1","0","0","0","0","0",569803.28240000003,5934148.47919999994,10.05362048500,53.55158066000
"02","1","08","124","2018","12","20","7","3","2","6","2","0","1","0","0","0","0","1",569512.33230000001,5934202.17719999980,10.04924159300,53.55210185100
"02","1","08","124","2018","10","14","3","3","2","6","0","0","1","0","0","1","0","1",569266.45900000003,5934245.52689999994,10.04554058600,53.55252393500
"02","1","08","124","2018","01","15","2","3","2","6","0","0","1","0","0","0","0","0",569370.94530000002,5934561.07859999966,10.04718748500,53.55534603000
"02","1","08","126","2018","01","00","6","3","5","3","2","0","1","0","0","0","0","1",569023.18389999995,5934066.58920000028,10.04182964200,53.55094784300
"02","1","08","126","2018","04","10","3","3","5","2","0","0","1","0","1","0","0","0",569018.78020000004,5934066.08349999972,10.04176307300,53.55094387700
"02","1","08","124","2018","04","16","4","3","1","6","0","0","1","0","1","0","0","0",569906.44810000004,5934542.05520000029,10.05526540000,53.55510402700
"02","1","08","124","2018","04","22","7","3","1","7","2","0","1","0","0","0","0","0",569028.70259999996,5934386.98209999967,10.04198366500,53.55382652200
"02","1","06","118","2018","05","00","6","3","5","3","2","0","1","0","0","0","0","0",569012.33959999995,5934073.64059999958,10.04166754500,53.55101264000
"02","1","08","122","2018","05","11","4","3","2","2","0","0","1","0","0","0","0","0",569709.91200000001,5934561.31159999967,10.05230345500,53.55530322100
"02","1","08","124","2018","05","17","5","3","5","3","0","1","0","0","0","0","0","0",569535.41319999995,5934350.06919999979,10.04962281300,53.55342791200
"02","1","08","124","2018","05","05","5","3","5","5","0","0","1","0","0","0","0","0",569562.66480000003,5934437.21439999994,10.05005348500,53.55420748300