ULAND,UREGBEZ,UKREIS,UGEMEINDE,UJAHR,UMONAT,USTUNDE,UWOCHENTAG,UKATEGORIE,UART,UTYP1,ULICHTVERH,IstRad,IstPKW,IstFuss,IstKrad,IstGkfz,IstSonstig,STRZUSTAND,LINREFX,LINREFY,XGCSWGS84,YGCSWGS84
"02","1","08","121","2018","08","23","6","2","9","1","2","0","1","0","0","0","0","0",569029.59640000004,5934570.34190000035,10.04203764500,53.55547427800
"02","1","08","124","2018","09","18","6","3","4","2","0","1","1","0","0","0","0","0",569589.68449999997,5934556.40220000036,10.05048780800,53.55527505200
"02","1","08","126","2018","10","08","2","3","3","2","0","0","1","0","0","0","1","0",568997.45460000006,5934107.32760000043,10.04145034600,53.55131734500
"02","1","08","124","2018","10","10","5","3","6","4","0","0","0","1","0","0","1","1",569064.88729999994,5934567.61340000015,10.04256968000,53.55544511500
"02","1","08","124","2018","12","07","4","2","5","3","2","1","1","1","0","0","0","2",569063.92240000004,5934567.70569999982,10.04255513700,53.55544607100
"02","1","08","122","2018","12","18","6","3","6","4","2","0","1","1","0","0","0","1",569672.63119999995,5934563.06859999988,10.05174118000,53.55532396100
"02","1","06","115","2018","04","06","3","3","3","6","0","0","1","0","0","0","0","0",567862.39179999998,5933143.36589999963,10.02411152400,53.54280200400
"02","1","06","115","2018","04","09","3","3","2","6","0","0","0","0","0","1","1","0",567344.33149999997,5933424.16940000001,10.01635528700,53.54539232400
"02","1","14","133","2018","04","07","7","2","9","1","0","0","1","0","0","0","0","0",568348.60179999995,5932601.79690000042,10.03132930900,53.53787179000
"02","1","06","115","2018","04","19","1","3","3","2","0","0","1","0","0","0","0","0",567336.10499999998,5933430.46289999969,10.01623250900,53.54544994000
"02","1","06","115","2018","05","19","4","3","2","6","0","0","1","0","0","0","0","0",567888.90229999996,5933134.97750000004,10.02450970300,53.54272319000
"02","1","06","115","2018","03","11","3","3","2","6","0","0","1","0","0","0","0","0",568015.54260000004,5933093.54430000018,10.02641148300,53.54233443700
"02","1","14","133","2018","02","16","2","3","2","6","0","0","1","0","0","0","1","1",568187.43209999998,5932295.41100000031,10.02883105000,53.53513919500
"02","1","06","117","2018","05","17","4","2","6","7","0","1","0","1","0","0","0","0",568268.89720000001,5933442.97350000031,10.03031040100,53.54544193900
"02","1","06","115","2018","03","07","5","3","8","7","0","0","1","0","0","0","0","0",567415.35719999997,5933401.73359999992,10.01742218000,53.54518157600
"02","1","06","117","2018","01","22","4","3","2","6","2","0","1","0","0","0","1","0",568377.05599999998,5933222.83509999979,10.03189431500,53.54344945100
"02","1","06","115","2018","01","14","2","3","2","6","0","0","1","0","0","0","0","1",567911.46820000000,5933127.83729999978,10.02484863400,53.54265610200
"02","1","06","115","2018","03","15","6","3","2","6","0","0","1","0","0","0","0","0",567524.34129999997,5933318.93379999977,10.01904879000,53.54442343700
"02","1","06","117","2018","03","17","3","3","5","3","0","0","1","0","0","0","0","0",568277.98419999995,5933424.10039999988,10.03044339800,53.54527114200
"02","1","06","115","2018","04","16","3","3","2","6","0","0","1","0","0","0","0","0",567909.08109999995,5933128.59260000009,10.02481278100,53.54266319900
"02","1","14","133","2018","07","09","5","3","4","6","0","1","0","0","0","0","0","0",568160.53390000004,5932189.88499999978,10.02840229300,53.53419430500
"02","1","06","117","2018","06","13","5","3","3","6","0","0","1","0","0","0","0","0",568357.35040000000,5933260.62650000025,10.03160524400,53.54379165300
"02","1","06","117","2018","10","07","6","3","0","6","1","0","1","0","1","0","0","0",568304.36049999995,5933369.67239999957,10.03082950900,53.54477855900
"02","1","15","134","2018","08","09","3","3","2","6","0","0","1","0","0","0","1","0",567946.32629999996,5931784.87839999981,10.02508299600,53.53058218500
"02","1","14","133","2018","09","19","6","2","3","6","1","0","1","0","1","0","0","0",568318.51300000004,5932538.29299999960,10.03086150800,53.53730498400
"02","1","02","104","2018","10","17","5","3","2","6","1","0","1","0","1","0","0","0",568031.68620000000,5931999.22950000037,10.02641714900,53.53249755200
"02","1","14","132","2018","06","11","5","3","1","6","0","0","1","0","0","0","0","0",568309.85840000003,5932934.04019999970,10.03081734000,53.54086275200
"02","1","02","104","2018","08","15","3","3","2","6","0","0","1","0","0","0","0","0",568063.69090000005,5932004.99419999961,10.02690118400,53.53254521500
"02","1","06","115","2018","08","18","2","3","2","6","0","0","1","0","0","0","0","0",568191.12710000004,5933015.85900000017,10.02904379800,53.54161349900
"02","1","06","117","2018","09","01","1","3","1","6","2","0","1","0","0","0","0","1",568304.91749999998,5933410.96719999984,10.03084693200,53.54514960900
"02","1","02","104","2018","06","14","1","2","1","6","0","0","0","0","1","0","0","0",568130.49100000004,5932185.59829999972,10.02794815400,53.53415967700
"02","1","06","117","2018","07","13","4","3","6","4","0","1","0","1","0","0","0","0",567953.48820000002,5933132.86180000007,10.02548373600,53.54269582300
"02","1","06","115","2018","12","18","5","3","5","3","2","1","1","0","0","0","0","0",567313.34069999994,5933452.86919999961,10.01589383300,53.54565422800
"02","1","15","134","2018","12","17","3","3","6","4","2","0","1","1","0","0","0","0",567920.38760000002,5931787.04910000041,10.02469220700,53.53060504700
"02","1","02","104","2018","06","10","2","3","3","6","0","0","1","0","0","1","0","0",568028.49360000005,5931939.12899999972,10.02635592900,53.53195783100
"02","1","06","115","2018","06","09","2","3","6","4","0","0","1","1","0","0","0","0",567550.56120000000,5933323.12889999989,10.01944532700,53.54445776700
"02","1","02","104","2018","07","08","3","3","3","6","0","1","0","0","0","0","0","0",568125.42429999996,5932175.93640000001,10.02786961900,53.53407350100
"02","1","14","133","2018","07","16","2","3","5","3","0","0","0","0","0","0","1","0",568294.05770000000,5932567.46650000010,10.03049893300,53.53757035100
"02","1","06","115","2018","07","20","6","3","5","2","1","0","1","0","0","0","1","0",567712.02260000003,5933207.60560000036,10.02185660400,53.54339874600
"02","1","06","116","2018","05","13","3","3","2","6","0","0","1","0","0","0","0","0",567728.18339999998,5933197.73610000033,10.02209831000,53.54330796300
"02","1","06","115","2018","07","21","4","3","2","2","1","0","1","0","0","0","0","1",567726.69970000000,5933221.79629999958,10.02208113300,53.54352438800
"02","1","14","133","2018","09","08","2","2","3","2","0","1","1","0","0","0","0","0",568363.43130000005,5932776.72180000041,10.03159125300,53.53944193700
"02","1","06","117","2018","11","05","3","3","1","6","2","0","1","0","0","0","0","0",568374.27760000003,5933228.16359999962,10.03185355700,53.54349770100
"02","1","06","117","2018","09","20","1","3","1","6","2","0","1","0","0","0","0","0",567939.60069999995,5933137.82160000037,10.02527527400,53.54274219400
"02","1","06","115","2018","06","23","6","3","2","6","2","0","1","0","0","0","0","0",567931.19230000000,5933121.42270000000,10.02514484500,53.54259590200
"02","1","06","117","2018","01","07","2","3","2","6","2","0","1","0","0","0","0","0",568172.24540000001,5933375.97989999969,10.02883739500,53.54485241300
"02","1","17","138","2018","01","09","3","3","2","6","0","0","1","0","0","0","0","1",567638.07070000004,5931828.30499999970,10.02044264400,53.53101224100
"02","1","14","133","2018","02","18","7","3","1","6","2","0","1","0","0","0","0","0",568322.20970000001,5932661.66239999980,10.03094421400,53.53841324400
"02","1","02","104","2018","02","11","2","3","3","6","0","0","1","0","0","0","0","0",568096.80279999995,5932068.05860000011,10.02741438600,53.53310769500
"02","1","15","134","2018","02","01","5","3","7","7","2","0","1","0","0","0","0","1",567926.54559999995,5931748.45529999956,10.02477672000,53.53025740200
"02","1","06","116","2018","03","18","6","2","0","3","1","0","1","0","1","0","0","0",567962.00249999994,5933237.47489999980,10.02563493100,53.54363489600
"02","1","06","116","2018","03","17","5","3","6","7","0","0","1","1","0","0","0","1",567687.47869999998,5933334.91799999960,10.02151382100,53.54454608900
"02","1","02","104","2018","04","07","4","3","5","3","0","1","1","0","0","0","0","0",568095.11080000002,5932148.34750000015,10.02740633000,53.53382948500
"02","1","02","104","2018","04","01","1","3","0","7","2","0","0","0","1","0","1","0",566936.59160000004,5932605.37189999968,10.01002757000,53.53808574900
"02","1","02","104","2018","05","11","3","2","9","1","0","0","0","0","1","0","0","0",566520.13569999998,5933272.67349999957,10.00388648100,53.54413584500
"02","1","02","104","2018","05","13","6","3","5","3","0","1","1","0","0","0","0","0",568095.63959999999,5932148.18730000034,10.02741427200,53.53382797700
"02","1","14","133","2018","05","18","2","2","5","3","0","1","1","0","0","0","0","0",568349.75000000000,5932742.30999999959,10.03137732500,53.53913445300
"02","1","15","134","2018","05","19","3","3","8","1","0","0","1","0","0","0","0","0",567664.38930000004,5931737.92929999996,10.02082010400,53.53019662800
"02","1","14","133","2018","05","11","2","2","5","3","0","0","0","0","1","1","0","0",568192.41859999998,5932776.37110000011,10.02901108500,53.53946101500
"02","1","06","115","2018","06","07","4","3","5","3","0","1","0","0","0","0","0","0",566724.29200000002,5933463.88499999978,10.00700776800,53.54582840500
"02","1","02","104","2018","07","17","1","3","2","6","0","0","1","0","0","0","0","0",567755.01309999998,5932334.67459999956,10.02231623600,53.53554801300
"02","1","14","133","2018","07","09","5","3","1","6","0","0","1","0","0","0","0","0",568343.87919999997,5932590.77749999985,10.03125565400,53.53777337100
"02","1","06","117","2018","08","16","4","3","5","3","0","0","1","0","1","0","0","0",567882.91090000002,5933458.77060000040,10.02448957200,53.54563394700
"02","1","02","104","2018","08","18","2","3","3","2","0","0","1","0","1","0","0","0",566690.20979999995,5933322.24940000009,10.00646328400,53.54455982500
"02","1","02","104","2018","08","16","3","3","2","6","0","0","1","0","0","0","0","0",566746.80299999996,5932855.41990000010,10.00721761700,53.54035713600
"02","1","06","116","2018","09","17","3","3","5","3","0","0","1","0","1","0","0","0",567677.16570000001,5933357.09740000032,10.02136300700,53.54474674800
"02","1","02","103","2018","09","12","5","3","5","2","0","1","0","0","0","0","1","0",566316.80290000001,5933354.95189999975,10.00083585000,53.54490101600
"02","1","02","104","2018","10","16","2","3","5","3","0","0","1","0","1","0","0","0",566737.32579999999,5932876.82589999959,10.00707919500,53.54055072100
"02","1","15","134","2018","11","05","3","2","3","6","2","0","1","0","0","1","0","1",567964.27940000000,5931818.96449999977,10.02536120100,53.53088620100
"02","1","02","104","2018","10","15","4","3","1","5","0","1","1","0","0","0","0","0",567410.96080000000,5932474.99529999960,10.01715615700,53.53685336500
"02","1","06","115","2018","10","09","5","3","4","6","0","1","0","0","0","0","0","0",567085.71939999994,5933352.91899999976,10.01243772200,53.54478508300
"02","1","14","133","2018","11","15","6","3","2","6","0","0","1","0","0","0","0","0",568157.14839999995,5932236.43219999969,10.02836135800,53.53461307200
"02","1","06","116","2018","12","18","3","3","5","3","2","0","1","0","0","0","0","0",567678.46329999994,5933361.26539999992,10.02138348800,53.54478403900
"02","1","16","136","2018","01","06","2","3","9","1","2","0","1","0","0","0","0","2",570230.19750000001,5929444.66739999969,10.05900795200,53.50925015900
"02","1","16","136","2018","05","18","7","2","2","6","0","0","1","0","0","0","0","0",568699.68750000000,5927919.08019999973,10.03559920200,53.49574159400
"02","1","16","136","2018","02","15","6","3","2","6","0","0","1","0","0","0","0","1",567875.04980000004,5925754.73909999989,10.02270254400,53.47639714000
"02","1","16","136","2018","03","16","5","3","2","6","0","0","1","0","0","0","0","0",568934.34649999999,5928663.90950000007,10.03929958400,53.50240482300
"02","1","16","136","2018","02","22","6","3","9","1","2","0","1","0","0","0","0","0",568092.01110000000,5926648.96499999985,10.02616493700,53.48440576200
"02","6","11","612","2018","02","09","2","3","3","6","0","0","1","0","0","1","1","1",570988.69019999995,5929397.64800000004,10.07043250800,53.50872574000
"02","7","02","703","2018","05","17","6","3","2","6","0","0","1","0","0","1","0","0",568246.72400000005,5923472.90409999993,10.02780620200,53.45584161100
"02","1","16","136","2018","03","11","6","3","2","6","0","0","1","0","0","0","0","0",568922.57059999998,5928478.46090000030,10.03908131700,53.50073970500
"02","7","02","703","2018","01","05","2","3","9","6","2","0","1","0","0","1","0","1",567889.17209999997,5925513.63460000046,10.02286318000,53.47422844600
"02","1","16","136","2018","01","16","3","3","3","6","1","0","1","0","0","1","0","0",568611.46180000005,5929091.93269999977,10.03452609800,53.50629377200
"02","7","02","703","2018","04","02","3","3","2","6","2","0","1","0","0","1","0","1",568253.90859999997,5923322.04229999986,10.02788164000,53.45448484100
"02","1","16","136","2018","02","13","6","3","2","6","0","0","1","0","0","1","0","0",568609.83860000002,5927731.59140000027,10.03420403200,53.49406831700
"02","1","16","136","2018","05","14","1","3","2","6","0","0","1","0","0","0","0","0",568254.60490000003,5926980.33229999989,10.02868689100,53.48736278000
"02","7","02","703","2018","01","05","2","3","2","6","2","0","1","0","0","0","1","1",567899.02150000003,5925444.89090000000,10.02299669200,53.47360935700
"02","6","11","612","2018","04","17","5","2","2","6","0","0","1","0","0","1","0","0",571114.64430000004,5929339.56560000032,10.07231821800,53.50818673000
"02","1","16","136","2018","04","16","3","3","3","6","0","0","1","0","0","1","0","0",570131.71970000002,5929446.90689999983,10.05752377500,53.50928342900
"02","6","11","612","2018","02","09","2","3","2","6","0","0","1","0","0","0","1","1",570953.07900000003,5929408.78180000000,10.06989815300,53.50883060700
"02","1","16","136","2018","04","17","4","3","3","6","0","0","1","0","0","1","0","0",568495.01980000001,5927491.79999999981,10.03242124900,53.49192821900
"02","1","16","136","2018","08","09","7","3","0","7","0","0","1","0","0","1","0","0",568822.54920000001,5929124.54270000011,10.03771546700,53.50655926200
"02","1","16","136","2018","10","17","5","3","2","6","0","0","1","0","0","0","1","0",568230.03650000005,5926939.83770000003,10.02830787600,53.48700203100
"02","1","16","136","2018","08","13","6","3","2","6","0","0","1","0","0","0","0","0",568872.90300000005,5928296.71009999979,10.03829274800,53.49911278100
"02","7","02","703","2018","07","11","4","3","2","6","0","0","1","0","0","0","0","0",567970.61140000005,5924941.54330000002,10.02396620800,53.46907639500
"02","6","11","612","2018","07","05","1","3","2","6","0","0","1","0","0","0","0","0",571265.08940000006,5929295.54550000001,10.07457629300,53.50777075000
"02","1","16","136","2018","09","12","6","3","3","6","0","0","1","0","0","1","0","0",568650.29229999997,5927816.04820000008,10.03483219100,53.49482207100
"02","1","16","136","2018","08","14","6","3","2","6","0","0","1","0","0","0","0","0",568845.85739999998,5928228.71090000030,10.03787017000,53.49850519900
"02","1","16","136","2018","12","17","4","3","2","6","2","0","1","0","0","0","1","0",568897.17160000000,5928365.99639999960,10.03867376300,53.49973229200
"02","7","02","703","2018","09","13","3","2","2","6","0","0","1","0","0","1","0","0",568176.00490000006,5923849.56070000026,10.02682301800,53.45923588900
"02","1","16","136","2018","11","07","3","3","2","6","0","0","1","0","0","0","0","1",570228.47380000004,5929444.70679999981,10.05898197400,53.50925074300
"02","1","16","136","2018","08","15","1","3","2","6","0","0","1","0","0","0","0","0",568728.70739999996,5927979.56699999981,10.03604983000,53.49628141100
"02","1","16","136","2018","06","13","6","2","2","6","0","0","1","0","1","0","1","0",568922.02659999998,5928474.96920000017,10.03907235000,53.50070839500
"02","7","02","703","2018","07","13","6","3","2","6","0","0","1","0","0","0","0","0",567970.40500000003,5924943.01190000027,10.02396341700,53.46908962100
"02","1","16","136","2018","11","17","4","3","3","6","2","0","1","0","0","1","0","0",570260.53240000003,5929443.97429999989,10.05946513400,53.50923987700
"02","1","16","136","2018","07","09","3","3","1","6","0","0","1","0","0","0","0","0",568727.89789999998,5927977.90160000045,10.03603726400,53.49626654900
"02","1","16","136","2018","10","13","6","3","2","6","0","0","1","0","0","0","0","0",568628.04209999996,5927769.59769999981,10.03448669100,53.49440751400
"02","1","16","136","2018","10","12","6","3","2","6","0","0","1","0","0","0","1","0",568196.58559999999,5926914.95639999956,10.02779841400,53.48678275200
"02","1","16","136","2018","07","10","1","3","2","6","0","0","1","0","0","0","1","0",568847.43449999997,5928232.26939999964,10.03789472200,53.49853697300
"02","6","11","612","2018","08","10","1","3","2","6","0","0","1","0","0","0","0","0",571260.60490000003,5929316.82710000034,10.07451352400,53.50796261700
"02","1","16","136","2018","06","12","6","3","2","6","0","0","1","0","0","0","0","0",568727.12100000004,5927976.30300000031,10.03602520500,53.49625228400
"02","1","16","136","2018","12","11","4","3","2","6","0","0","1","0","0","0","1","1",568610.74780000001,5927733.48959999997,10.03421815000,53.49408525800
"02","7","02","703","2018","05","15","5","3","2","6","0","0","1","0","0","0","1","0",568065.05729999999,5924442.79040000029,10.02528074300,53.46458176300
"02","1","16","136","2018","08","11","7","3","2","6","0","0","1","0","0","0","0","0",568741.13659999997,5928005.13989999983,10.03624276400,53.49650961600
"02","1","16","136","2018","06","11","6","3","2","6","0","0","1","0","0","0","1","0",568861.78269999998,5928268.13379999995,10.03811886000,53.49885741600
"02","6","11","612","2018","11","16","7","3","3","6","2","0","1","0","0","0","0","1",571582.47620000003,5929385.73130000010,10.07938169900,53.50853814800
"02","6","11","612","2018","05","19","7","3","2","6","0","0","1","0","0","0","1","0",571392.37130000000,5929262.65780000016,10.07648766200,53.50745792100
"02","7","02","703","2018","10","06","3","3","2","6","1","0","1","0","0","0","0","1",567938.99380000005,5925306.22439999972,10.02356883700,53.47235796700
"02","1","16","136","2018","10","00","5","3","3","6","2","0","1","0","0","1","0","0",570223.51610000001,5929444.82010000013,10.05890725600,53.50925242300
"02","7","02","703","2018","07","13","6","3","2","6","0","0","1","0","0","0","0","0",567970.60750000004,5924941.57120000012,10.02396615500,53.46907664600
"02","7","02","703","2018","05","16","5","3","2","6","0","0","1","0","0","0","0","0",567973.97409999999,5925064.17320000008,10.02404338700,53.47017807000
"02","7","02","703","2018","08","13","1","3","2","6","0","0","1","0","0","0","0","0",568196.20010000002,5923628.93680000026,10.02707927800,53.45725046500
"02","6","11","612","2018","12","18","4","3","3","6","2","0","1","0","0","1","0","1",571612.57140000002,5929249.17800000031,10.07980421700,53.50730683700
"02","1","16","136","2018","12","21","6","3","8","1","2","0","1","0","0","0","0","1",568472.47210000001,5927490.63910000026,10.03208119700,53.49192072100
"02","1","16","136","2018","09","17","2","3","0","6","0","0","1","0","0","0","1","0",568740.63850000000,5929279.76489999983,10.03651466500,53.50796498600
"02","1","16","136","2018","07","13","2","3","2","6","0","0","1","0","0","0","0","0",568488.49360000005,5927478.23249999993,10.03231993700,53.49180713500
"02","7","02","703","2018","06","05","6","3","9","1","1","0","1","0","0","1","0","1",567900.16819999996,5925436.88769999985,10.02301223600,53.47353728200
"02","1","16","136","2018","06","08","7","3","2","6","0","0","1","0","0","0","0","0",568728.26309999998,5927978.65280000027,10.03604293300,53.49627325300
"02","1","16","136","2018","07","10","6","3","2","6","0","0","1","0","0","0","0","0",570759.31090000004,5929443.62110000011,10.06698475500,53.50916982100
"02","1","16","136","2018","02","14","5","3","9","1","0","0","0","0","0","0","1","0",568237.08530000004,5928768.37949999981,10.02881182000,53.50343464100
"02","7","02","703","2018","04","19","7","2","8","1","0","0","0","0","1","0","0","0",568104.48999999999,5925245.75820000004,10.02604865600,53.47179316000
"02","7","02","703","2018","04","12","1","3","5","2","0","1","0","0","0","0","0","0",569440.60999999999,5924654.37000000011,10.04604402900,53.46630371400
"02","6","13","614","2018","05","12","4","2","4","2","0","1","1","0","0","0","0","0",570279.67020000005,5926333.65490000043,10.05905687800,53.48128444000
"02","1","16","136","2018","06","21","6","3","6","4","1","0","0","1","0","0","1","1",568138.66500000004,5928771.16420000046,10.02732880200,53.50347242800
"02","6","11","612","2018","06","16","6","3","0","1","0","0","0","0","1","0","0","0",571549.79050000000,5928474.70959999971,10.07868104000,53.50035518000
"02","6","13","614","2018","06","10","3","2","5","2","0","0","1","0","0","0","1","0",569893.61769999994,5927663.50470000040,10.05353660500,53.49328743100
"02","6","13","614","2018","08","17","2","2","6","4","0","0","1","1","0","0","0","0",570212.60210000002,5926400.80090000015,10.05806142200,53.48189684300
"02","1","16","135","2018","08","01","2","3","8","1","2","0","1","0","0","0","0","0",569156.26699999999,5929302.37299999967,10.04278562500,53.50811367300
"02","6","12","613","2018","07","14","2","3","5","3","0","0","1","0","0","0","0","0",570667.19409999996,5927453.34819999989,10.06514752400,53.49129539500
"02","1","16","135","2018","09","17","5","3","0","3","0","1","0","0","0","0","1","0",570090.36140000005,5925722.61170000024,10.05606830100,53.47581813000
"02","6","11","612","2018","09","11","5","2","4","2","0","1","1","0","0","0","0","0",571643.57189999998,5928621.51779999956,10.08012814600,53.50166179100
"02","1","16","136","2018","09","18","7","3","9","1","0","0","1","0","0","0","0","1",568811.21499999997,5928974.05470000021,10.03751157000,53.50520828100
"02","7","02","703","2018","11","20","7","3","8","7","2","0","1","0","0","0","0","0",568111.05599999998,5925253.09499999974,10.02614915200,53.47185824900
"02","1","16","136","2018","11","10","6","3","5","3","0","1","1","0","0","0","0","0",567891.79550000001,5928093.02639999986,10.02346059400,53.49740976900
"02","1","07","120","2018","05","06","5","3","1","5","0","0","1","0","0","0","0","0",568828.43999999994,5934944.52400000021,10.03908403400,53.55886350500
"02","1","08","121","2018","02","15","7","3","0","7","0","0","0","1","0","0","1","1",568860.90579999995,5934804.67169999983,10.03954325800,53.55760238000
"02","1","07","120","2018","12","08","3","3","2","6","0","0","1","0","0","0","0","1",568814.23569999996,5934989.05069999956,10.03887943900,53.55926553300
"02","1","07","120","2018","10","15","4","3","5","3","0","1","0","0","0","1","0","0",568031.23100000003,5934624.99700000044,10.02698137500,53.55609580500
"02","4","07","417","2018","11","14","5","3","3","6","0","0","1","0","0","1","0","1",568186.59230000002,5935109.04949999973,10.02943186000,53.56042589100
"02","4","07","417","2018","10","15","7","3","8","7","0","0","1","0","0","0","0","0",568144.47210000001,5935074.77960000001,10.02878859900,53.56012337300
"02","1","07","120","2018","07","18","1","3","4","2","0","0","1","0","1","0","0","0",568809.01560000004,5935003.89680000022,10.03880391400,53.55939964100
"02","4","07","417","2018","06","17","5","3","2","6","0","0","1","0","0","0","0","0",568179.80880000000,5935103.36429999955,10.02932822500,53.56037567800
"02","1","08","121","2018","11","09","2","3","5","3","0","0","1","0","0","0","0","1",568855.58429999999,5934828.05159999989,10.03946808900,53.55781319500
"02","1","07","120","2018","11","08","4","3","4","2","0","1","1","0","0","0","0","0",568756.72540000000,5935115.92599999998,10.03803928500,53.56041331200
"02","4","07","417","2018","07","09","2","3","5","3","0","1","1","0","0","0","0","0",567965.29799999995,5934938.08139999956,10.02605432500,53.55891807900
"02","4","07","417","2018","07","15","1","3","0","6","0","0","1","0","0","0","1","0",568135.79440000001,5935068.25530000031,10.02865619100,53.56006586500
"02","4","07","416","2018","09","17","7","3","5","3","0","0","1","0","0","0","0","0",567980.57510000002,5934731.82550000027,10.02624005600,53.55706245000
"02","1","07","120","2018","08","07","6","3","5","2","0","1","1","0","0","0","0","0",568822.06460000004,5934964.41789999977,10.03899218400,53.55904312900
"02","4","07","417","2018","10","20","1","3","6","2","2","0","1","1","0","0","0","0",567968.41159999999,5934940.30140000023,10.02610180500,53.55893762800
"02","1","07","120","2018","09","10","5","3","5","3","0","0","1","0","0","0","0","0",568753.97880000004,5935121.23849999998,10.03799899500,53.56046141600
"02","1","07","120","2018","01","07","7","2","5","3","2","1","1","0","0","0","0","1",568901.12710000004,5934628.05429999996,10.04011140700,53.55600982300
"02","4","07","416","2018","01","19","2","3","2","6","2","0","1","0","0","0","0","1",567954.20140000002,5934940.25490000006,10.02588730500,53.55893905000
"02","1","07","120","2018","03","19","5","3","5","3","2","1","1","0","0","0","0","1",568312.35049999994,5934715.96810000017,10.03124420800,53.55687686600
"02","1","07","120","2018","04","13","6","3","1","5","0","1","1","0","0","0","0","0",568095.85979999998,5934665.80480000004,10.02796571200,53.55645417000
"02","1","07","120","2018","04","09","3","3","2","6","0","0","1","0","1","0","0","0",568656.42810000002,5934888.22750000004,10.03647531700,53.55838009000
"02","1","07","120","2018","05","17","4","3","2","6","0","0","1","0","0","0","0","0",568668.50470000005,5934894.48859999981,10.03665897500,53.55843477900
"02","1","07","120","2018","04","13","7","3","2","6","0","0","1","0","0","0","0","0",568415.55940000003,5934792.74480000045,10.03281877900,53.55755342600
"02","4","07","417","2018","05","16","6","3","0","7","0","1","0","0","0","0","0","0",568245.95279999997,5934991.75009999983,10.03030226600,53.55936399100
"02","1","07","120","2018","05","08","2","3","6","3","0","1","0","1","0","0","0","0",568684.12210000004,5934781.51140000019,10.03686987400,53.55741739700
"02","1","08","121","2018","05","17","4","3","3","2","0","1","1","0","0","0","0","0",568832.66669999994,5934994.67410000041,10.03915887700,53.55931365500
"02","1","08","121","2018","05","23","6","3","5","3","2","1","1","0","0","0","0","0",568922.53740000003,5935089.35369999986,10.04053628100,53.56015275600
"02","1","07","120","2018","07","16","4","3","6","3","0","0","1","1","0","0","0","0",568915.37529999996,5934568.99110000022,10.04031343300,53.55547714500
"02","1","07","120","2018","07","16","5","3","5","3","0","1","1","0","0","0","0","0",568916.66579999996,5934569.27770000044,10.04033297300,53.55547955200
"02","4","07","416","2018","06","08","3","3","2","6","0","0","1","0","0","1","0","0",567918.14980000001,5935118.00210000016,10.02538177000,53.56054115500
"02","1","07","120","2018","07","18","3","3","4","2","0","1","1","0","0","0","0","0",568794.93870000006,5934996.50360000040,10.03858980800,53.55933504300
"02","4","07","417","2018","08","15","6","3","2","6","0","0","1","0","0","0","0","0",567922.14009999996,5935111.36749999970,10.02544056000,53.56048101200
"02","1","07","120","2018","09","12","5","3","2","7","0","1","1","0","0","0","0","0",568771.59580000001,5934615.66610000003,10.03815366700,53.55591547400
"02","1","07","120","2018","10","10","2","3","1","6","0","0","1","0","0","0","1","0",568386.13350000000,5934781.77529999986,10.03237223800,53.55745867600
"02","1","07","120","2018","10","17","3","3","2","6","0","0","1","0","0","0","0","1",568693.50719999999,5934924.74309999961,10.03704300900,53.55870340800
"02","1","08","121","2018","10","17","4","3","8","1","0","0","0","0","1","0","0","0",568839.78529999999,5935002.25210000016,10.03926799600,53.55938082500
"02","4","07","417","2018","10","13","4","3","6","7","0","0","1","1","0","0","0","0",568220.84990000003,5934981.93609999958,10.02992121500,53.55927905400
"02","4","07","416","2018","11","15","7","3","2","6","0","0","1","0","0","0","0","0",567932.98589999997,5935055.68010000046,10.02559216700,53.55997913800
"02","1","04","112","2018","01","11","6","3","2","6","0","0","1","0","0","0","0","1",563996.14150000003,5933486.56699999981,9.96584553000,53.54637181500
"02","1","04","111","2018","02","02","6","3","6","3","2","0","1","1","0","0","0","0",563751.92079999996,5933836.70859999955,9.96223164300,53.54954836000
"02","1","04","112","2018","01","22","7","3","0","7","2","0","1","0","0","0","0","0",564409.41029999999,5933389.52709999960,9.97206171800,53.54544916100
"02","1","04","111","2018","02","03","7","3","6","4","2","0","1","1","0","0","0","1",564211.05619999999,5933899.13339999970,9.96917328000,53.55005344300
"02","1","04","112","2018","02","11","7","3","6","6","0","1","0","1","0","0","0","0",564045.02000000002,5933353.66729999986,9.96655588700,53.54517144400
"02","1","04","112","2018","03","17","5","3","2","6","2","0","1","0","0","0","0","2",563345.19730000000,5933782.64979999978,9.95608280400,53.54911174100
"02","1","04","112","2018","03","04","1","3","6","4","2","0","0","1","0","0","1","0",563374.47259999998,5933848.87669999991,9.95653801700,53.54970341300
"02","1","04","112","2018","03","04","6","3","6","6","2","1","0","1","0","0","0","0",563768.51240000001,5933804.17370000016,9.96247539300,53.54925394300
"02","2","01","201","2018","03","13","2","3","1","5","0","1","1","0","0","0","0","0",563484.24129999999,5933442.52039999980,9.95811205700,53.54603808900
"02","1","04","112","2018","04","08","2","3","3","6","0","0","1","0","0","0","1","0",563780.46010000003,5933495.67860000022,9.96259277700,53.54647994500
"02","1","04","112","2018","05","07","4","3","3","6","0","1","0","0","0","0","1","0",563590.70900000003,5933826.11189999990,9.95979663400,53.54947267300