ULAND,UREGBEZ,UKREIS,UGEMEINDE,UJAHR,UMONAT,USTUNDE,UWOCHENTAG,UKATEGORIE,UART,UTYP1,ULICHTVERH,IstRad,IstPKW,IstFuss,IstKrad,IstGkfz,IstSonstig,STRZUSTAND,LINREFX,LINREFY,XGCSWGS84,YGCSWGS84
"02","2","01","201","2018","04","01","7","3","6","2","2","0","1","1","0","0","0","0",563300.27399999998,5933829.88339999970,9.95541443200,53.54954166400
"02","1","04","112","2018","05","11","6","3","1","6","0","0","1","0","0","0","1","0",564189.62269999995,5933897.76470000017,9.96884954200,53.55004376300
"02","1","04","112","2018","06","13","6","3","0","7","0","1","0","0","0","0","0","0",563810.13870000001,5933498.19220000040,9.96304113800,53.54649893000
"02","1","04","112","2018","06","04","7","3","6","7","1","0","1","1","0","0","0","0",563417.05220000003,5933868.47649999987,9.95718456600,53.54987442100
"02","1","04","112","2018","07","00","6","3","2","6","2","0","1","0","0","0","0","0",563963.36399999994,5933501.34320000000,9.96535394300,53.54650860700
"02","1","04","112","2018","07","16","3","3","2","6","0","0","1","0","0","0","0","0",563994.58330000006,5933486.73340000026,9.96582205100,53.54637350100
"02","1","04","112","2018","07","04","7","2","6","4","2","0","1","1","0","0","0","0",563546.08829999994,5933828.42200000025,9.95912373100,53.54949883700
"02","1","04","112","2018","07","14","7","3","2","6","0","0","1","0","0","0","0","0",564059.81860000000,5933475.53210000042,9.96680415000,53.54626487700
"02","1","04","112","2018","08","21","5","3","6","4","2","0","1","1","0","0","0","0",563715.78040000005,5933488.20050000027,9.96161524000,53.54642058900
"02","1","04","111","2018","07","22","6","3","2","6","2","0","1","0","0","0","0","0",563848.10199999996,5933853.15230000019,9.96368647400,53.54968445800
"02","1","04","112","2018","08","16","6","3","6","7","0","0","0","1","0","0","1","0",564143.28009999997,5933423.98969999980,9.96805300100,53.54579146100
"02","1","04","112","2018","09","08","5","3","4","2","0","1","1","0","0","0","0","0",564103.55339999998,5933719.87170000002,9.96751418600,53.54845549800
"02","1","04","112","2018","09","16","1","3","2","6","0","0","1","0","1","0","0","0",564398.76879999996,5933389.42410000041,9.97190112100,53.54544954000
"02","1","04","112","2018","09","06","5","3","5","3","2","0","1","0","1","0","0","0",563364.92070000002,5933862.51599999983,9.95639663200,53.54982714600
"02","1","04","112","2018","09","19","5","3","4","2","0","1","1","0","0","0","0","0",563799.42039999994,5933551.80439999979,9.96289033600,53.54698206300
"02","1","04","112","2018","09","04","5","2","6","4","2","0","1","1","0","0","0","0",563492.06880000001,5933844.40160000045,9.95831176600,53.54964898600
"02","1","04","112","2018","09","09","5","3","2","6","0","0","1","0","1","0","0","0",564172.84050000005,5933455.67810000014,9.96850555900,53.54607264300
"02","1","04","112","2018","09","18","7","3","6","7","0","0","1","1","0","0","0","0",564135.42500000005,5933766.69489999954,9.96800475100,53.54887242000
"02","1","04","112","2018","09","09","6","2","1","5","0","1","1","0","0","0","0","0",564175.54890000005,5933593.78459999990,9.96857476800,53.54731351900
"02","1","04","111","2018","10","14","4","3","2","6","0","0","1","0","1","0","0","0",564039.34430000000,5933887.63520000037,9.96657958700,53.54997107600
"02","1","04","112","2018","10","05","3","3","2","6","2","1","1","0","0","0","0","0",563481.11529999995,5933836.17540000007,9.95814479500,53.54957637900
"02","1","04","111","2018","10","16","5","3","5","3","0","1","1","0","0","0","0","1",563690.60250000004,5933833.05790000036,9.96130554300,53.54952299200
"02","1","04","112","2018","11","06","1","3","2","6","2","0","1","0","1","0","0","0",563717.03189999994,5933488.35199999996,9.96163415600,53.54642179900
"02","1","04","112","2018","10","12","3","3","2","6","0","0","1","0","0","0","1","1",563630.30519999994,5933474.30179999955,9.96032259800,53.54630604100
"02","1","04","112","2018","11","23","3","3","5","2","2","0","1","0","0","0","0","0",563614.32140000002,5933825.05080000032,9.96015275300,53.54946027700
"02","1","04","112","2018","10","19","6","3","2","6","2","0","1","0","0","0","0","1",563786.00300000003,5933668.83090000041,9.96271173500,53.54803544900
"02","1","04","111","2018","10","01","4","2","1","7","2","0","1","0","0","0","0","1",563692.05889999995,5933876.80339999963,9.96133643200,53.54991597000
"02","1","04","112","2018","10","21","6","3","5","7","2","0","1","0","0","0","0","0",563772.61730000004,5933724.31730000023,9.96252105400,53.54853574900
"02","1","04","112","2018","11","06","1","3","6","7","2","0","1","1","0","0","0","0",563441.50899999996,5933864.32639999967,9.95755280500,53.54983416900
"02","1","04","112","2018","11","14","2","3","0","7","0","1","0","0","0","0","0","1",563672.42799999996,5933755.49519999977,9.96101547700,53.54882811400
"02","1","04","112","2018","12","23","7","3","6","4","2","0","1","1","0","0","0","1",564153.26229999994,5933424.36809999961,9.96820370600,53.54579364200
"02","1","04","110","2018","12","06","7","3","6","4","2","0","1","1","0","0","0","1",563428.88500000001,5933884.55900000036,9.95736639900,53.55001753100
"02","1","04","112","2018","12","11","1","3","2","6","0","0","1","0","0","0","0","1",564412.01749999996,5933389.72149999999,9.97210109900,53.54545058800
"02","1","04","112","2018","12","02","1","3","2","6","2","0","1","0","0","0","0","0",563341.16099999996,5933858.31900000013,9.95603722000,53.54979229300
"02","1","04","112","2018","12","20","4","3","2","6","2","0","1","0","0","0","0","0",563870.27529999998,5933846.96030000038,9.96401982900,53.54962611200
"02","1","04","111","2018","12","12","1","3","6","2","0","0","1","1","0","0","0","1",563754.69909999997,5933837.01699999999,9.96227363400,53.54955079400
"02","1","04","112","2018","12","02","1","3","6","4","2","0","1","1","0","0","0","1",563935.23650000000,5933858.60620000027,9.96500254300,53.54972287100
"02","1","08","121","2018","01","17","5","2","6","4","2","0","1","1","0","0","0","1",569320.86080000002,5935373.41399999987,10.04661176100,53.56265317100
"02","1","08","121","2018","01","16","3","3","6","7","0","0","1","1","0","0","0","0",569134.05790000001,5934707.53419999965,10.04364460200,53.55669349100
"02","1","08","121","2018","02","09","2","3","5","2","0","0","1","0","0","0","0","0",568939.70189999999,5934578.99129999988,10.04068279400,53.55556382400
"02","1","08","121","2018","02","10","2","3","1","5","0","1","1","0","0","0","0","0",569413.00450000004,5934958.68429999985,10.04791057400,53.55891378500
"02","1","08","121","2018","03","21","4","3","6","4","2","0","1","1","0","0","0","1",569313.40350000001,5935380.19919999968,10.04650069600,53.56271513500
"02","1","08","121","2018","03","05","6","3","5","2","2","1","1","0","0","0","0","0",569391.97309999994,5935229.08719999995,10.04765317100,53.56134669800
"02","1","08","122","2018","04","12","6","3","2","6","0","0","1","0","0","1","0","1",569357.22010000004,5934874.12799999956,10.04704980000,53.55816124500
"02","1","08","121","2018","05","19","3","3","3","6","0","0","1","0","0","1","0","1",569014.19090000005,5935138.14360000007,10.04193051500,53.56057919200
"02","1","08","121","2018","05","14","3","3","0","7","0","1","0","0","0","0","0","0",569200.89469999995,5934781.53760000039,10.04466976800,53.55734975900
"02","1","08","121","2018","06","09","5","3","3","2","0","0","1","0","1","0","0","1",569268.71380000003,5934895.10240000021,10.04571856000,53.55836143100
"02","1","08","122","2018","07","10","3","3","0","2","0","1","1","0","0","0","0","0",569533.01459999999,5934826.41629999969,10.04969257500,53.55770919800
"02","1","08","121","2018","08","14","7","3","0","7","0","0","0","0","0","0","1","0",569263.23869999999,5934848.49540000036,10.04562559100,53.55794329200
"02","1","08","121","2018","07","14","1","3","9","1","0","0","1","0","0","0","0","0",569537.94490000000,5935045.88540000003,10.04981582300,53.55968093000
"02","1","08","121","2018","10","18","6","3","2","6","0","0","1","0","1","0","0","0",569492.63879999996,5935213.94469999988,10.04916933500,53.56119729200
"02","1","08","122","2018","10","11","5","3","2","7","0","0","1","0","0","0","0","1",569597.73199999996,5934669.89099999983,10.05063453500,53.55629391700
"02","1","08","121","2018","10","11","7","3","2","6","0","0","1","0","1","0","0","0",569139.15300000005,5935339.68769999966,10.04386136100,53.56237404000
"02","1","08","121","2018","11","20","2","3","6","4","2","0","1","1","0","0","0","1",569398.17400000000,5935291.19139999989,10.04776056500,53.56190401300
"02","1","08","122","2018","11","17","5","3","5","2","2","1","1","0","0","0","0","0",569340.91540000006,5934880.84929999989,10.04680519300,53.55822380400
"02","1","08","121","2018","12","13","6","3","0","7","0","0","1","0","0","0","0","0",569190.36320000002,5934895.43460000027,10.04453602600,53.55837475000
"02","1","08","122","2018","12","14","3","3","5","2","0","1","1","0","0","0","0","0",569413.63789999997,5934857.98649999965,10.04789776900,53.55800872200
"02","1","04","111","2018","05","14","6","3","0","1","0","0","0","0","1","0","0","0",564043.45230000000,5934160.98159999959,9.96669757200,53.55242722500
"02","1","04","111","2018","05","15","3","3","3","2","0","1","1","0","0","0","0","0",563985.75820000004,5934237.83870000020,9.96584258000,53.55312499900
"02","1","04","111","2018","05","17","7","3","2","6","0","0","1","0","0","0","1","0",563978.17359999998,5934249.08800000045,9.96573041300,53.55322702400
"02","1","04","111","2018","02","12","5","3","0","3","0","1","0","0","0","0","1","0",564027.19369999995,5934181.86809999961,9.96645647400,53.55261692200
"02","1","04","111","2018","03","04","7","3","3","6","2","0","1","0","0","0","0","0",563891.48600000003,5934530.63929999992,9.96447964000,53.55576797100
"02","1","04","111","2018","03","17","5","3","6","2","0","0","0","1","0","0","1","0",564076.53200000001,5934121.43969999999,9.96718870800,53.55206781400
"02","1","04","111","2018","01","17","3","3","2","6","1","0","1","0","0","0","0","1",563861.41379999998,5934699.76219999976,9.96406030700,53.55729159100
"02","1","04","111","2018","12","09","7","3","5","3","0","1","1","0","0","0","0","1",564056.51720000000,5934144.19790000003,9.96689130900,53.55227479100
"02","1","04","111","2018","09","08","3","3","5","3","0","1","0","0","0","1","0","0",563921.87289999996,5934359.40720000025,9.96490326200,53.55422535600
"02","1","04","110","2018","08","17","3","3","2","6","0","1","0","0","0","1","0","0",563846.28579999995,5934772.00879999995,9.96384672700,53.55794273400
"02","1","04","111","2018","06","16","5","3","2","2","0","1","1","0","0","0","0","0",563869.41410000005,5934646.98049999960,9.96417027600,53.55681625200
"02","1","04","111","2018","10","23","4","3","5","7","2","0","1","0","0","0","0","1",564027.02460000000,5934182.08530000038,9.96645396600,53.55261889400
"02","1","04","111","2018","07","19","5","3","6","3","0","1","0","1","0","0","0","0",563833.08479999995,5934793.07799999975,9.96365177400,53.55813369500
"02","1","04","111","2018","12","12","3","3","2","6","0","0","1","0","0","0","1","0",563835.22560000001,5934790.22609999962,9.96368350500,53.55810780400
"02","1","04","111","2018","10","10","2","3","3","2","0","1","0","0","0","0","1","0",563893.67260000005,5934518.15089999977,9.96451009000,53.55565546800
"02","1","04","111","2018","05","12","4","3","3","2","0","1","1","0","0","0","0","0",563986.76800000004,5934236.34100000001,9.96585751400,53.55311141500
"02","1","04","111","2018","05","05","7","3","5","3","1","0","1","0","0","0","0","0",563985.62860000005,5934238.03089999966,9.96584066300,53.55312674200
"02","1","04","111","2018","05","11","5","3","1","7","0","0","1","0","1","0","0","0",564131.02679999999,5934075.76240000036,9.96800176900,53.55165064400
"02","2","02","207","2018","01","14","1","3","0","7","0","1","0","0","0","0","0","0",563996.98089999997,5934694.34640000015,9.96610541800,53.55722640700
"02","1","04","111","2018","02","03","1","3","6","2","2","0","1","1","0","0","0","1",563953.43949999998,5934122.03610000014,9.96533112800,53.55208818200
"02","2","02","207","2018","02","09","2","3","4","7","0","0","1","0","0","0","1","0",564075.79139999999,5934709.83279999997,9.96729813900,53.55735597300
"02","1","04","111","2018","03","12","5","3","6","4","0","0","1","1","0","0","0","0",563932.53709999996,5934002.90930000041,9.96499131100,53.55102009800
"02","1","04","110","2018","02","17","6","3","1","5","0","1","1","0","0","0","0","0",563734.23999999999,5934598.72080000024,9.96212016900,53.55639895700
"02","1","04","111","2018","04","09","5","3","0","4","0","0","0","1","0","1","0","1",564110.19680000003,5934711.00980000012,9.96781768800,53.55736235000
"02","1","04","111","2018","03","12","4","3","2","2","0","0","1","0","0","0","0","1",563962.30570000003,5934006.39489999972,9.96544127800,53.55104779800
"02","1","04","111","2018","03","15","2","3","1","5","0","0","1","0","0","0","0","0",564054.09640000004,5933944.94029999990,9.96681395300,53.55048429600
"02","1","04","111","2018","04","17","6","3","3","6","0","0","1","0","0","0","0","0",563945.27359999996,5934006.66229999997,9.96518429200,53.55105227600
"02","2","02","207","2018","04","17","7","3","3","6","0","1","1","0","0","0","0","0",563867.10179999995,5934732.05530000012,9.96415276000,53.55758112700
"02","1","04","111","2018","04","18","7","3","5","3","0","0","1","0","0","0","1","0",563761.80579999997,5934020.67729999963,9.96241833300,53.55120054600
"02","1","04","109","2018","05","17","1","3","3","6","0","1","0","0","0","0","0","0",564184.00379999995,5934709.86600000039,9.96893148000,53.55734305100
"02","2","02","207","2018","05","03","3","2","6","4","2","0","0","1","0","0","1","0",563825.68700000003,5934802.51599999983,9.96354203900,53.55821941700
"02","1","04","111","2018","05","20","1","3","3","3","0","1","1","0","0","0","0","0",564122.92920000001,5934710.95380000025,9.96800985700,53.55736029200
"02","1","04","111","2018","05","12","7","3","5","3","0","0","1","0","0","0","0","0",564122.63040000002,5934710.95509999990,9.96800534700,53.55736034000
"02","1","04","111","2018","06","19","1","2","0","7","0","1","0","0","0","0","1","0",563769.87899999996,5934088.17599999998,9.96255393800,53.55180619900
"02","1","04","111","2018","06","22","4","3","0","2","2","0","1","0","0","0","1","0",563868.50430000003,5934694.71430000011,9.96416629800,53.55724536100
"02","1","04","111","2018","07","22","6","3","5","7","1","1","1","0","0","0","0","0",563798.23600000003,5934016.63499999978,9.96296729900,53.55115979200
"02","1","04","110","2018","07","08","3","3","5","3","0","1","1","0","0","0","0","0",563644.74500000000,5934618.47900000028,9.96077340100,53.55658738800
"02","1","04","111","2018","08","12","6","3","1","5","0","0","1","0","0","0","0","0",563834.88230000006,5934012.62990000006,9.96351953300,53.55111934200
"02","1","04","111","2018","08","08","3","3","5","3","0","0","1","0","1","0","0","0",563745.15870000003,5933933.27199999988,9.96214928200,53.55041702800
"02","1","04","111","2018","08","10","5","3","5","2","0","1","0","0","0","1","0","0",563882.73490000004,5934673.63960000034,9.96437678400,53.55705422500
"02","1","04","110","2018","09","21","6","3","6","4","2","1","0","1","0","0","0","0",563749.74609999999,5934595.88850000035,9.96235363200,53.55637161900
"02","1","04","111","2018","10","16","2","3","3","6","0","1","1","0","0","0","0","0",563664.89020000002,5934037.62229999993,9.96095916900,53.55136459800
"02","1","04","111","2018","10","03","7","3","6","4","2","0","1","1","0","0","0","0",563611.98880000005,5933923.84289999958,9.96013765000,53.55034843700
"02","1","04","109","2018","11","15","6","3","6","7","0","1","0","1","0","0","0","0",564143.08109999995,5934710.72310000006,9.96831397800,53.55735575600
"02","1","04","111","2018","11","15","7","3","1","2","0","0","1","0","0","0","0","0",563883.62150000001,5934673.79440000001,9.96439019800,53.55705550800
"02","1","04","110","2018","12","16","4","3","6","4","1","0","1","1","0","0","0","0",563713.73499999999,5934602.85010000039,9.96181151900,53.55643855700
"02","1","04","111","2018","12","21","1","3","2","6","2","0","1","0","0","0","0","0",563774.89950000006,5934019.22470000014,9.96261564200,53.55118590100
"02","1","16","136","2018","04","12","7","3","3","6","0","0","1","0","1","0","0","0",567299.81850000005,5930315.65230000019,10.01501531300,53.51746112900
"02","1","16","136","2018","05","12","5","3","2","6","0","0","1","0","0","0","0","0",567997.67500000005,5930245.45019999985,10.02552330100,53.51674040200
"02","1","15","134","2018","04","08","3","3","2","6","0","0","1","0","0","0","0","0",568048.92599999998,5930652.17300000042,10.02638446600,53.52038906900
"02","1","16","136","2018","03","18","2","2","2","6","2","0","1","0","0","0","0","1",568522.41500000004,5929737.70060000010,10.03332485400,53.51210902400
"02","1","15","134","2018","10","13","7","2","0","6","0","0","1","0","1","0","0","0",568149.93169999996,5930484.18020000029,10.02787112200,53.51886619900
"02","1","16","136","2018","06","16","3","3","1","6","0","0","0","0","0","1","0","0",567587.30689999997,5930335.67700000014,10.01935477900,53.51760421100
"02","1","15","134","2018","08","19","5","3","8","1","1","0","1","0","0","0","0","1",567987.87349999999,5930692.55530000012,10.02547253600,53.52075989400
"02","1","16","136","2018","07","16","5","3","3","6","0","0","1","0","0","0","0","0",567639.59400000004,5930334.78980000038,10.02014304600,53.51758951200
"02","1","15","134","2018","07","11","5","3","3","6","0","0","1","0","0","1","0","0",567799.08160000003,5931409.13690000027,10.02278058700,53.52722434400
"02","1","16","136","2018","08","07","5","2","0","1","0","0","0","0","1","0","0","1",567928.94609999994,5930286.21250000037,10.02449576900,53.51711562700
"02","1","16","136","2018","07","17","5","3","2","6","0","0","1","0","0","1","0","0",567633.86439999996,5930334.90519999992,10.02005667200,53.51759128700
"02","1","16","136","2018","09","13","1","3","0","1","0","0","0","0","1","0","0","0",567361.67870000005,5930323.92059999984,10.01594990500,53.51752751500
"02","1","15","134","2018","09","16","4","3","2","6","0","0","1","0","0","0","0","0",567882.75769999996,5930889.02960000001,10.02392991600,53.52253923400
"02","1","15","134","2018","07","16","2","3","3","6","0","0","1","0","0","1","0","0",567791.50340000005,5931375.49600000028,10.02265900200,53.52692298400
"02","1","15","134","2018","01","14","5","3","5","3","0","0","1","0","0","1","0","1",568162.23049999995,5931340.24280000012,10.02824289200,53.52655820100
"02","1","15","134","2018","01","15","1","3","9","6","0","0","1","0","0","0","0","1",567831.87399999995,5931609.72699999996,10.02331864600,53.52902285400
"02","1","14","132","2018","02","16","3","2","6","4","1","0","1","1","0","0","0","0",569951.98549999995,5931935.18450000044,10.05536972100,53.53166980800
"02","1","15","134","2018","01","14","6","3","2","6","0","0","1","0","0","1","0","0",567978.30020000006,5931445.30069999956,10.02549155900,53.52752620100
"02","1","14","132","2018","03","08","4","3","6","4","0","0","1","1","0","0","0","1",569951.05779999995,5931935.42499999981,10.05535578100,53.53167209300
"02","1","15","134","2018","02","06","2","3","5","3","2","1","1","0","0","0","0","0",567309.25000000000,5930643.96100000013,10.01522807500,53.52041050800
"02","1","17","138","2018","02","15","2","3","3","6","0","0","1","0","0","1","0","1",567428.79850000003,5931433.58829999994,10.01720092900,53.52749173800
"02","1","15","134","2018","02","09","4","3","9","7","0","0","0","1","0","0","1","2",567474.93810000003,5931265.99079999980,10.01786073500,53.52597958100
"02","1","15","134","2018","03","14","4","3","3","6","0","0","1","0","0","1","0","0",567889.76379999996,5931679.90429999959,10.02420704200,53.52964607500
"02","1","14","133","2018","04","11","5","3","2","2","0","0","1","0","0","0","0","0",568865.88959999999,5931993.78859999962,10.03899960300,53.53233997200
"02","1","16","136","2018","03","15","4","3","2","6","0","0","1","0","0","0","0","1",567642.38040000002,5930255.18499999959,10.02016787700,53.51687372800
"02","1","16","136","2018","04","13","2","3","5","2","0","0","1","0","0","0","0","0",567334.26800000004,5930430.17399999965,10.01555940400,53.51848595100
"02","1","15","134","2018","04","09","6","3","1","6","0","0","1","0","0","1","0","0",567215.46530000004,5930727.58249999955,10.01383170400,53.52117403500
"02","1","15","134","2018","04","17","3","3","3","6","0","1","1","0","0","0","0","0",567551.40139999997,5931577.87459999975,10.01908127100,53.52877272200
"02","1","15","134","2018","05","07","4","3","1","6","0","0","1","0","0","0","1","0",567126.31680000003,5930733.41750000045,10.01248853000,53.52123786900
"02","1","15","134","2018","04","15","6","3","1","5","0","1","1","0","0","0","0","0",567342.88029999996,5930985.20029999968,10.01580860300,53.52347299400
"02","1","14","133","2018","05","11","1","3","5","3","0","1","1","0","0","0","0","0",569008.85959999997,5931989.23220000044,10.04115523800,53.53228026300
"02","1","14","132","2018","05","14","4","3","5","3","0","1","1","0","0","0","0","0",570090.82720000006,5931901.59350000042,10.05745652100,53.53134941900
"02","1","16","136","2018","05","21","7","3","5","2","2","1","1","0","0","0","0","0",567328.35040000000,5930461.00509999972,10.01547679500,53.51876379500
"02","1","14","132","2018","06","13","3","3","3","6","0","1","0","0","0","1","0","0",569957.60389999999,5931933.72780000046,10.05545414400,53.53165596800
"02","1","16","136","2018","06","08","4","3","5","3","0","0","1","0","0","0","0","0",567332.51850000001,5930429.82890000008,10.01553294800,53.51848307300
"02","1","16","136","2018","06","06","4","2","4","2","0","0","1","0","0","0","0","0",567333.91570000001,5930432.07270000037,10.01555450000,53.51850306000
"02","1","15","134","2018","07","16","5","3","0","7","0","1","1","0","0","0","0","0",567979.96499999997,5931090.52610000037,10.02543965000,53.52433755900
"02","1","15","134","2018","06","20","6","3","4","6","0","1","0","0","0","0","0","0",568010.17460000003,5931426.89259999990,10.02596831900,53.52735664000
"02","1","17","138","2018","07","05","2","2","2","6","0","0","0","0","1","1","0","0",567383.01069999998,5931386.32679999992,10.01650014400,53.52707286200
"02","1","15","134","2018","07","18","5","3","2","6","0","0","1","0","0","0","0","0",567288.78799999994,5930827.54119999986,10.01495893600,53.52206300500
"02","1","15","134","2018","07","19","5","3","5","3","0","1","0","0","1","0","0","0",567287.02529999998,5930735.57390000019,10.01491259600,53.52123669900
"02","1","16","136","2018","07","22","2","3","1","5","2","0","1","0","0","0","0","0",567694.46080000000,5929868.63420000020,10.02086969500,53.51339300700
"02","1","15","134","2018","09","13","3","3","5","3","0","1","0","0","0","1","0","0",567178.69499999995,5930741.81400000025,10.01328023300,53.52130663800
"02","1","15","134","2018","09","13","3","3","5","3","0","0","1","0","0","1","0","0",569123.31730000000,5930835.50930000003,10.04262708400,53.52189654700
"02","1","14","132","2018","09","17","2","3","6","4","0","0","1","1","0","0","0","0",569699.22169999999,5932020.78689999972,10.05157602600,53.53247271800
"02","1","16","136","2018","09","15","3","3","2","6","0","0","1","0","0","0","0","0",567440.23329999996,5930455.71970000025,10.01716283400,53.51870195100
"02","1","15","134","2018","08","20","6","3","0","6","2","0","0","0","0","1","1","0",567305.35010000004,5930909.17050000001,10.01522625100,53.52279450500
"02","1","14","132","2018","09","10","7","3","0","7","0","0","0","0","0","0","1","0",569945.01630000002,5931936.99149999954,10.05526499900,53.53168697600
"02","1","15","134","2018","10","18","5","3","4","2","1","1","1","0","0","0","0","1",567556.43880000000,5930933.29179999977,10.01901819100,53.52297907400
"02","1","15","134","2018","10","14","3","3","2","6","0","0","1","0","0","1","0","1",567725.78339999996,5931725.86909999978,10.02174355600,53.53008033100
"02","1","15","134","2018","11","12","5","3","4","2","0","1","1","0","0","1","0","0",567737.91870000004,5931162.45949999988,10.02180471500,53.52501529200
"02","1","16","136","2018","11","20","7","3","5","3","2","0","1","0","0","0","0","1",567318.76100000006,5930427.11500000022,10.01532490500,53.51846044500
"02","1","16","136","2018","12","07","6","3","5","2","2","0","1","0","0","0","0","1",567585.71239999996,5930472.86000000034,10.01936032900,53.51883731000
"02","1","16","136","2018","12","14","4","3","5","2","0","0","1","0","0","1","0","0",567582.56940000004,5930469.15639999975,10.01931213500,53.51880442900
"02","1","16","136","2018","12","06","2","3","2","6","2","0","1","0","0","1","0","1",568614.14890000003,5929678.79140000045,10.03469506600,53.51156763300
"02","1","14","132","2018","04","17","2","3","1","6","0","0","1","0","0","0","0","0",568478.54350000003,5933051.08009999990,10.03338801500,53.54189264100
"02","1","06","117","2018","01","16","3","3","2","6","1","0","1","0","0","0","0","1",568167.36970000004,5933694.75769999996,10.02883330500,53.54771795000
"02","1","06","117","2018","05","18","6","3","0","7","0","0","1","0","0","0","0","0",568089.86280000000,5933854.95500000007,10.02769860000,53.54916772400
"02","1","06","117","2018","03","13","6","3","3","6","0","0","1","0","0","0","0","0",568091.59669999999,5933809.71499999985,10.02771491400,53.54876092000
"02","1","14","132","2018","02","06","3","3","3","6","2","0","1","0","0","1","0","1",568488.07120000001,5933025.95999999996,10.03352627000,53.54166564000
"02","1","06","117","2018","04","13","6","3","4","2","0","0","1","0","0","0","0","1",568383.44039999996,5933209.38320000004,10.03198770500,53.54332772500
"02","1","06","117","2018","01","18","3","3","2","6","2","0","1","0","0","0","1","1",568134.95689999999,5933721.92150000017,10.02835011100,53.54796628200
"02","1","06","117","2018","12","18","5","3","4","2","2","0","1","0","0","0","0","0",568401.68810000003,5933210.25659999996,10.03226322700,53.54333319800
"02","1","14","132","2018","09","09","3","3","3","6","0","0","1","0","0","1","0","0",568465.11190000002,5933027.39209999982,10.03318017500,53.54168150400
"02","1","14","132","2018","11","08","5","3","2","6","0","0","1","0","0","0","0","1",568456.26190000004,5933098.20519999973,10.03306214300,53.54231906600
"02","1","06","117","2018","12","15","4","3","3","6","0","0","1","0","1","0","0","1",568236.58039999998,5933551.90859999973,10.02984653100,53.54642515500
"02","1","06","117","2018","06","13","1","3","3","6","0","0","1","0","0","0","0","0",568401.66859999998,5933210.29700000025,10.03226294100,53.54333356400
"02","1","06","117","2018","11","11","6","3","5","3","0","1","1","0","0","0","0","0",568163.14280000003,5933703.48199999984,10.02877142200,53.54779690600
"02","1","06","117","2018","08","16","5","3","2","6","0","0","1","0","0","0","1","0",568128.63110000000,5933775.24839999992,10.02826627100,53.54844636000
"02","1","06","117","2018","12","05","4","3","4","2","2","1","1","0","0","0","0","0",568127.66599999997,5933777.25669999979,10.02825214500,53.54846453400
"02","1","06","118","2018","01","13","4","3","0","7","0","0","1","0","0","1","0","0",568380.54310000001,5933815.02630000003,10.03207640400,53.54877110400
"02","1","06","117","2018","01","21","7","2","6","4","2","0","1","1","0","0","0","1",567671.05140000000,5933949.44940000027,10.02139892300,53.55007110400
"02","1","06","118","2018","04","17","6","3","3","6","0","0","1","0","1","0","0","0",568621.60719999997,5933596.20249999966,10.03566614800,53.54677305700
"02","1","06","116","2018","04","08","6","3","5","3","0","1","1","0","0","0","0","0",567666.61820000003,5933889.92140000034,10.02131914000,53.54953668800
"02","1","06","117","2018","04","00","7","3","1","5","2","0","1","0","0","0","0","0",567683.79870000004,5933955.69469999988,10.02159264400,53.55012558900
"02","1","06","117","2018","04","14","6","3","5","2","0","0","1","0","1","0","0","0",568265.58340000000,5933759.82859999966,10.03032956100,53.54828999300
"02","1","06","117","2018","07","15","5","3","3","2","0","1","0","0","0","1","0","0",567738.81380000000,5933797.78079999983,10.02238866700,53.54869929600
"02","1","06","117","2018","08","14","6","3","0","3","0","0","1","0","1","0","0","0",567681.72999999998,5933896.41999999993,10.02154859500,53.54959314400
"02","1","06","117","2018","09","16","5","3","3","2","0","1","1","0","0","0","0","0",567624.43489999999,5934003.93319999985,10.02070721900,53.55056676500
"02","1","06","117","2018","09","17","3","3","6","4","0","0","1","1","0","0","0","0",568190.33689999999,5933723.86969999969,10.02918622900,53.54797660200
"02","1","06","117","2018","09","04","7","3","5","3","2","0","1","0","0","0","0","0",567657.93969999999,5933938.18719999958,10.02119861800,53.54997157900
"02","1","06","117","2018","10","19","4","3","2","6","1","0","1","0","0","0","1","0",567660.30099999998,5934007.76250000019,10.02124930800,53.55059655900
"02","1","06","117","2018","11","08","4","3","6","4","0","1","0","1","0","0","0","0",567717.97530000005,5934035.72840000037,10.02212573500,53.55084045800
"02","1","06","117","2018","12","20","5","3","2","6","2","0","1","0","0","0","0","1",567639.68570000003,5933997.76620000042,10.02093603700,53.55050937700
"02","1","01","102","2018","05","12","4","3","2","6","0","0","1","0","0","0","0","0",565311.59270000004,5933671.83090000041,9.98573413900,53.54787487100
"02","1","03","107","2018","02","09","2","3","5","3","0","1","1","0","0","0","0","1",565227.96360000002,5933702.88289999962,9.98447862400,53.54816433900
"02","1","01","102","2018","01","08","3","3","5","2","0","1","1","0","0","0","0","0",565346.38410000002,5933660.91669999994,9.98625687200,53.54777245400
"02","1","01","102","2018","02","17","4","3","2","6","0","0","1","0","0","0","0","1",565332.89939999999,5933664.85099999979,9.98605420600,53.54780949100
"02","1","01","102","2018","01","18","7","3","2","6","2","0","1","0","0","0","1","1",565310.16879999998,5933672.30159999989,9.98571275000,53.54787927900
"02","1","01","102","2018","11","23","6","3","2","6","2","0","1","0","0","0","0","0",565332.84160000004,5933664.86789999995,9.98605333700,53.54780965000