ULAND,UREGBEZ,UKREIS,UGEMEINDE,UJAHR,UMONAT,USTUNDE,UWOCHENTAG,UKATEGORIE,UART,UTYP1,ULICHTVERH,IstRad,IstPKW,IstFuss,IstKrad,IstGkfz,IstSonstig,STRZUSTAND,LINREFX,LINREFY,XGCSWGS84,YGCSWGS84
"02","1","01","102","2018","10","16","3","3","2","6","1","0","1","0","0","0","0","0",565326.18590000004,5933667.00690000039,9.98595334700,53.54782970200
"02","1","01","102","2018","12","11","5","3","5","3","0","1","1","0","0","0","0","1",565350.38879999996,5933659.74830000009,9.98631706000,53.54776145500
"02","1","03","107","2018","06","00","5","3","2","6","2","0","1","0","0","0","0","0",565213.94880000001,5933707.91089999955,9.98426818300,53.54821126800
"02","1","03","107","2018","09","08","3","2","2","6","0","1","0","0","0","0","0","0",565215.00970000005,5933707.53399999999,9.98428411400,53.54820774900
"02","1","03","107","2018","08","22","4","3","6","7","2","1","0","1","0","0","0","0",565238.77749999997,5933698.76659999974,9.98464095200,53.54812600200
"02","1","03","107","2018","06","17","3","3","2","6","0","0","1","0","0","0","0","0",565198.90780000004,5933713.25310000032,9.98404232100,53.54826114800
"02","1","03","107","2018","11","18","5","3","2","6","2","0","1","0","0","0","0","0",565165.22219999996,5933724.91019999981,9.98353641800,53.54837009500
"02","1","01","102","2018","12","17","6","3","1","6","1","0","1","0","0","1","0","1",565335.80390000006,5933664.00360000040,9.98609785800,53.54780151300
"02","1","01","102","2018","05","19","4","3","3","2","0","1","1","0","0","0","0","0",565345.57180000003,5933661.15369999968,9.98624466400,53.54777468500
"02","1","03","107","2018","04","15","6","3","2","6","0","0","1","0","1","0","0","0",565328.79350000003,5933898.28880000021,9.98604101500,53.54990796900
"02","1","01","102","2018","05","11","1","3","5","2","0","0","1","0","1","0","0","0",565357.64220000000,5933668.67630000040,9.98642838200,53.54784079100
"02","1","03","107","2018","06","16","6","3","5","3","0","0","1","0","0","0","1","1",565230.35190000001,5933711.90160000045,9.98451654600,53.54824509600
"02","1","03","107","2018","09","08","2","3","5","3","0","1","0","0","0","0","0","1",565268.09690000000,5934020.99859999958,9.98515065300,53.55101834300
"02","1","03","108","2018","09","20","4","3","3","2","2","1","1","0","0","0","0","0",565340.08120000002,5933886.89410000015,9.98620897700,53.54980415700
"02","1","03","107","2018","11","09","4","3","1","5","0","1","1","0","0","0","0","0",565184.74419999996,5933820.90149999969,9.98385102500,53.54923037200
"02","1","03","108","2018","12","16","5","2","3","6","2","1","0","0","0","0","1","0",565314.61549999996,5934008.11479999963,9.98584999500,53.55089676800
"02","1","01","101","2018","03","14","3","3","3","2","0","1","0","0","0","0","1","0",565862.97649999999,5933618.34090000018,9.99404342300,53.54732527200
"02","1","01","102","2018","03","10","4","3","5","2","0","1","1","0","0","0","0","1",565961.78630000004,5933630.60309999995,9.99553705900,53.54742307300
"02","1","01","102","2018","03","16","3","3","2","6","0","0","1","0","1","0","0","0",565391.25879999995,5933649.61000000034,9.98693168000,53.54766525100
"02","1","01","102","2018","04","10","6","3","3","6","0","0","1","0","0","1","0","0",565369.78469999996,5933655.11000000034,9.98660878000,53.54771735500
"02","1","01","102","2018","01","13","2","3","2","6","0","0","1","0","0","0","0","1",565395.50320000004,5933648.57799999975,9.98699551300,53.54765544800
"02","1","01","102","2018","05","16","1","3","2","6","0","0","1","0","0","0","0","0",565484.54240000003,5933624.10859999992,9.98833401300,53.54742443900
"02","1","01","102","2018","10","09","2","2","2","6","0","0","1","0","1","0","0","1",565578.32140000002,5933603.24909999967,9.98974477900,53.54722526500
"02","1","01","101","2018","12","14","1","3","5","7","0","0","1","0","0","0","0","0",566064.11890000000,5933644.47020000033,9.99708420000,53.54753483500
"02","1","01","102","2018","06","00","3","3","3","6","2","0","1","0","0","1","0","0",566041.41009999998,5933641.74179999996,9.99674094400,53.54751317100
"02","1","01","102","2018","08","08","3","3","5","3","0","1","1","0","0","0","0","0",565923.04200000002,5933624.86500000022,9.99495119300,53.54737636900
"02","1","01","102","2018","09","08","4","3","4","2","0","1","0","0","0","0","1","1",565921.04879999999,5933624.64850000013,9.99492106900,53.54737467300
"02","1","01","102","2018","11","11","5","3","5","3","0","0","1","0","0","0","1","1",566039.44660000002,5933641.49899999984,9.99671126300,53.54751123600
"02","1","01","102","2018","06","08","3","3","4","6","0","1","0","0","0","0","0","0",565686.87860000005,5933601.58090000041,9.99138256600,53.54719670400
"02","1","01","102","2018","09","14","4","3","3","6","0","0","1","0","1","0","0","0",565880.68229999999,5933620.26400000043,9.99431101100,53.54734033500
"02","1","01","102","2018","07","17","4","2","3","7","0","1","1","0","0","0","0","0",565420.59730000002,5933642.47699999996,9.98737291300,53.54759749100
"02","1","01","102","2018","12","17","2","3","5","3","2","1","1","0","0","0","0","1",565511.43740000005,5933616.31900000013,9.98873823100,53.54735107700
"02","1","01","102","2018","06","15","7","3","3","6","0","0","1","0","1","0","0","0",565805.64370000002,5933611.31319999974,9.99317678600,53.54726930100
"02","1","01","102","2018","05","15","3","3","5","2","0","1","1","0","0","0","0","0",565862.38219999999,5933618.27630000003,9.99403444100,53.54732476600
"02","1","01","102","2018","08","09","5","3","4","6","0","1","0","0","0","0","0","0",565542.56000000006,5933609.15199999977,9.98920637400,53.54728278100
"02","1","01","101","2018","12","15","2","3","5","3","0","1","1","0","0","0","0","1",566058.67249999999,5933643.82699999958,9.99700187700,53.54752974000
"02","1","01","102","2018","12","04","7","3","2","6","2","0","1","0","0","0","0","0",566017.33250000002,5933638.76480000000,9.99637698100,53.54748944400
"02","1","01","102","2018","01","15","6","3","3","7","0","0","1","0","0","0","1","1",566034.52969999996,5933799.78369999956,9.99667049000,53.54893439600
"02","1","01","102","2018","01","11","4","3","4","2","0","0","1","0","0","0","1","0",566021.03879999998,5933850.21410000045,9.99647755100,53.54938932300
"02","1","01","102","2018","02","10","1","3","5","3","0","1","1","0","0","0","0","1",565977.02130000002,5933984.94390000030,9.99584171900,53.55060570400
"02","1","01","102","2018","03","18","4","3","0","1","2","0","0","0","1","0","0","1",565575.52260000003,5933321.89329999965,9.98964355400,53.54469699700
"02","1","01","102","2018","03","09","3","3","0","7","0","0","0","1","0","0","1","0",565850.58120000002,5934011.44189999998,9.99393915800,53.55085972200
"02","1","01","102","2018","04","14","6","3","6","4","0","1","0","1","0","0","0","0",565877.31480000005,5933966.30279999971,9.99433309400,53.55045069200
"02","1","01","102","2018","03","09","5","3","3","2","0","1","0","0","0","0","0","1",565388.86719999998,5933804.89859999996,9.98692806100,53.54906116900
"02","1","01","102","2018","04","13","5","3","3","2","0","1","1","0","0","0","0","0",566045.44420000003,5933747.35620000027,9.99682412500,53.54846184500
"02","1","01","102","2018","04","14","2","3","6","4","0","1","0","1","0","0","0","0",565877.80149999994,5933966.47410000023,9.99434047500,53.55045217100
"02","1","01","102","2018","06","15","7","3","5","2","0","1","1","0","0","0","0","0",565294.68000000005,5933555.01999999955,9.98545453200,53.54682716400
"02","1","01","102","2018","05","10","6","3","6","4","0","1","0","1","0","0","0","0",565951.29440000001,5933983.85900000017,9.99545323800,53.55059918600
"02","1","01","102","2018","05","17","6","3","5","2","0","0","1","0","0","0","1","0",566038.71149999998,5933783.33920000028,9.99673012400,53.54878608000
"02","1","01","101","2018","05","08","5","3","4","6","0","1","0","0","0","0","0","0",565941.42599999998,5934161.26630000025,9.99534172800,53.55219482700
"02","1","01","101","2018","05","19","5","3","0","7","0","0","1","0","1","0","0","0",565850.38850000000,5934177.09800000023,9.99397113900,53.55234853700
"02","1","01","102","2018","06","19","2","3","2","6","0","0","1","0","0","0","0","0",566033.27520000003,5933499.85969999991,9.99658823000,53.54623906600
"02","1","01","102","2018","06","14","1","3","3","6","0","1","0","0","0","0","1","0",565737.47609999997,5933854.83119999990,9.99219932200,53.54946639600
"02","1","01","102","2018","06","09","3","3","6","4","0","1","0","1","0","0","0","0",565922.26910000003,5933977.74899999984,9.99501392200,53.55054791900
"02","1","01","101","2018","06","13","4","3","4","7","0","1","1","0","0","0","0","0",566019.62210000004,5933990.38449999969,9.99648576700,53.55064924500
"02","1","01","102","2018","06","09","2","3","3","6","0","0","1","0","1","0","0","0",565315.71759999997,5933593.37660000008,9.98577999900,53.54716926900
"02","1","01","102","2018","07","15","4","3","5","3","0","0","1","0","0","0","0","0",565424.56099999999,5933793.85610000044,9.98746439700,53.54895748100
"02","1","01","102","2018","07","19","4","3","4","2","0","1","1","0","0","0","0","0",565965.47699999996,5933986.36099999957,9.99566780000,53.55061989100
"02","1","01","102","2018","08","18","3","3","5","3","0","1","1","0","0","0","0","0",565926.30200000003,5933586.80040000007,9.99499236200,53.54703386400
"02","1","01","102","2018","08","20","1","3","0","7","0","1","0","0","0","0","1","0",565609.80740000005,5933746.08220000006,9.99024987200,53.54850501000
"02","1","01","102","2018","08","16","6","3","3","6","0","1","0","0","0","0","1","0",565660.80149999994,5933783.90710000042,9.99102734200,53.54883857800
"02","1","01","102","2018","08","16","6","3","0","7","0","1","0","1","0","0","0","0",565680.79650000005,5933847.29600000009,9.99134239400,53.54940576900
"02","1","01","102","2018","08","07","4","3","3","6","0","1","1","0","0","0","0","0",565908.57999999996,5934067.79999999981,9.99482631800,53.55135894800
"02","1","01","102","2018","08","12","5","3","1","5","0","1","1","0","0","0","0","0",565952.53780000005,5933795.24700000044,9.99543222100,53.54890392900
"02","1","03","108","2018","07","17","2","3","6","4","0","1","0","1","0","0","0","0",565427.35430000001,5933951.61830000021,9.98753956000,53.55037498300
"02","1","01","102","2018","09","13","1","3","3","6","0","0","1","0","0","0","0","0",565451.50859999994,5933339.42080000043,9.98777595100,53.54486999200
"02","1","01","102","2018","08","07","4","3","3","7","0","1","1","0","0","0","0","0",566020.23950000003,5933491.97379999980,9.99638986100,53.54616983200
"02","1","01","102","2018","09","19","2","3","5","3","2","1","1","0","0","0","0","0",565314.00360000005,5933599.00679999962,9.98575531100,53.54722008200
"02","1","01","101","2018","10","08","3","3","4","2","0","1","1","0","0","0","0","0",566057.01399999997,5933787.31300000008,9.99700715900,53.54881949100
"02","1","01","102","2018","10","20","5","3","0","7","2","0","1","0","0","0","0","0",565964.40760000004,5933986.29090000037,9.99565164600,53.55061939500
"02","1","01","102","2018","11","13","5","3","2","6","0","0","1","0","1","0","0","0",565421.38919999998,5933766.21769999992,9.98741075000,53.54870948200
"02","1","01","102","2018","11","18","4","3","6","4","2","1","0","1","0","0","0","0",565944.87089999998,5933982.47649999987,9.99535600800,53.55058756800
"02","1","01","102","2018","11","12","3","3","6","4","0","1","0","1","0","0","0","0",565888.49430000002,5934125.69799999986,9.99453539600,53.55188181200
"02","1","01","102","2018","12","17","4","3","3","6","0","1","1","0","0","0","0","0",565958.41310000001,5934008.49619999994,9.99556586600,53.55081971200
"02","1","01","102","2018","12","05","5","3","6","4","2","0","1","1","0","0","0","1",565850.22300000000,5933630.64709999971,9.99385356300,53.54743747100
"02","1","03","108","2018","12","02","2","3","3","6","2","0","0","0","1","0","1","1",565423.73670000001,5934156.56510000024,9.98752785000,53.55221734300
"02","1","01","101","2018","12","10","1","3","2","6","0","0","1","0","0","0","0","1",565914.22109999997,5934158.76099999994,9.99493062800,53.55217572800
"02","1","14","132","2018","03","11","4","3","1","6","0","0","1","0","0","0","0","0",568426.97660000005,5932782.00509999972,10.03255112400,53.53948114500
"02","1","14","132","2018","05","19","4","3","3","6","0","0","1","0","0","1","0","0",568440.77249999996,5932928.68609999958,10.03279135100,53.54079759100
"02","1","14","132","2018","03","09","3","2","9","1","0","0","1","0","0","0","0","0",568423.49419999996,5932900.41179999989,10.03252447900,53.54054573700
"02","1","16","136","2018","05","08","2","3","3","6","0","0","1","0","0","1","0","0",570421.37890000001,5929456.15280000027,10.06189283200,53.50932781000
"02","1","16","136","2018","01","13","5","3","3","6","0","0","1","0","0","1","0","0",570292.78790000000,5929459.21100000013,10.05995484300,53.50937250000
"02","1","16","136","2018","02","16","3","3","2","6","0","0","1","0","0","0","0","0",570310.69970000000,5929458.86670000013,10.06022481000,53.50936701100
"02","1","14","132","2018","01","16","3","2","5","2","2","1","1","0","0","0","0","0",568396.94799999997,5932898.40629999992,10.03212352500,53.54053117100
"02","1","14","132","2018","01","18","5","3","2","2","2","0","1","0","0","0","0","2",568402.42590000003,5932894.83100000024,10.03220539100,53.54049832600
"02","1","14","132","2018","04","08","2","3","2","6","0","0","0","0","1","1","1","0",568484.00470000005,5932931.62980000023,10.03344426600,53.54081841100
"02","1","16","136","2018","08","13","3","3","3","6","0","0","1","0","0","1","0","0",569670.22569999995,5929454.46789999958,10.05056782600,53.50941272900
"02","1","16","136","2018","09","08","3","3","2","6","0","0","1","0","0","0","0","0",569797.00399999996,5929475.46160000004,10.05248385600,53.50958459000
"02","1","16","136","2018","11","06","4","3","2","6","2","0","1","0","0","1","1","0",570655.91299999994,5929451.57139999978,10.06542769900,53.50925517500
"02","1","16","136","2018","07","15","1","3","8","7","0","0","1","0","0","0","0","0",570549.13619999995,5929453.30169999972,10.06381829500,53.50928506200
"02","1","14","132","2018","10","22","6","3","2","6","2","0","1","0","0","0","0","0",568406.32880000002,5932872.56070000026,10.03225940700,53.54029767100
"02","1","16","136","2018","07","19","7","3","8","1","0","0","1","0","0","0","1","0",570511.53280000004,5929454.11539999954,10.06325155900,53.50929741800
"02","1","16","136","2018","07","16","5","3","2","6","0","0","1","0","1","0","0","0",570246.51199999999,5929460.10049999971,10.05925737300,53.50938667900
"02","1","16","136","2018","08","12","3","3","2","6","0","0","1","0","0","0","0","0",570190.59409999999,5929461.17530000024,10.05841457700,53.50940380500
"02","1","14","132","2018","05","16","4","3","3","6","0","0","1","0","0","1","0","0",568463.45600000001,5932875.29870000016,10.03312190800,53.54031483400
"02","1","14","132","2018","08","01","3","3","5","3","2","0","1","0","0","0","0","0",568381.63829999999,5932858.35960000008,10.03188378700,53.54017325900
"02","1","16","136","2018","07","14","3","3","8","1","0","0","1","0","0","0","0","0",570644.28049999999,5929451.69429999962,10.06525235200,53.50925784200
"02","1","14","133","2018","01","08","3","3","3","2","0","0","1","0","0","1","0","1",568406.93750000000,5932736.41430000030,10.03223882400,53.53907402300
"02","1","14","132","2018","02","09","5","3","5","3","0","0","1","0","0","1","0","0",568780.20360000001,5932974.78100000042,10.03792267900,53.54116751200
"02","1","14","132","2018","03","16","3","3","2","6","0","0","0","0","0","1","1","0",569401.17279999994,5932945.29829999991,10.04728511800,53.54082086300
"02","1","14","132","2018","04","20","6","3","5","2","2","1","1","0","0","0","0","0",569682.87980000000,5933074.50069999974,10.05156415700,53.54194471800
"02","1","14","132","2018","04","09","2","3","2","6","0","0","1","0","0","0","1","0",569108.21580000001,5932874.15099999961,10.04284939700,53.54022008100
"02","1","14","133","2018","04","08","3","3","1","7","0","1","1","0","0","0","0","0",569049.39610000001,5932288.20949999988,10.04183266900,53.53496188600
"02","1","14","132","2018","04","09","2","3","5","3","0","0","1","0","0","0","0","0",569804.51500000001,5932085.82890000008,10.05317883200,53.53304327800
"02","1","14","133","2018","04","11","2","3","1","5","0","1","0","0","0","1","0","0",568589.92729999998,5932135.31560000032,10.03486784100,53.53364799600
"02","1","14","132","2018","05","15","7","3","1","5","0","0","1","0","0","0","0","0",569078.51110000000,5932612.17310000025,10.04234339400,53.53786956100
"02","1","14","132","2018","05","16","3","3","2","6","0","0","1","0","0","1","0","0",568847.48919999995,5932965.50289999973,10.03893582200,53.54107531300
"02","1","14","133","2018","05","17","3","3","5","3","0","1","1","0","0","0","0","0",568382.58649999998,5932336.50640000030,10.03178405000,53.53548315900
"02","1","14","132","2018","05","15","4","3","6","2","0","0","1","1","0","0","0","0",569024.16170000006,5932916.94610000029,10.04159068400,53.54061573900
"02","1","14","133","2018","05","04","5","3","8","5","1","0","1","0","0","0","0","0",568604.01580000005,5932642.48780000024,10.03519154700,53.53820418900
"02","1","14","133","2018","05","16","5","2","6","3","0","1","0","1","0","0","0","0",569049.44750000001,5932288.75549999997,10.04183356500,53.53496678700
"02","1","14","132","2018","06","22","7","3","4","2","2","0","1","0","0","0","0","0",569042.90090000001,5932205.12110000011,10.04171635600,53.53421601400
"02","1","14","132","2018","06","16","3","3","2","6","0","0","1","0","0","1","0","0",569722.88829999999,5932824.61809999961,10.05211211400,53.53969369000
"02","1","14","133","2018","07","16","5","3","5","3","0","1","1","0","0","0","0","0",568854.30489999999,5932211.23220000044,10.03887268700,53.53429568700
"02","1","14","133","2018","07","10","3","3","1","7","0","0","1","0","1","0","0","0",568823.57420000003,5932155.63289999962,10.03839688000,53.53380003500
"02","1","14","132","2018","07","18","3","3","4","2","0","0","1","0","0","0","0","0",569411.20160000003,5932966.44950000010,10.04744112000,53.54100962500
"02","1","14","132","2018","07","14","2","3","1","5","0","0","1","0","0","0","0","0",569097.72719999996,5933155.65500000026,10.04275332700,53.54275137100
"02","1","14","133","2018","08","17","6","3","5","3","0","0","1","0","1","0","0","0",568380.70340000000,5932338.77960000001,10.03175613900,53.53550383400
"02","1","14","133","2018","08","21","3","3","2","2","2","0","1","0","1","0","0","0",568635.10259999998,5932409.80900000036,10.03560950900,53.53610901000
"02","1","14","132","2018","08","13","2","3","1","6","0","0","1","0","0","0","0","0",569381.45319999999,5932951.53129999992,10.04698898000,53.54087948500
"02","1","14","132","2018","08","14","1","3","6","7","0","1","0","1","0","0","0","0",569103.09190000000,5932828.71169999987,10.04276205500,53.53981238700
"02","1","14","133","2018","08","08","5","3","2","6","0","0","1","0","0","0","1","1",568392.89709999994,5932702.98849999998,10.03201969000,53.53877544900
"02","1","14","133","2018","09","07","6","2","4","7","0","0","1","0","0","0","1","0",568980.07609999995,5932211.80800000019,10.04077010400,53.53428436200
"02","1","14","132","2018","09","09","5","3","1","6","0","0","1","0","0","1","0","0",568722.47910000000,5932982.02620000020,10.03705334000,53.54124018200
"02","1","14","132","2018","10","16","1","3","4","2","0","0","1","0","0","0","0","0",569600.55469999998,5932886.68360000011,10.05028025800,53.54026770300
"02","1","14","133","2018","10","08","5","3","3","2","0","1","1","0","0","0","0","1",568529.79700000002,5932499.77900000010,10.03404057900,53.53693133200
"02","1","14","133","2018","10","08","5","3","6","4","0","0","1","1","0","0","0","1",569037.18599999999,5932191.60300000012,10.04162716400,53.53409527600
"02","1","14","133","2018","10","09","5","3","2","6","0","0","1","0","0","0","0","1",568428.23190000001,5932716.28210000042,10.03255569000,53.53889031800
"02","1","14","133","2018","11","07","2","3","5","3","0","1","1","0","0","0","0","0",568395.09250000003,5932342.35489999969,10.03197399000,53.53553409200
"02","1","14","133","2018","11","08","6","3","2","6","0","0","1","0","0","0","1","1",569013.82970000000,5932208.23770000041,10.04127849800,53.53424784300
"02","1","14","132","2018","11","21","2","3","8","1","2","0","1","0","0","0","0","0",568484.53810000001,5932933.26109999977,10.03345267000,53.54083300300
"02","1","14","133","2018","11","10","2","3","5","3","0","1","1","0","0","0","0","0",568397.83100000001,5932316.48400000017,10.03200964900,53.53530123000
"02","1","14","132","2018","12","19","6","3","3","6","2","0","1","0","0","0","1","0",569701.90260000003,5932951.58959999960,10.05182378700,53.54083758000
"02","1","08","126","2018","01","15","3","3","5","3","0","0","1","0","0","0","0","1",569294.60900000005,5933773.81570000015,10.04586087900,53.54828090600
"02","1","08","127","2018","01","16","3","3","5","7","1","1","1","0","0","0","0","0",569908.49020000000,5933677.75989999995,10.05510297400,53.54733627400
"02","1","08","126","2018","12","19","4","3","6","4","2","0","1","1","0","0","0","1",569601.02910000004,5933723.71590000018,10.05047366400,53.54779012800
"02","1","16","136","2018","02","15","6","3","2","6","0","0","1","0","0","0","0","0",567863.83189999999,5925952.60610000044,10.02257630600,53.47817687100
"02","1","16","136","2018","02","14","6","3","3","6","0","0","1","0","0","0","0","0",567841.01679999998,5925925.38389999978,10.02222670600,53.47793515800
"02","1","16","136","2018","09","13","2","3","9","7","0","0","1","0","0","0","0","0",567867.33700000006,5926271.93300000019,10.02269812800,53.48104629600
"02","1","16","136","2018","02","15","6","3","4","6","0","0","1","0","1","0","0","0",567288.73499999999,5928054.95419999957,10.01436293400,53.49714508900
"02","1","16","136","2018","02","08","6","3","2","6","0","0","1","0","0","1","0","1",567154.64859999996,5928221.20739999972,10.01237755200,53.49865638500
"02","1","16","136","2018","04","13","4","2","0","2","0","0","0","0","0","0","1","0",567468.72710000002,5926819.02309999987,10.01681006200,53.48601439200
"02","1","16","136","2018","03","02","6","3","1","5","2","0","1","0","0","1","0","0",567862.64619999996,5929107.99830000009,10.02324089500,53.50653532100
"02","1","16","136","2018","03","11","2","3","1","5","0","0","1","0","0","0","1","1",567653.26670000004,5927224.87320000026,10.01967822800,53.48963818400
"02","1","16","136","2018","03","07","2","3","5","3","0","1","1","0","0","0","0","0",567140.25190000003,5927722.75590000022,10.01205387000,53.49417850300
"02","1","16","136","2018","04","08","5","3","5","3","0","0","1","0","0","0","0","0",567577.88190000004,5927417.33019999973,10.01858366200,53.49137753200
"02","1","16","136","2018","04","09","2","3","5","3","0","0","1","0","0","0","0","0",567763.24739999999,5926831.87799999956,10.02125073200,53.48609208200
"02","1","16","136","2018","04","12","7","3","2","2","0","0","1","0","0","0","0","0",567649.87009999994,5927236.91779999994,10.01962964000,53.48974686800
"02","1","16","136","2018","07","10","7","3","4","6","0","1","1","0","0","0","0","0",567200.35239999997,5928990.65450000018,10.01323132200,53.50556577100
"02","1","16","136","2018","08","16","2","3","5","2","0","1","1","0","0","0","0","0",567752.83750000002,5927801.97800000012,10.02130332400,53.49481196000
"02","1","16","136","2018","09","12","1","3","8","1","0","0","1","0","0","0","0","0",567647.91440000001,5926098.01250000019,10.01935473800,53.47951146900
"02","1","16","136","2018","10","08","2","3","5","3","0","1","0","0","0","1","0","0",567579.00610000000,5926105.45330000017,10.01831817200,53.47958719300
"02","1","16","136","2018","11","09","6","3","2","6","0","0","1","0","0","0","0","0",567123.57590000005,5927776.84520000033,10.01181411600,53.49466674600
"02","1","11","128","2018","02","09","4","3","2","6","0","0","1","0","0","0","1","0",571970.14040000003,5933329.87280000001,10.08613259300,53.54393130000
"02","1","11","129","2018","09","17","2","3","2","6","0","0","1","0","0","0","0","0",570991.49569999997,5935163.78990000021,10.07178272000,53.56054595100
"02","1","11","128","2018","09","02","1","1","6","4","2","0","1","1","0","0","0","0",572048.17189999996,5933281.88210000005,10.08729891400,53.54348930900
"02","1","11","129","2018","01","04","2","3","6","2","2","0","1","1","0","0","0","1",572188.22809999995,5934448.20010000002,10.08968136000,53.55395174300
"02","1","11","129","2018","01","17","6","2","4","2","2","0","1","0","0","0","0","1",571226.22999999998,5934858.46100000013,10.07525631100,53.55777015900
"02","1","12","130","2018","01","20","7","3","5","7","2","0","1","0","0","0","1","0",573255.58070000005,5933216.78890000004,10.10550131600,53.54273729200
"02","1","11","128","2018","01","06","4","3","5","2","2","1","1","0","0","0","0","0",571865.44420000003,5934073.38609999977,10.08472374300,53.55062758200
"02","1","11","129","2018","01","09","4","3","5","3","0","1","1","0","0","0","0","0",570793.89260000002,5935049.31989999954,10.06877407800,53.55954389800
"02","1","11","129","2018","01","15","3","3","2","6","0","0","1","0","0","0","0","0",571844.64690000005,5934532.62000000011,10.08451542600,53.55475755500
"02","1","11","128","2018","01","12","2","3","1","6","0","0","1","0","0","0","0","0",571917.70230000000,5933971.43319999985,10.08548891200,53.54970417800
"02","1","12","130","2018","01","15","6","3","2","6","1","0","1","0","0","0","0","1",573297.07339999999,5933637.96370000020,10.10622605000,53.54651657000
"02","1","11","129","2018","01","18","4","2","6","4","2","0","1","1","0","0","0","1",573064.75219999999,5934275.10240000021,10.10286936100,53.55227486700
"02","1","11","129","2018","01","19","2","3","4","2","2","0","1","0","0","0","0","1",571552.63410000002,5934689.53149999958,10.08014419000,53.55620759900
"02","1","11","129","2018","01","11","2","3","2","6","0","0","1","0","0","0","0","0",572606.41449999996,5934106.82450000010,10.09591334000,53.55082614800
"02","5","03","510","2018","01","08","2","3","2","6","0","0","1","0","0","0","0","0",571463.67900000000,5935472.81799999997,10.07898072500,53.56325910200
"02","1","12","130","2018","02","20","6","3","2","6","1","0","1","0","0","0","1","0",573297.35679999995,5933638.54459999967,10.10623046200,53.54652175100
"02","1","11","128","2018","01","17","1","3","6","2","2","0","1","1","0","0","0","1",571744.02679999999,5934346.54590000026,10.08295413200,53.55309907100
"02","1","11","128","2018","02","17","3","3","1","6","2","0","1","0","0","0","0","0",571784.28430000006,5933343.77460000012,10.08333150000,53.54408167200
"02","1","11","129","2018","02","20","6","3","5","3","2","0","1","0","0","0","1","1",570842.42700000003,5935052.20600000024,10.06950731500,53.55956328700
"02","1","11","128","2018","01","19","4","3","1","6","2","0","1","0","0","0","0","1",572398.95460000006,5933625.22290000040,10.09267109000,53.54652666100
"02","5","03","510","2018","02","18","1","3","4","7","2","0","1","0","0","0","0","1",570820.76890000002,5935540.92150000017,10.06929117300,53.56395830200
"02","1","12","130","2018","01","18","4","3","6","7","2","0","0","1","0","0","1","0",573397.65150000004,5935035.06460000016,10.10807169600,53.55905814200
"02","1","11","129","2018","02","11","5","3","6","4","0","0","0","1","0","0","1","0",571230.45090000005,5934940.69900000002,10.07533876200,53.55850865900
"02","1","11","129","2018","02","17","2","2","2","6","2","0","1","0","0","0","0","0",572221.00199999998,5934478.97489999980,10.09018309300,53.55422380700
"02","1","11","129","2018","03","13","7","3","5","3","0","0","1","0","0","0","0","0",571645.52379999997,5934940.65400000010,10.08160372400,53.55845176300
"02","1","11","129","2018","02","11","6","3","2","6","0","0","1","0","0","0","1","0",571819.55649999995,5934526.79559999984,10.08413541600,53.55470864400
"02","1","11","128","2018","03","14","2","2","5","3","0","1","1","0","0","0","0","0",571465.70449999999,5934016.39099999983,10.07867829700,53.55016993000
"02","1","11","128","2018","03","07","1","3","5","3","0","0","1","0","0","0","0","0",571910.82880000002,5934151.30020000041,10.08542655400,53.55132158100
"02","1","11","129","2018","03","19","5","3","5","2","2","0","1","0","0","0","0","1",572198.11390000000,5934463.94510000013,10.08983419300,53.55409188300
"02","1","11","129","2018","03","13","5","3","3","6","0","0","1","0","0","1","0","1",570885.49399999995,5935072.61980000045,10.07016200300,53.55974093200
"02","1","12","130","2018","03","10","3","3","1","6","0","0","0","0","0","0","1","0",573351.09880000004,5933224.71179999970,10.10694434300,53.54279516200
"02","1","11","129","2018","03","07","2","3","2","2","0","0","1","0","0","0","0","0",571739.48540000001,5934595.96779999975,10.08294283300,53.55534124200
"02","1","11","129","2018","03","11","2","3","8","1","0","0","1","0","0","0","0","0",570859.53300000005,5934932.50800000038,10.06973837500,53.55848525000
"02","1","11","129","2018","04","18","5","3","7","7","0","1","0","0","0","0","0","0",571590.02780000004,5935108.24330000021,10.08080447800,53.55996545700
"02","1","11","129","2018","03","20","6","3","0","6","2","0","1","0","0","0","1","0",571865.18110000005,5934394.52070000023,10.08479358800,53.55351364900
"02","1","12","130","2018","03","16","5","2","0","3","0","0","1","0","1","0","0","1",573179.37360000005,5934228.86390000023,10.10458832800,53.55184336200
"02","1","11","128","2018","04","16","6","3","5","3","0","0","1","0","0","0","0","0",571916.59490000003,5934147.33100000024,10.08551265800,53.55128512000
"02","1","11","129","2018","04","18","7","3","1","6","0","0","1","0","0","0","0","0",572895.86210000003,5933982.36539999954,10.10025233300,53.54966753600
"02","1","11","128","2018","04","17","3","3","1","7","0","0","1","0","0","0","0","0",571680.22970000003,5933902.60900000017,10.08188954900,53.54911812800
"02","1","11","129","2018","04","16","3","3","5","3","0","0","1","0","1","0","0","0",570830.40020000003,5934588.72809999995,10.06922074700,53.55539962600
"02","1","11","128","2018","04","13","3","2","5","2","0","1","1","0","0","0","0","0",572299.13410000002,5933367.17030000035,10.09110521300,53.54422130300