ULAND,UREGBEZ,UKREIS,UGEMEINDE,UJAHR,UMONAT,USTUNDE,UWOCHENTAG,UKATEGORIE,UART,UTYP1,ULICHTVERH,IstRad,IstPKW,IstFuss,IstKrad,IstGkfz,IstSonstig,STRZUSTAND,LINREFX,LINREFY,XGCSWGS84,YGCSWGS84
"02","1","12","130","2018","04","17","2","3","8","7","0","0","1","0","0","0","0","0",573382.46259999997,5933748.11880000029,10.10754035700,53.54749459900
"02","1","11","129","2018","04","16","6","3","3","6","0","0","1","0","0","0","0","0",570826.70999999996,5935041.19699999969,10.06926758600,53.55946647000
"02","1","11","128","2018","04","14","2","3","5","2","0","0","1","0","0","0","1","0",571859.46259999997,5934095.13030000031,10.08463847200,53.55082381600
"02","1","12","130","2018","04","19","6","3","2","6","0","0","1","0","0","0","0","0",573013.74199999997,5933930.86529999971,10.10201916400,53.54918832900
"02","1","11","129","2018","04","19","1","3","1","6","0","0","1","0","0","0","0","0",571565.16390000004,5935186.72350000031,10.08044715100,53.56067414800
"02","1","11","129","2018","04","15","7","3","2","2","0","0","1","0","0","0","0","1",570792.25170000002,5935046.80310000014,10.06874874000,53.55952150100
"02","1","11","129","2018","04","08","6","2","6","4","0","0","0","1","0","1","0","0",573046.40800000005,5934940.72099999990,10.10274806500,53.55825928300
"02","1","11","128","2018","04","14","5","3","0","7","0","0","1","0","1","0","0","0",571887.06019999995,5934031.02319999970,10.08504020700,53.55024390900
"02","1","11","129","2018","04","07","6","3","6","4","0","0","0","1","0","1","0","0",570794.87000000000,5935042.37600000016,10.06878725800,53.55948136100
"02","1","11","128","2018","04","17","6","3","1","6","0","0","1","0","1","0","0","0",571832.65449999995,5933662.80300000031,10.08413460400,53.54694216400
"02","1","11","129","2018","05","16","4","3","0","3","0","1","0","0","0","0","1","0",571826.36699999997,5934550.59300000034,10.08424367000,53.55492157900
"02","1","11","129","2018","05","07","4","3","1","3","0","0","1","0","0","0","0","0",570822.48300000001,5935045.26130000036,10.06920470400,53.55950356700
"02","1","12","130","2018","05","15","4","3","4","2","0","0","1","0","1","0","0","0",572917.99159999995,5933972.11560000014,10.10058388600,53.54957234900
"02","1","11","129","2018","05","23","3","3","5","3","2","0","1","0","0","0","0","0",570826.39359999995,5935046.03519999981,10.06926390700,53.55950999400
"02","1","11","129","2018","05","08","2","3","2","6","0","0","1","0","0","0","0","0",571684.98030000005,5934819.45390000008,10.08217146800,53.55735715300
"02","1","11","129","2018","05","14","5","3","4","2","0","0","1","0","1","0","0","1",572919.57290000003,5933975.52689999994,10.10060854400,53.54960278600
"02","1","12","130","2018","04","19","1","3","5","3","0","1","1","0","0","0","0","0",573133.76000000001,5934406.82039999962,10.10394159300,53.55344899900
"02","1","11","128","2018","05","16","1","3","5","3","0","0","1","0","0","0","0","0",572399.38089999999,5933632.91720000003,10.09267930400,53.54659575100
"02","1","11","129","2018","05","17","7","2","6","4","0","0","0","1","0","0","1","0",571820.88950000005,5934556.27850000001,10.08416230800,53.55497342400
"02","1","11","129","2018","04","11","4","3","0","3","0","0","1","0","0","0","0","0",572751.81000000006,5934037.55999999959,10.09809136600,53.55018354600
"02","1","11","129","2018","06","20","6","3","5","3","1","0","1","0","0","0","0","1",573041.42350000003,5934723.09910000023,10.10262197400,53.55630422600
"02","1","12","130","2018","05","14","2","3","5","2","0","1","1","0","0","0","0","0",573432.48170000000,5935043.77170000039,10.10859946000,53.55913152000
"02","1","11","129","2018","05","13","2","3","6","4","0","0","1","1","0","0","0","0",572809.66839999997,5934015.61029999983,10.09895937400,53.54997826500
"02","1","11","129","2018","05","18","2","3","6","4","0","0","1","1","0","0","0","0",571761.10179999995,5934581.28100000042,10.08326570800,53.55520629700
"02","1","11","129","2018","05","12","7","3","2","6","0","0","1","0","0","0","0","0",572597.35999999999,5934122.96219999995,10.09578044700,53.55097242900
"02","1","11","128","2018","05","15","4","3","5","3","0","0","1","0","0","0","0","0",571782.34149999998,5934000.05009999964,10.08345281700,53.54997988100
"02","1","11","129","2018","05","09","7","3","3","7","0","0","1","0","0","0","0","0",571681.59030000004,5934829.87449999992,10.08212269200,53.55745126600
"02","1","11","129","2018","05","13","5","3","3","6","0","0","1","0","0","0","1","0",571757.32819999999,5934591.54389999993,10.08321111100,53.55529904600
"02","1","12","130","2018","05","14","6","3","2","6","0","0","1","0","0","0","0","0",573429.32990000001,5935479.53100000042,10.10865428500,53.56304808400
"02","1","11","128","2018","06","14","6","3","2","6","0","0","1","0","1","0","0","0",571551.75650000002,5933965.87839999981,10.07996532300,53.54970425300
"02","5","03","510","2018","05","12","4","3","3","6","0","0","1","0","0","1","0","0",571437.39199999999,5935529.56269999966,10.07859688800,53.56377264500
"02","1","11","129","2018","05","15","2","3","2","6","0","0","1","0","0","0","0","0",571553.57660000003,5935222.38219999988,10.08028041200,53.56099619200
"02","1","11","129","2018","05","12","3","3","5","2","0","0","1","0","1","0","0","0",570822.77480000001,5935035.14240000024,10.06920681500,53.55941258800
"02","1","12","130","2018","05","20","3","3","2","6","0","0","1","0","0","0","0","0",573342.44230000000,5933730.16129999980,10.10693225500,53.54733880800
"02","1","11","129","2018","06","10","6","3","1","5","0","0","1","0","0","0","0","0",571358.27610000002,5934792.74079999980,10.07723433400,53.55716159700
"02","1","12","130","2018","06","10","4","3","2","6","0","0","1","0","0","0","0","0",573164.89630000002,5933368.72910000011,10.10416861300,53.54411540900
"02","1","11","129","2018","06","08","6","3","5","3","0","0","1","0","0","0","0","1",571579.05209999997,5935142.88680000044,10.08064674400,53.56027829400
"02","1","11","129","2018","06","15","2","3","2","2","0","0","1","0","0","0","0","0",570798.53799999994,5935057.76599999983,10.06884610900,53.55961917700
"02","5","03","510","2018","06","16","2","3","1","6","0","0","1","0","0","0","1","0",571350.31779999996,5935724.41949999984,10.07732695600,53.56553566500
"02","1","11","129","2018","06","23","6","3","2","6","2","0","1","0","0","0","0","0",570941.28200000001,5934950.63200000022,10.07097638400,53.55863708900
"02","1","11","129","2018","06","12","2","3","7","7","0","0","1","0","0","0","1","0",571575.35049999994,5935154.57039999962,10.08059354700,53.56038379900
"02","1","11","129","2018","06","20","2","3","5","3","0","0","1","0","0","0","0","0",572753.34060000000,5934370.62469999958,10.09819196600,53.55317656700
"02","1","11","128","2018","07","13","2","3","2","6","0","0","0","0","0","1","0","0",571803.67469999997,5933615.10919999983,10.08368636200,53.54651750400
"02","1","11","129","2018","07","23","2","3","0","6","2","0","1","0","0","0","0","0",571547.75000000000,5934683.34910000023,10.08006906000,53.55615270400
"02","1","11","128","2018","07","17","5","2","3","6","0","0","1","0","1","1","0","0",572541.60829999996,5933342.69400000013,10.09475811300,53.54396789800
"02","1","11","128","2018","06","15","7","3","2","6","0","0","1","0","0","0","0","0",571844.29639999999,5934172.43910000008,10.08442736500,53.55152066400
"02","1","11","129","2018","06","09","6","2","4","2","0","0","1","0","0","0","0","0",572451.18620000000,5934605.50679999962,10.09368637800,53.55532922600
"02","1","11","129","2018","07","12","2","3","5","3","0","0","1","0","0","0","0","0",572456.94799999997,5934595.78409999982,10.09377108500,53.55524105300
"02","1","11","128","2018","07","14","5","3","4","6","0","0","1","0","0","0","1","0",571941.25289999996,5933892.33600000013,10.08582610500,53.54899010700
"02","1","11","129","2018","07","15","6","3","5","3","0","1","1","0","0","0","0","0",571575.75230000005,5935153.30240000039,10.08059932200,53.56037234900
"02","1","11","129","2018","07","16","2","3","2","6","0","0","1","0","0","0","0","0",571872.31400000001,5934531.64099999983,10.08493276200,53.55474496900
"02","1","11","129","2018","07","16","2","2","8","1","0","0","1","0","0","0","0","0",572613.55220000003,5934704.36050000042,10.09615984500,53.55619518400
"02","1","11","128","2018","08","12","1","2","5","3","0","0","0","0","1","0","1","0",571984.69090000005,5934248.70619999990,10.08656363900,53.55218684400
"02","1","11","129","2018","07","15","6","3","9","1","0","0","0","0","1","0","0","0",572636.24699999997,5934716.96800000034,10.09650530200,53.55630534700
"02","1","08","123","2018","07","09","6","3","5","2","0","1","1","0","0","0","0","0",570697.13300000003,5934386.75299999956,10.06716371700,53.55360243400
"02","1","11","129","2018","08","08","2","3","5","3","0","0","1","0","0","0","0","0",571593.46299999999,5935097.40039999969,10.08085384600,53.55986754300
"02","1","12","130","2018","08","22","7","3","2","2","2","0","1","0","0","0","0","0",573304.60820000002,5933653.36429999955,10.10634335400,53.54665392200
"02","1","11","129","2018","07","16","3","3","1","6","0","0","1","0","0","0","1","0",571588.70079999999,5935112.43159999978,10.08078540800,53.56000327800
"02","1","11","128","2018","08","11","4","2","1","6","0","0","1","0","1","0","0","0",572210.21849999996,5933437.39940000046,10.08977982000,53.54486468300
"02","1","12","130","2018","07","18","2","3","4","2","0","0","1","0","0","0","0","0",573264.95609999995,5933805.61319999956,10.10578069800,53.54802770500
"02","1","11","128","2018","08","17","5","3","4","6","0","1","0","0","0","0","0","0",571780.03090000001,5933387.45320000034,10.08327734500,53.54447479300
"02","1","11","128","2018","07","14","7","3","4","2","0","1","1","0","0","0","0","0",571859.43779999996,5934373.29729999974,10.08470203200,53.55332370100
"02","1","12","130","2018","09","20","1","3","1","5","1","0","1","0","0","0","0","0",573297.85959999997,5933639.57519999985,10.10623829100,53.54653094300
"02","1","11","129","2018","09","13","6","3","3","6","0","0","1","0","1","0","0","0",571988.33920000005,5934546.04650000017,10.08668716600,53.55485853300
"02","1","11","128","2018","09","19","4","3","0","2","0","0","0","0","0","0","1","0",571996.76430000004,5934241.85410000011,10.08674426600,53.55212360900
"02","1","12","130","2018","08","07","2","3","5","3","0","0","1","0","0","0","0","0",573305.95869999996,5933643.94220000040,10.10636152400,53.54656905800
"02","1","11","129","2018","08","11","2","3","3","6","0","0","1","0","0","0","1","0",570950.46530000004,5935011.68819999974,10.07112885600,53.55918456000
"02","1","11","129","2018","09","07","4","2","5","3","1","1","1","0","0","0","0","1",571205.99289999995,5934538.84200000018,10.07487805200,53.55490048700
"02","1","11","129","2018","08","04","7","2","4","6","2","0","1","0","0","0","0","1",572931.61970000004,5934878.15620000008,10.10100091100,53.55771297900
"02","1","11","129","2018","09","09","5","3","1","6","0","0","1","0","0","0","0","0",573369.27859999996,5935652.67379999999,10.10778846200,53.56461249900
"02","1","11","129","2018","09","09","5","3","4","2","0","0","1","0","0","0","0","0",572204.27480000001,5934465.29279999994,10.08992748500,53.55410314700
"02","1","11","129","2018","08","08","4","3","6","7","0","0","1","1","0","0","0","0",571919.90200000000,5934409.82799999975,10.08562295000,53.55364372200
"02","1","11","129","2018","08","12","6","3","2","6","0","0","1","0","0","0","0","0",572064.62569999998,5934549.58440000005,10.08783932300,53.55487986200
"02","1","11","128","2018","08","09","4","2","6","3","0","1","0","1","0","0","0","0",572227.74410000001,5933423.70760000031,10.09004109800,53.54473922500
"02","1","11","129","2018","09","14","6","3","0","6","0","0","0","0","1","1","0","0",571688.17229999998,5934597.67729999963,10.08216878100,53.55536361500
"02","1","11","129","2018","09","18","3","3","0","3","0","1","1","0","0","0","0","0",570794.37049999996,5935050.18859999999,10.06878148800,53.55955164100
"02","5","03","510","2018","09","06","7","2","1","7","1","0","1","0","0","0","1","0",571462.07369999995,5935476.28330000024,10.07895728500,53.56329046300
"02","1","11","129","2018","08","15","5","3","2","6","0","0","1","0","1","0","0","0",572646.92400000000,5934722.89929999970,10.09666782700,53.55635717400
"02","1","12","130","2018","08","12","5","2","2","6","0","0","1","0","0","0","0","0",573362.78579999995,5933770.57980000041,10.10724871100,53.54769920400
"02","1","11","129","2018","08","13","5","3","0","4","0","0","1","1","0","0","0","0",573086.09210000001,5934961.11620000005,10.10335180500,53.55843704800
"02","1","11","128","2018","09","10","1","3","1","7","0","1","1","0","0","0","0","0",571605.15859999997,5934244.70380000025,10.08083504400,53.55220277600
"02","1","11","128","2018","08","15","4","3","5","3","0","1","1","0","0","0","0","0",572346.87000000000,5933322.74000000022,10.09181520200,53.54381543500
"02","1","12","130","2018","09","18","7","3","5","3","0","0","1","0","0","0","0","0",572348.86640000006,5933320.82259999961,10.09184488100,53.54379792800
"02","1","11","128","2018","09","08","2","3","5","3","0","0","1","0","0","0","0","0",572298.19709999999,5933367.99490000028,10.09109126600,53.54422884200
"02","5","03","510","2018","09","09","6","3","5","3","0","1","1","0","0","0","0","0",571458.88780000003,5935483.16050000023,10.07891076600,53.56335270200
"02","1","11","129","2018","09","17","4","3","8","1","0","0","1","0","0","0","0","0",572086.29000000004,5935375.83000000007,10.08835686700,53.56230232400
"02","1","11","129","2018","09","17","4","2","6","4","0","0","1","1","0","0","0","0",572097.96640000003,5934350.22549999971,10.08829653500,53.55308365200
"02","1","11","129","2018","09","10","4","3","4","2","0","0","1","0","1","0","1","0",571544.43449999997,5934689.61029999983,10.08002045300,53.55620942500
"02","1","11","129","2018","09","19","1","3","9","5","2","0","1","0","0","0","0","1",571574.49739999999,5935157.26310000010,10.08058128700,53.56040811500
"02","1","12","130","2018","09","15","3","3","2","6","0","0","1","0","0","0","0","0",573395.21200000006,5933831.76889999956,10.10775237300,53.54824457400
"02","1","11","129","2018","09","16","2","3","3","6","0","0","0","0","1","0","1","0",571029.47779999999,5934550.68879999965,10.07221670300,53.55503086800
"02","1","11","128","2018","09","08","7","3","5","2","0","0","1","0","1","0","0","0",572394.21609999996,5933634.40840000007,10.09260171500,53.54660986400
"02","1","11","129","2018","10","09","7","3","5","3","0","1","1","0","0","0","0","0",573433.56700000004,5935072.63300000038,10.10862262300,53.55939074200
"02","1","11","129","2018","10","14","3","3","3","2","0","1","0","0","0","0","0","1",572572.74719999998,5935086.97059999965,10.09563282800,53.55963932100
"02","5","03","510","2018","10","18","2","3","4","2","1","1","1","0","0","0","0","1",570675.12800000003,5935435.00299999956,10.06706866600,53.56302604500
"02","1","11","128","2018","09","15","7","3","2","6","0","0","1","0","0","0","0","0",572315.47629999998,5933352.79059999995,10.09134846900,53.54408982300
"02","1","11","129","2018","10","15","3","3","4","7","0","0","1","0","0","0","0","0",572269.26340000005,5934382.65629999992,10.09088919200,53.55335155400
"02","1","12","130","2018","11","16","6","3","2","6","1","0","1","0","0","0","0","1",573433.23919999995,5935192.31630000006,10.10864579900,53.56046636900
"02","1","11","129","2018","10","07","4","3","2","6","0","0","1","0","0","0","0","1",573253.21290000004,5935011.97039999999,10.10588616500,53.55887077400
"02","1","11","128","2018","10","16","2","3","1","5","0","0","1","0","0","0","0","0",571966.23410000000,5933406.60759999976,10.08609130700,53.54462145000
"02","1","11","129","2018","10","15","2","3","2","6","0","0","1","0","0","0","1","0",572656.66350000002,5934728.30979999993,10.09681608100,53.55640445000
"02","1","11","128","2018","10","07","2","3","6","2","2","0","1","1","0","0","0","1",571999.87890000001,5934232.35850000009,10.08678908300,53.55203784500
"02","1","11","129","2018","10","20","2","3","5","7","2","0","1","0","0","0","0","0",571825.28139999998,5934541.90319999959,10.08422528900,53.55484363300
"02","1","11","129","2018","10","14","2","3","3","6","0","0","1","0","0","0","1","0",570873.13399999996,5934928.97119999956,10.06994286200,53.55845162900
"02","1","11","129","2018","10","19","5","3","3","2","2","1","1","0","0","0","0","1",572342.82039999997,5934277.25339999981,10.09197490800,53.55239417200
"02","1","11","129","2018","10","12","6","3","6","4","0","1","1","1","0","0","0","0",573381.16330000001,5935597.55970000010,10.10795492500,53.56411553200
"02","1","11","128","2018","11","09","6","3","2","6","0","0","1","0","0","0","0","0",571991.26699999999,5933467.78299999982,10.08648310200,53.54516780100
"02","1","11","129","2018","11","16","4","3","6","4","2","0","1","1","0","0","0","0",572472.15599999996,5933672.81799999997,10.09378668000,53.54694429900
"02","1","11","129","2018","11","10","6","3","1","7","0","1","0","0","0","0","1","1",570863.52930000005,5934576.63960000034,10.06971801100,53.55528651500
"02","1","11","129","2018","11","07","6","2","6","4","1","0","1","1","0","0","0","1",573429.37159999995,5935476.80779999960,10.10865427500,53.56302360500
"02","1","12","130","2018","11","19","6","3","2","6","2","0","1","0","0","0","0","1",573388.48899999994,5933745.17889999971,10.10763060300,53.54746733600
"02","1","11","129","2018","11","22","5","3","5","3","2","0","1","0","0","0","0","0",572011.35530000005,5934249.81630000006,10.08696629800,53.55219316400
"02","1","12","130","2018","12","10","5","3","2","6","0","0","1","0","0","0","0","1",573209.92180000001,5933460.16390000004,10.10486937700,53.54493085300
"02","1","11","128","2018","12","19","1","3","5","3","2","0","1","0","0","0","0","1",572330.85809999995,5933338.42889999971,10.09157723600,53.54395863600
"02","1","12","130","2018","12","17","6","2","4","7","2","0","1","0","0","0","1","1",573201.63679999998,5933243.82459999993,10.10469374000,53.54298778100
"02","1","12","130","2018","12","17","6","2","6","2","2","0","1","1","0","0","0","1",573432.57629999996,5935046.28610000014,10.10860147800,53.55915410300
"02","1","11","128","2018","12","16","2","3","4","2","2","0","1","0","0","0","0","1",570799.21820000000,5934345.70820000023,10.06869508900,53.55321980700
"02","1","11","129","2018","12","07","5","2","6","4","2","0","1","1","0","0","0","0",573429.41070000001,5935474.25810000021,10.10865426600,53.56300068600
"02","1","11","128","2018","12","19","2","3","5","3","2","0","1","0","0","0","0","1",572398.55539999995,5933632.60319999978,10.09266677500,53.54659304300
"02","5","03","510","2018","12","15","6","3","2","6","2","0","1","0","0","0","0","1",570786.27579999994,5935513.25810000021,10.06876420900,53.56371434400
"02","1","11","128","2018","12","10","2","3","2","6","0","0","1","0","0","0","1","1",571823.19559999998,5934350.23469999991,10.08414977400,53.55312139700
"02","1","11","129","2018","12","21","6","3","6","6","2","1","0","1","0","0","0","0",572255.74179999996,5934403.97599999979,10.09069005500,53.55354501400
"02","1","11","128","2018","12","12","5","3","1","7","0","0","1","0","0","0","1","1",571416.54420000000,5934040.61510000005,10.07794196500,53.55039432100
"02","1","06","115","2018","02","15","6","3","2","6","0","0","1","0","0","0","0","0",567379.81019999995,5933809.21920000017,10.01697359400,53.54884828600
"02","1","06","116","2018","04","15","6","3","3","2","0","1","0","0","0","0","1","0",567471.56709999999,5933794.89180000033,10.01835516400,53.54870774100
"02","1","06","116","2018","05","19","3","3","1","6","0","0","1","0","0","0","0","0",567436.63710000005,5933898.74920000043,10.01785045100,53.54964561300
"02","1","06","116","2018","06","07","5","3","2","6","0","0","1","0","0","0","0","0",567564.09609999997,5933962.01290000044,10.01978758000,53.55019778900
"02","1","06","116","2018","11","17","3","3","5","3","2","0","1","0","1","0","0","0",567546.23239999998,5933621.87999999989,10.01944453000,53.54714325400
"02","1","06","116","2018","12","00","7","3","5","3","2","0","1","0","0","0","0","1",567513.52060000005,5933936.97269999981,10.01901893800,53.54997925400
"02","1","08","123","2018","02","14","4","3","4","2","0","0","1","0","0","0","0","0",570053.81530000002,5934530.86529999971,10.05748704300,53.55498381800
"02","5","01","503","2018","02","19","5","2","0","7","2","1","0","0","0","0","0","0",569774.02729999996,5935606.43099999987,10.05350447600,53.56468725500
"02","1","08","122","2018","02","22","7","2","4","2","2","1","1","0","0","0","0","0",569896.00800000003,5935180.51200000010,10.05525061600,53.56084326600
"02","1","08","122","2018","02","07","4","3","5","2","0","1","1","0","0","0","0","0",569769.55630000005,5934756.03670000006,10.05324711100,53.55704530500
"02","1","08","122","2018","04","16","7","3","5","3","0","0","1","0","1","0","0","0",569773.95750000002,5934786.97699999996,10.05332044700,53.55732278200
"02","1","08","123","2018","06","12","6","3","6","4","0","1","0","1","0","0","0","0",569823.53020000004,5934945.73739999998,10.05410413500,53.55874298000
"02","1","08","123","2018","06","20","2","3","2","7","0","1","1","0","0","0","0","1",570005.83459999994,5935523.57679999992,10.05698527100,53.56391176800
"02","1","08","123","2018","06","04","7","3","1","1","2","0","1","0","0","0","0","0",569960.68270000000,5934763.81450000033,10.05613357500,53.55708976600
"02","5","01","503","2018","06","16","3","3","2","6","0","0","1","0","0","0","0","0",569262.33770000003,5935497.51049999986,10.04575584700,53.56377616300
"02","1","08","122","2018","07","20","7","3","1","7","0","1","1","0","0","0","0","0",569637.40590000001,5934810.45089999959,10.05126465000,53.55755187700
"02","1","08","123","2018","07","17","6","3","2","2","0","0","1","0","0","0","0","0",569910.05059999996,5935192.21850000042,10.05546520300,53.56094660300
"02","1","08","125","2018","06","07","5","3","5","3","0","1","1","0","0","0","0","0",570042.40449999995,5934523.72769999970,10.05731322500,53.55492119500
"02","1","08","122","2018","06","21","4","3","2","2","1","0","1","0","0","1","0","0",569847.08380000002,5935025.52340000030,10.05447748200,53.55945688800
"02","5","01","501","2018","07","18","6","3","3","2","0","1","1","0","0","0","0","0",569254.78540000005,5935522.96899999958,10.04564748200,53.56400595700
"02","1","08","123","2018","07","13","5","2","5","2","0","0","1","0","1","0","0","0",569959.37540000002,5935378.08499999996,10.05625135900,53.56261042200
"02","1","08","122","2018","08","14","6","3","2","6","0","0","1","0","0","0","0","1",569968.91720000003,5935407.79949999973,10.05640204900,53.56287619500
"02","1","08","122","2018","08","17","2","3","1","6","0","1","1","0","0","0","0","0",570004.81090000004,5935520.28120000008,10.05696907900,53.56388228700
"02","5","01","503","2018","09","09","2","3","3","2","0","1","1","0","0","0","0","0",569270.91209999996,5935525.34130000044,10.04589145400,53.56402514900
"02","1","08","123","2018","09","13","6","3","6","4","0","0","0","1","1","0","0","1",570000.04570000002,5935504.93979999982,10.05689370800,53.56374504900
"02","1","08","122","2018","09","12","3","3","1","5","0","1","1","0","0","0","0","0",569807.77020000003,5935184.11550000031,10.05391950500,53.56088739500
"02","1","08","122","2018","10","11","2","3","0","7","0","0","1","0","0","0","0","0",569646.15480000002,5934809.46320000011,10.05139648200,53.55754184000
"02","1","08","122","2018","10","12","2","3","3","5","0","0","1","0","0","0","1","0",569847.46499999997,5935026.73099999968,10.05448350600,53.55946769000
"02","1","08","122","2018","10","09","6","3","3","3","0","1","0","0","0","0","1","0",569891.56559999997,5934580.30750000011,10.05504933800,53.55544978500
"02","1","08","122","2018","11","06","6","3","5","3","2","0","1","0","1","0","0","0",569762.38549999997,5934780.14319999982,10.05314426100,53.55726290500
"02","1","08","122","2018","11","08","2","3","2","6","0","0","1","0","0","0","0","0",569873.53920000000,5935181.42939999979,10.05491166300,53.56085450300
"02","1","08","123","2018","11","20","2","3","4","2","2","0","1","0","0","0","0","1",570054.23270000005,5934528.91899999976,10.05749290600,53.55496627100
"02","1","08","122","2018","11","13","5","2","2","6","0","0","1","0","0","0","0","0",569898.49490000005,5935188.58810000028,10.05528996200,53.56091551500
"02","1","08","123","2018","12","07","2","3","5","3","2","1","0","0","0","1","0","1",569902.49919999996,5935200.72389999963,10.05535312000,53.56102404700
"02","1","08","123","2018","12","18","2","2","4","2","2","0","1","0","0","0","0","1",570054.64350000001,5934527.00339999981,10.05749867700,53.55494900100
"02","5","01","503","2018","12","07","3","3","6","4","2","0","1","1","0","0","0","1",569641.49990000005,5935560.36079999991,10.05149357200,53.56429082300
"02","1","08","122","2018","12","20","1","3","2","6","2","0","1","0","0","0","0","1",569888.33019999997,5934580.69649999961,10.05500059400,53.55545371200
"02","1","08","122","2018","12","17","6","3","6","2","2","0","1","1","0","0","0","1",570034.65370000002,5934524.39639999997,10.05719639600,53.55492823800
"02","1","08","123","2018","12","07","6","3","4","2","0","0","1","0","0","0","0","1",570025.13139999995,5935585.07820000034,10.05729035400,53.56446190900
"02","1","06","115","2018","01","12","3","3","2","2","0","0","1","0","0","0","0","0",566692.35580000002,5933925.14989999961,10.00662423600,53.54997794700
"02","1","01","101","2018","01","16","2","3","4","2","2","0","1","0","0","0","0","0",566658.84430000000,5933953.54729999974,10.00612456800,53.55023741600
"02","1","01","101","2018","01","15","1","3","1","2","0","0","1","0","0","0","0","0",566631.01130000001,5934145.03670000006,10.00574534500,53.55196190400
"02","1","01","101","2018","01","05","5","3","5","2","2","1","1","0","0","0","0","1",566654.81000000006,5933941.31720000040,10.00606107900,53.55012801300
"02","1","05","114","2018","01","18","4","3","5","7","2","0","1","0","0","0","0","1",566669.42900000000,5934450.88100000005,10.00639035700,53.55470571200
"02","1","05","114","2018","01","14","4","3","3","7","0","0","1","0","0","0","1","1",566838.31310000003,5934168.91940000001,10.00887898500,53.55215019200
"02","1","05","114","2018","02","08","5","3","2","6","0","0","1","0","0","0","0","0",566141.87609999999,5934762.21850000042,9.99849403900,53.55757050400
"02","1","05","113","2018","02","16","6","2","6","4","1","0","1","1","0","0","0","1",567204.09420000005,5935017.78089999966,10.01458176000,53.55973236600
"02","1","01","101","2018","01","16","4","2","6","7","1","0","0","1","0","0","1","0",566425.16769999999,5934076.02319999970,10.00262415100,53.55136774800
"02","1","05","113","2018","02","12","2","3","2","6","0","0","1","0","0","0","0","1",567556.08999999997,5934715.23000000045,10.01982952800,53.55696810600
"02","1","01","101","2018","01","17","2","3","6","4","2","0","1","1","0","0","0","1",566503.43019999994,5934347.61899999995,10.00386302200,53.55379873000
"02","1","01","101","2018","01","05","1","3","2","6","2","0","1","0","0","0","0","1",566527.73589999997,5934390.48890000023,10.00423897600,53.55418093100
"02","1","05","114","2018","02","16","3","3","6","3","0","1","0","1","0","0","0","2",566767.19999999995,5934914.16000000015,10.00796494500,53.55885686400
"02","1","01","101","2018","02","19","4","3","2","2","2","0","1","0","0","0","0","0",566322.79799999995,5934546.12799999956,10.00117897100,53.55560562400
"02","1","01","101","2018","02","12","4","2","6","4","0","0","1","1","0","0","0","0",566504.77549999999,5934346.44330000039,10.00388307600,53.55378799300
"02","1","05","114","2018","02","12","3","3","0","5","0","1","1","0","0","0","0","0",566571.23789999995,5934663.81720000040,10.00495374000,53.55663187300
"02","1","05","114","2018","02","07","3","3","0","7","1","0","0","1","0","1","0","0",566735.15659999999,5934414.99799999967,10.00737470200,53.55437487200
"02","1","05","114","2018","03","06","4","3","1","5","0","1","0","0","0","1","0","1",566661.50589999999,5934826.94820000045,10.00635098100,53.55808650800
"02","1","01","101","2018","02","13","1","3","3","6","0","0","0","0","0","0","1","0",566290.83779999998,5934609.93090000004,10.00071012700,53.55618307100
"02","1","01","101","2018","02","06","5","3","4","2","2","0","1","0","0","0","0","0",566293.32999999996,5934548.52199999988,10.00073471800,53.55563086200
"02","1","05","114","2018","03","05","1","3","2","6","2","0","1","0","0","0","0","0",566643.69429999997,5934836.88900000043,10.00608425400,53.55817811000
"02","1","05","114","2018","02","16","7","3","0","7","0","0","1","0","0","0","1","0",566837.36040000001,5934168.72479999997,10.00886456500,53.55214856400
"02","1","05","113","2018","02","18","5","3","3","2","2","1","1","0","0","0","0","1",567090.20629999996,5935119.48720000032,10.01288452300,53.56066098900
"02","1","05","114","2018","02","08","4","3","5","3","0","1","1","0","0","0","0","0",566669.83820000000,5934129.63310000021,10.00632802400,53.55181853900
"02","1","05","113","2018","02","22","4","3","2","6","2","0","1","0","1","0","0","0",566982.02960000001,5935047.40060000028,10.01123616900,53.56002695000
"02","1","05","114","2018","03","18","4","3","0","4","2","0","0","1","0","0","1","0",566851.45259999996,5934171.60259999987,10.00907785700,53.55217263400
"02","1","05","114","2018","03","12","1","3","5","3","0","0","1","0","0","0","0","0",566397.03269999998,5934715.83559999987,10.00233544600,53.55712143800
"02","1","05","114","2018","03","19","2","3","5","3","2","0","0","0","0","0","1","0",566911.58360000001,5934183.35809999984,10.00998785500,53.55227062200
"02","1","05","114","2018","03","17","5","3","0","7","0","1","1","0","0","0","0","0",567182.31319999998,5934234.95839999989,10.01408473300,53.55269979000
"02","1","01","101","2018","03","23","7","3","6","4","2","0","1","1","0","0","0","0",566658.88379999995,5933966.01919999998,10.00612782300,53.55034949800
"02","1","01","101","2018","03","18","4","3","2","6","0","0","1","0","0","0","0","1",566475.06510000001,5933932.67420000024,10.00334670100,53.55007312500
"02","1","05","114","2018","03","22","5","3","3","6","2","0","1","0","0","0","0","1",567124.59180000005,5934280.70399999991,10.01322342700,53.55311829700