ULAND,UREGBEZ,UKREIS,UGEMEINDE,UJAHR,UMONAT,USTUNDE,UWOCHENTAG,UKATEGORIE,UART,UTYP1,ULICHTVERH,IstRad,IstPKW,IstFuss,IstKrad,IstGkfz,IstSonstig,STRZUSTAND,LINREFX,LINREFY,XGCSWGS84,YGCSWGS84
"02","1","01","101","2018","03","16","4","3","6","7","0","0","0","1","0","0","1","1",566156.29050000000,5934004.02919999976,9.99855115300,53.55075467100
"02","1","05","114","2018","04","16","7","3","6","4","0","0","1","1","0","0","0","0",567248.29000000004,5934562.55109999981,10.01515092100,53.55563547700
"02","1","05","114","2018","04","15","5","3","0","7","0","0","0","0","1","0","1","0",567037.50650000002,5934692.62650000025,10.01199746800,53.55683144900
"02","1","05","113","2018","04","12","3","3","1","6","0","0","1","0","0","0","1","0",567428.72340000002,5934616.27969999984,10.01788578300,53.55609519900
"02","1","01","101","2018","04","10","2","3","5","3","0","0","1","0","0","0","0","0",566298.31440000003,5934540.66500000004,10.00080828100,53.55555962000
"02","1","05","114","2018","04","17","6","3","3","6","0","1","1","0","0","0","0","0",567368.00190000003,5933995.90060000028,10.01683562000,53.55052754100
"02","1","05","114","2018","04","17","1","2","0","4","0","0","1","1","0","0","0","0",566809.67379999999,5934301.32770000026,10.00847506300,53.55334381700
"02","1","05","114","2018","04","14","7","3","3","6","0","1","0","0","0","0","0","1",567522.13919999998,5934269.16710000020,10.01922074200,53.55296363300
"02","1","05","114","2018","04","17","7","3","0","6","0","1","1","0","0","0","0","0",566661.96109999996,5934059.19859999977,10.00619412900,53.55118653000
"02","1","05","114","2018","05","22","3","2","0","5","2","0","1","0","1","0","0","0",566647.42909999995,5934838.83870000020,10.00614104300,53.55819515800
"02","1","01","101","2018","05","08","5","3","0","3","0","1","0","0","0","0","1","0",566211.72719999996,5934015.51800000016,9.99939019800,53.55085093500
"02","1","05","114","2018","05","11","4","3","6","4","0","0","1","1","0","0","0","0",566877.85410000000,5934225.72910000011,10.00948788000,53.55265571700
"02","1","05","114","2018","05","16","7","3","0","7","0","1","0","1","0","0","0","0",566599.38280000002,5934261.49880000018,10.00529282700,53.55301258600
"02","1","01","101","2018","04","16","7","3","3","6","0","0","1","0","0","0","0","0",566135.56860000000,5934362.89719999954,9.99831434700,53.55398250900
"02","1","05","114","2018","05","17","2","3","3","6","0","0","1","0","0","0","0","0",567079.98770000006,5934201.79530000035,10.01253332800,53.55241483100
"02","1","01","101","2018","05","17","2","2","0","4","0","0","0","1","0","0","1","0",566365.85499999998,5934062.51400000043,10.00172616600,53.55125383900
"02","1","01","101","2018","04","08","5","3","2","6","0","0","1","0","0","0","1","1",566558.30390000006,5934292.09509999957,10.00467937500,53.55329277100
"02","1","06","115","2018","04","08","5","3","3","6","0","0","1","0","0","0","1","1",566839.56499999994,5934000.14300000016,10.00886179800,53.55063320600
"02","1","01","101","2018","05","16","3","3","2","2","0","1","1","0","0","0","0","0",566280.48320000002,5934543.90460000001,10.00053984200,53.55559098600
"02","1","05","113","2018","05","19","5","3","6","7","0","0","1","1","0","0","0","0",567089.21550000005,5934888.58009999990,10.01281999600,53.55858591200
"02","1","05","113","2018","06","14","7","3","1","7","0","0","1","0","0","0","0","0",567387.10109999997,5934474.33480000030,10.01722697300,53.55482486100
"02","1","05","114","2018","06","07","1","3","1","5","0","1","1","0","0","0","0","0",566867.33959999995,5934601.44519999996,10.00940956300,53.55603368900
"02","1","01","101","2018","06","22","7","3","5","3","2","0","1","0","0","0","0","1",566294.47380000004,5934539.01339999959,10.00074996500,53.55554526100
"02","1","01","101","2018","05","18","6","3","9","1","0","0","1","0","0","0","0","0",566480.57999999996,5934407.75839999970,10.00353094800,53.55434210900
"02","1","01","101","2018","05","14","4","3","0","7","0","0","0","1","0","0","1","0",566513.80370000005,5934097.53639999963,10.00396637800,53.55154987000
"02","1","05","113","2018","05","17","4","2","6","2","0","0","1","1","0","0","0","0",566788.06860000000,5934929.60589999985,10.00828324000,53.55899302400
"02","1","01","101","2018","06","15","6","3","0","4","0","0","0","1","0","0","1","0",566395.74190000002,5934068.98479999974,10.00217857700,53.55130821500
"02","1","01","101","2018","05","15","3","3","3","6","0","1","1","0","0","0","0","0",566377.89800000004,5934504.57160000037,10.00200177200,53.55522518300
"02","1","01","101","2018","05","14","4","3","0","7","0","0","1","0","0","0","0","0",566190.09999999998,5934223.87999999989,9.99910792600,53.55272625800
"02","1","05","114","2018","06","16","2","3","0","7","0","1","0","0","0","0","1","0",566876.16980000003,5934613.39730000030,10.00954539500,53.55613998000
"02","1","05","113","2018","06","18","7","3","4","2","1","0","1","0","0","0","0","1",567297.86259999999,5934519.53600000031,10.01588985700,53.55524254000
"02","1","05","114","2018","06","14","3","3","6","7","0","0","1","1","0","0","0","0",567019.32050000003,5934214.66069999989,10.01162050700,53.55253820300
"02","1","05","113","2018","06","16","6","3","0","7","0","1","0","1","0","0","0","0",566800.15289999999,5934922.07540000044,10.00846403300,53.55892380800
"02","1","01","101","2018","06","13","2","3","3","6","0","0","1","0","0","0","0","0",566307.08790000004,5934549.26659999974,10.00094252400,53.55563581600
"02","1","05","114","2018","06","17","5","3","0","7","0","1","1","0","0","0","0","0",567244.06740000006,5934559.19730000012,10.01508646800,53.55560587700
"02","1","05","114","2018","06","15","7","3","6","4","0","0","1","1","0","0","0","1",566803.06860000000,5934335.65739999991,10.00838271200,53.55365318500
"02","1","01","101","2018","06","16","3","3","3","2","0","1","1","0","0","0","0","0",566279.09149999998,5934542.25800000038,10.00051848800,53.55557636400
"02","1","01","101","2018","07","10","4","3","6","4","0","0","0","1","0","0","1","0",566571.60730000003,5934110.71200000029,10.00484152900,53.55166095600
"02","1","01","101","2018","07","19","7","3","6","4","0","1","0","1","0","0","0","0",566570.70400000003,5934110.51649999991,10.00482785500,53.55165931400
"02","1","05","113","2018","07","18","2","3","5","3","0","1","1","0","0","0","0","0",567213.00349999999,5935079.56929999962,10.01472953100,53.56028652800
"02","1","05","113","2018","07","16","3","3","0","7","0","0","1","0","0","0","0","0",567430.24470000004,5934617.52570000011,10.01790901300,53.55610620200
"02","1","01","101","2018","07","13","7","3","2","6","0","0","1","0","0","0","0","0",566658.00370000000,5933984.49409999978,10.00611848000,53.55051564800
"02","1","05","113","2018","07","12","3","3","2","6","0","0","1","0","1","0","0","0",567544.49120000005,5934706.27240000013,10.01965252600,53.55688909500
"02","1","05","114","2018","07","10","4","3","3","2","0","1","1","0","0","0","0","0",566658.29940000002,5934127.44469999988,10.00615341800,53.55180033700
"02","1","05","114","2018","06","13","5","3","3","7","0","1","1","0","0","0","0","0",566615.74159999995,5934226.12060000002,10.00553217600,53.55269255900
"02","1","05","114","2018","07","07","3","3","6","4","0","0","1","1","0","0","0","0",566776.18079999997,5934423.15079999994,10.00799560300,53.55444292700
"02","1","01","101","2018","06","09","5","3","0","2","0","0","1","0","0","0","1","0",566282.52930000005,5934546.32529999968,10.00057123700,53.55561248300
"02","1","01","101","2018","06","00","5","2","9","1","2","0","0","0","1","0","0","0",566658.69860000000,5933969.90589999966,10.00612585700,53.55038445200
"02","1","05","114","2018","06","18","5","3","6","4","0","1","0","1","0","0","0","0",566824.88190000004,5934220.20650000032,10.00868724700,53.55261282900
"02","1","01","101","2018","07","22","2","3","5","3","2","1","1","0","0","0","0","0",566407.43220000004,5934426.58220000006,10.00243096000,53.55452054100
"02","1","05","114","2018","07","11","6","3","6","2","0","0","0","1","0","0","1","0",566887.49780000001,5934178.96349999961,10.00962341700,53.55223419600
"02","1","05","113","2018","07","14","3","3","0","7","0","0","0","0","1","0","0","0",567209.34210000001,5935026.14560000040,10.01466277300,53.55980686900
"02","1","05","114","2018","07","09","6","3","3","7","0","0","1","0","0","0","1","0",566696.58750000002,5934135.52909999993,10.00673297300,53.55186813000
"02","1","01","101","2018","07","09","2","3","2","6","0","0","1","0","0","0","0","0",566107.62069999997,5934664.67160000000,9.99795636600,53.55669814400
"02","1","01","101","2018","08","23","2","2","0","7","2","0","1","1","0","0","0","0",566505.58979999996,5934183.64989999961,10.00386073500,53.55232483100
"02","1","05","114","2018","08","23","3","3","5","3","2","0","1","0","0","0","0","0",566669.21840000001,5934455.64279999956,10.00638819400,53.55474853400
"02","1","05","113","2018","08","10","5","3","2","2","0","0","1","0","0","0","0","0",567327.79359999998,5934534.94280000031,10.01634491900,53.55537716600
"02","1","05","114","2018","08","23","7","3","6","7","2","0","1","0","0","0","1","0",566884.46299999999,5934218.71899999958,10.00958612100,53.55259187400
"02","1","01","101","2018","08","17","2","3","5","3","0","1","1","0","0","0","0","0",566407.05039999995,5934426.23469999991,10.00242512300,53.55451746600
"02","1","01","101","2018","08","19","5","3","3","6","0","1","1","0","0","0","0","0",566259.48650000000,5934497.46459999960,10.00021309400,53.55517627100
"02","1","05","114","2018","08","13","3","3","2","7","0","0","1","0","0","0","0","0",567201.37899999996,5934338.54839999974,10.01439473900,53.55362833200
"02","1","05","114","2018","07","19","5","3","1","5","0","1","1","0","0","0","0","0",567112.34640000004,5934407.71279999986,10.01306588500,53.55426131400
"02","1","05","114","2018","08","17","5","3","0","4","0","0","0","1","0","0","1","0",566760.81380000000,5934150.47819999978,10.00770544600,53.55199431800
"02","1","05","114","2018","07","08","2","3","0","7","0","1","0","0","0","0","0","0",566715.01939999999,5934139.65199999977,10.00701202100,53.55190284200
"02","1","05","114","2018","08","18","3","3","1","6","0","0","1","0","0","0","0","0",566588.05409999995,5934776.38889999967,10.00523153600,53.55764144500
"02","3","02","312","2018","08","13","3","3","2","6","0","0","1","0","0","0","0","0",566093.63300000003,5934783.42009999976,9.99777035500,53.55776712400
"02","1","01","101","2018","08","15","7","3","2","6","0","0","1","0","0","0","0","0",566634.97210000001,5934095.54870000016,10.00579457300,53.55151664200
"02","1","01","101","2018","07","16","4","3","4","2","0","0","1","0","0","0","0","0",566658.78260000004,5933952.06589999981,10.00612332100,53.55022411000
"02","1","05","114","2018","08","17","7","3","6","4","0","0","1","1","0","0","0","1",566934.51670000004,5934185.87370000035,10.01033449500,53.55229030700
"02","1","01","101","2018","08","14","3","3","3","6","0","0","1","0","0","0","0","0",566200.39520000003,5934625.34279999975,9.99934832000,53.55633299500
"02","1","05","114","2018","07","12","2","3","4","2","0","0","1","1","0","0","0","0",567298.87120000005,5934518.48450000025,10.01590485300,53.55523296100
"02","1","06","115","2018","08","00","1","3","5","3","2","0","1","0","0","0","0","0",566690.50349999999,5933940.67069999967,10.00659959300,53.55011767100
"02","1","06","115","2018","08","14","6","3","5","3","0","1","1","0","0","0","0","0",566818.07310000004,5933979.04930000007,10.00853295100,53.55044636800
"02","1","05","114","2018","07","07","3","3","3","2","0","1","1","0","0","0","0","0",567459.65780000004,5934219.80609999970,10.01826712200,53.55252805000
"02","1","05","114","2018","08","07","4","3","5","3","0","1","1","0","0","0","0","0",567179.43599999999,5934634.70299999975,10.01412721700,53.55629273500
"02","1","05","114","2018","09","08","3","3","6","3","0","1","0","1","0","0","0","0",567186.16920000000,5934428.31520000007,10.01418448200,53.55443702900
"02","1","05","114","2018","09","02","2","2","5","3","2","1","0","0","0","0","1","0",567109.52789999999,5933916.41179999989,10.01291789000,53.54984626100
"02","1","05","114","2018","09","04","4","3","8","1","2","0","0","0","1","0","0","0",567128.02379999997,5934360.52159999963,10.01329236200,53.55383519400
"02","1","01","101","2018","09","21","3","3","3","2","2","1","1","0","0","0","0","0",566308.68629999994,5934561.35800000001,10.00096921400,53.55574428200
"02","1","05","113","2018","09","20","1","3","2","6","2","1","1","0","0","0","0","0",567046.58120000002,5934832.24830000009,10.01216438800,53.55808509600
"02","1","05","114","2018","08","17","6","3","6","4","0","0","1","1","0","0","0","0",567206.28200000001,5934443.49100000039,10.01449129800,53.55457084200
"02","1","05","114","2018","09","13","7","3","4","2","0","1","0","0","0","0","1","0",567107.15119999996,5934191.44780000020,10.01294105400,53.55231836500
"02","1","05","114","2018","09","16","2","3","4","6","0","1","0","0","0","0","1","0",566586.97010000004,5934650.94249999989,10.00518844900,53.55651417100
"02","1","05","114","2018","08","18","6","3","2","6","0","0","1","0","0","0","0","0",567369.76000000001,5934170.25000000000,10.01689971900,53.55209422400
"02","1","01","101","2018","09","12","5","3","2","6","0","0","1","0","0","0","0","0",566319.75000000000,5934573.68300000019,10.00113881400,53.55585365200
"02","1","05","113","2018","08","17","4","3","3","6","0","0","1","0","1","0","0","0",566958.93000000005,5935048.91000000015,10.01088781500,53.56004346300
"02","1","05","114","2018","09","18","2","3","6","4","0","0","1","1","0","0","0","0",567085.87410000002,5934352.95920000039,10.01265460200,53.55377261700
"02","1","05","114","2018","08","12","4","3","4","6","0","1","0","0","0","0","0","0",566467.05790000001,5934743.95079999976,10.00339835400,53.55736525200
"02","1","05","114","2018","09","11","1","2","6","4","0","0","1","1","0","0","0","0",566803.23739999998,5934334.82210000046,10.00838508100,53.55364565700
"02","1","01","101","2018","09","16","7","3","3","6","0","0","1","0","0","0","0","1",566630.34160000004,5934114.10180000030,10.00572864600,53.55168397000
"02","1","01","101","2018","09","18","6","3","0","6","0","0","1","0","1","0","1","1",566620.91599999997,5933940.94880000036,10.00554950400,53.55012900400
"02","1","05","114","2018","09","15","6","3","2","6","0","0","1","0","0","0","0","0",567291.84050000005,5934507.24770000018,10.01579632100,53.55513287500
"02","1","05","114","2018","09","11","5","2","0","7","0","0","0","0","1","0","0","0",566791.83719999995,5934396.19390000030,10.00822613800,53.55419866800
"02","1","05","114","2018","09","21","4","3","6","4","2","1","0","1","0","0","0","0",567266.18039999995,5934474.52149999980,10.01540199700,53.55484204700
"02","1","01","101","2018","09","21","2","3","6","4","2","0","1","1","0","0","0","0",566597.35560000001,5934233.06120000035,10.00525617400,53.55275726800
"02","1","05","114","2018","09","21","2","2","3","6","2","0","1","0","0","0","0","1",566847.98959999997,5934170.89539999980,10.00902544300,53.55216671900
"02","1","05","114","2018","09","20","3","2","5","3","2","1","0","0","0","0","1","0",567134.41870000004,5934185.36670000013,10.01335126300,53.55226022700
"02","1","01","101","2018","09","06","4","3","3","6","0","0","1","0","1","0","0","0",566352.89610000001,5934506.18939999957,10.00162476400,53.55524288400
"02","1","01","101","2018","09","11","6","3","3","6","0","0","1","0","1","0","0","0",566458.47499999998,5934389.03199999966,10.00319334600,53.55417661000
"02","1","05","114","2018","09","15","4","3","1","6","0","0","1","0","0","0","0","0",566596.86800000002,5934811.26680000033,10.00537200300,53.55795378200
"02","1","05","114","2018","09","09","2","3","3","6","0","0","1","0","0","0","0","0",567337.71149999998,5934056.82359999977,10.01639162400,53.55107895200
"02","1","05","114","2018","09","16","3","3","2","6","0","0","1","0","0","0","0","0",567160.69839999999,5934210.99050000031,10.01375337500,53.55248715200
"02","1","01","101","2018","09","06","1","3","2","6","0","0","1","0","0","0","0","0",566519.53920000000,5934386.06070000026,10.00411432500,53.55414217200
"02","1","05","113","2018","09","15","4","3","1","6","0","0","1","0","0","0","0","0",566967.02700000000,5935052.55649999995,10.01101081700,53.56007520200
"02","1","05","114","2018","10","06","3","2","2","6","2","0","1","0","1","0","0","0",566715.93839999998,5934880.33990000002,10.00718397500,53.55855943400
"02","1","01","101","2018","10","16","3","3","6","4","0","1","0","1","0","0","1","0",566545.23010000004,5934104.88839999959,10.00444221600,53.55161196200
"02","1","05","114","2018","10","18","4","2","4","2","1","1","1","0","0","0","0","0",567453.51470000006,5934226.24920000043,10.01817580100,53.55258674400
"02","1","01","101","2018","10","14","3","3","2","6","0","0","1","0","0","0","1","1",566613.79700000002,5933941.27649999969,10.00544214100,53.55013285300
"02","1","05","114","2018","10","21","7","3","2","2","2","0","1","0","0","0","0","0",567110.62439999997,5934205.12729999982,10.01299640700,53.55244086100
"02","1","01","101","2018","10","17","2","3","0","3","1","0","0","0","1","0","1","1",566094.15830000001,5933996.56680000015,9.99761192000,53.55069542900
"02","1","01","101","2018","10","18","5","3","2","6","2","0","1","0","0","0","0","0",566265.13500000001,5934504.17239999957,10.00029976800,53.55523584200
"02","1","05","113","2018","10","12","4","3","6","4","0","0","1","1","0","0","0","0",567522.92319999996,5934217.36079999991,10.01922138500,53.55249794000
"02","1","05","114","2018","11","15","7","3","0","7","0","0","1","0","0","0","1","0",566693.42669999995,5934134.83029999956,10.00668512200,53.55186225200
"02","1","05","114","2018","10","10","3","2","5","3","0","1","1","0","0","0","0","1",566378.31730000000,5934698.37650000025,10.00204925700,53.55696689600
"02","1","05","114","2018","10","19","3","3","6","4","2","0","1","1","0","0","0","1",566948.62820000004,5934036.79989999998,10.01051554200,53.55094875300
"02","1","05","114","2018","11","15","4","3","6","7","0","0","0","1","0","0","1","0",566938.81270000001,5934240.57639999967,10.01041104100,53.55278138300
"02","1","01","101","2018","10","08","2","3","4","2","0","0","1","0","0","0","0","1",566283.26430000004,5934547.19489999954,10.00058251500,53.55562020600
"02","1","05","113","2018","10","19","2","2","1","7","2","1","1","0","0","0","0","0",567367.97970000003,5934567.23110000044,10.01695840100,53.55566219000
"02","1","01","101","2018","10","08","1","3","0","1","0","0","0","0","1","0","0","1",566653.79390000005,5934455.96430000011,10.00615546600,53.55475338200
"02","1","05","114","2018","10","15","1","3","3","6","0","0","1","0","0","0","0","0",567244.89690000005,5934471.97099999990,10.01508022300,53.55482185200
"02","1","01","101","2018","11","13","3","3","3","7","0","0","1","0","1","0","0","0",566228.66949999996,5933917.00370000023,9.99962501400,53.54996342800
"02","1","05","114","2018","10","07","6","3","3","2","0","1","1","0","0","0","0","0",567132.27430000005,5934387.70430000033,10.01336235000,53.55407894600
"02","1","05","114","2018","11","12","4","3","3","6","0","0","1","0","0","0","0","0",566854.14650000003,5934172.15270000044,10.00911863000,53.55217723400
"02","1","05","114","2018","11","14","4","3","0","4","0","0","0","1","0","0","1","0",566829.80229999998,5934193.55530000012,10.00875580800,53.55237268300
"02","1","01","101","2018","11","03","7","3","2","6","2","0","1","0","0","0","1","0",566417.32429999998,5934470.02450000029,10.00258948700,53.55490971500
"02","1","05","114","2018","11","07","2","3","1","5","1","1","1","0","0","0","0","1",567039.66119999997,5933961.41720000003,10.01187318600,53.55025965800
"02","1","01","101","2018","11","07","3","3","4","2","2","0","1","0","0","0","0","0",566298.09809999994,5934541.04289999977,10.00080509700,53.55556304300
"02","1","05","114","2018","11","19","5","3","5","3","2","0","1","0","0","0","1","1",566825.25000000000,5934552.71999999974,10.00876388200,53.55560114600
"02","1","05","114","2018","11","15","7","3","4","6","0","1","0","0","0","0","1","0",566584.02269999997,5934653.37679999974,10.00514448200,53.55653642200
"02","1","05","114","2018","11","06","2","3","2","6","2","0","1","0","0","0","0","1",566567.64029999997,5934792.89929999970,10.00492693300,53.55779241700
"02","1","05","114","2018","11","16","5","3","2","6","2","0","1","0","0","0","0","0",566187.17599999998,5934743.91199999955,9.99917390700,53.55740026900
"02","1","01","101","2018","11","18","6","3","4","2","2","0","1","0","0","0","0","0",566284.45600000001,5934548.60470000003,10.00060080000,53.55563272500
"02","1","01","101","2018","12","17","7","3","6","4","2","0","1","1","0","0","0","0",566212.08979999996,5934166.16559999995,9.99942757300,53.55220479300
"02","1","05","114","2018","11","23","5","3","6","4","2","0","1","1","0","0","0","0",567025.59369999997,5934796.72169999965,10.01183998700,53.55776849200
"02","1","05","114","2018","11","17","1","3","5","3","2","1","1","0","0","0","0","0",566759.12029999995,5934893.97620000038,10.00783867800,53.55867649600
"02","1","01","101","2018","11","18","7","3","2","6","2","0","1","0","0","0","0","0",566331.60629999998,5934522.64589999989,10.00130693200,53.55539347200
"02","1","05","114","2018","12","16","1","3","3","7","2","0","1","0","0","0","0","1",566789.61100000003,5934407.78639999963,10.00819501600,53.55430313500
"02","1","05","114","2018","12","18","7","3","2","6","2","0","1","0","0","0","0","1",566610.95999999996,5934819.79999999981,10.00558652400,53.55802868300
"02","1","05","114","2018","12","17","6","3","3","6","2","0","1","0","0","0","1","0",567047.19609999994,5934198.21750000026,10.01203767500,53.55238686600
"02","1","01","101","2018","12","15","1","3","4","2","0","0","1","0","0","0","0","1",566282.56099999999,5934546.36280000024,10.00057172300,53.55561281600
"02","1","05","114","2018","12","21","5","3","5","3","2","0","1","0","0","0","0","1",566574.78200000001,5934777.20799999963,10.00503138500,53.55765049000
"02","1","05","113","2018","12","18","6","3","1","5","1","0","1","0","0","0","0","1",567446.26370000001,5934623.43070000038,10.01815206400,53.55615721300
"02","1","05","113","2018","12","18","2","3","2","6","2","0","1","0","0","0","0","1",566824.56830000004,5934959.11579999980,10.00884048300,53.55925358900
"02","1","01","101","2018","12","07","4","3","1","5","2","0","0","0","0","1","1","1",566273.24329999997,5934032.82079999987,10.00032222500,53.55099867800
"02","1","05","114","2018","12","10","5","3","3","6","0","0","1","0","0","0","0","0",567368.11010000005,5933995.68159999978,10.01683720600,53.55052555800
"02","1","05","114","2018","12","18","1","2","6","2","2","0","1","1","0","0","0","1",567300.61880000005,5934131.44299999997,10.01584790800,53.55175432600
"02","1","01","101","2018","12","10","3","3","4","2","0","1","1","0","0","0","0","0",566283.58279999997,5934547.57160000037,10.00058740200,53.55562355100
"02","1","01","101","2018","12","23","2","3","2","2","2","0","1","0","0","0","0","1",566315.25349999999,5934568.30719999969,10.00106980700,53.55580590600
"02","1","05","113","2018","12","10","4","3","2","6","0","0","1","0","1","1","0","1",566825.84930000000,5934960.21200000029,10.00886005300,53.55926327800
"02","1","05","114","2018","12","14","2","3","1","5","0","0","1","0","0","0","0","0",567043.19590000005,5934197.78100000042,10.01197721200,53.55238345400
"02","1","05","114","2018","12","18","7","3","6","7","2","0","1","1","0","0","0","1",566950.32539999997,5934710.56830000039,10.01068545200,53.55700382200
"02","4","07","416","2018","01","14","1","3","5","3","0","0","1","0","0","0","0","0",567784.03249999997,5934863.97719999962,10.02330221500,53.55827553400
"02","4","07","416","2018","01","09","3","3","4","2","0","0","1","0","0","0","1","1",567335.83620000002,5935281.72379999980,10.01662720500,53.56208758000
"02","4","07","416","2018","02","09","1","3","1","7","0","0","1","0","0","0","0","1",567750.76980000001,5935009.58490000013,10.02283171900,53.55958842700
"02","4","07","416","2018","02","07","2","2","6","4","2","0","0","1","0","0","1","1",567414.29709999997,5935352.78170000017,10.01782692300,53.56271611600
"02","1","05","113","2018","03","06","3","3","2","6","1","0","1","0","1","0","0","0",567192.15709999995,5935262.63300000038,10.01445422600,53.56193442200
"02","1","05","113","2018","03","08","2","3","4","6","0","1","1","0","0","0","0","0",567616.24069999997,5934436.08939999994,10.02067702400,53.55445168000
"02","4","07","416","2018","03","12","7","3","6","4","0","0","1","1","0","0","0","0",567345.67509999999,5935271.77809999976,10.01677358200,53.56199693300
"02","4","07","416","2018","03","21","1","3","5","3","2","0","1","0","0","0","0","1",567262.62529999996,5935346.77400000021,10.01553607100,53.56268158400
"02","4","07","416","2018","04","15","1","3","1","5","0","1","1","0","0","0","0","1",567495.64359999995,5935397.21270000003,10.01906448400,53.56310496800
"02","4","07","416","2018","05","09","2","3","5","3","0","0","1","0","1","0","0","0",567260.80929999996,5935344.46430000011,10.01550816100,53.56266105900
"02","1","05","113","2018","05","10","3","3","3","7","0","0","1","0","0","0","0","0",567647.27599999995,5934284.61110000033,10.02111264600,53.55308632200
"02","4","07","416","2018","05","12","3","3","3","6","0","0","1","0","0","0","0","0",567474.35309999995,5935603.20999999996,10.01878758100,53.56495903500
"02","4","07","416","2018","06","16","7","3","9","5","0","0","1","0","0","0","0","0",567414.59840000002,5935202.10599999968,10.01779896200,53.56136193000
"02","4","07","416","2018","05","07","4","2","0","7","0","1","0","0","0","0","0","0",567455.83710000000,5935582.92750000022,10.01850367900,53.56477913400
"02","4","07","416","2018","06","16","3","3","2","6","0","0","1","0","0","0","0","0",567272.28899999999,5935403.11029999983,10.01569407900,53.56318664900
"02","4","07","416","2018","06","21","2","3","0","5","1","0","1","0","1","0","0","1",567883.41749999998,5935360.61000000034,10.02491020400,53.56272599900
"02","4","07","416","2018","06","20","6","3","6","4","0","0","0","1","1","0","0","0",567244.57590000005,5935367.73080000002,10.01526811700,53.56287224000
"02","4","07","416","2018","06","18","4","3","4","2","0","1","0","0","0","0","0","0",567209.20039999997,5935313.66270000022,10.01472247500,53.56239085200
"02","4","07","416","2018","06","18","4","3","4","6","0","1","0","0","0","0","0","0",567479.44579999999,5935612.71939999983,10.01886651500,53.56504384300
"02","4","07","416","2018","08","17","6","2","2","6","0","1","0","0","0","0","0","0",567198.91980000003,5935290.79559999984,10.01456236700,53.56218665800
"02","4","07","416","2018","08","13","6","3","0","7","0","1","0","0","0","0","0","0",567729.35309999995,5935328.62939999998,10.02257760000,53.56245849000
"02","4","07","416","2018","08","13","1","3","4","6","0","1","1","0","0","0","0","0",567564.85780000000,5935617.21559999976,10.02015689200,53.56507326100
"02","4","07","416","2018","09","22","5","3","3","2","2","1","1","0","0","0","0","0",567498.35970000003,5935614.96100000013,10.01915253000,53.56506155600
"02","4","07","417","2018","09","15","6","3","3","7","0","0","1","0","1","0","0","1",567906.98170000000,5935206.68510000035,10.02523246300,53.56133960700
"02","1","05","113","2018","09","15","2","3","5","3","0","1","1","0","0","0","0","0",567268.26950000005,5935209.04019999970,10.01559162100,53.56144302500
"02","4","07","416","2018","09","19","4","3","5","3","1","1","1","0","0","0","0","0",567430.11970000004,5935354.59829999972,10.01806616400,53.56273040900
"02","4","07","417","2018","09","22","4","2","2","6","2","0","1","0","1","0","0","0",567890.45759999997,5935497.06560000032,10.02504612800,53.56395143400
"02","4","07","416","2018","09","15","3","3","1","6","0","0","1","0","0","0","0","0",567326.20449999999,5935424.71949999966,10.01651262500,53.56337394100
"02","4","07","416","2018","10","14","4","3","2","6","0","0","1","0","1","0","0","0",567790.09430000000,5934901.25789999962,10.02340179800,53.55860979800
"02","4","07","416","2018","10","09","3","3","4","6","0","1","0","0","0","0","0","0",567278.47190000000,5935411.42480000015,10.01578920400,53.56326058000
"02","1","05","113","2018","10","09","2","3","5","3","0","1","1","0","0","0","0","0",567132.72759999998,5935188.50310000032,10.01354119900,53.56127580900
"02","1","05","113","2018","10","11","1","3","3","6","0","0","1","0","0","0","0","0",567643.28079999995,5934782.58310000040,10.02116011100,53.55756219000
"02","1","05","113","2018","10","14","2","3","5","2","0","1","1","0","0","0","0","0",567248.36659999995,5935177.07010000013,10.01528430600,53.56115825500
"02","4","07","416","2018","11","13","7","3","0","7","0","0","0","0","1","0","0","1",567469.69830000005,5935382.03050000034,10.01866954600,53.56297186000
"02","4","07","416","2018","12","16","2","2","5","3","2","1","1","0","0","0","0","0",567416.36719999998,5935353.82809999958,10.01785839800,53.56272525400
"02","4","07","416","2018","12","20","4","3","2","6","2","0","1","0","0","0","0","1",567654.59230000002,5934992.90209999960,10.02137637100,53.55945090200
"02","1","03","108","2018","01","02","7","3","5","3","2","0","1","0","0","0","0","1",565534.51199999999,5934834.52950000018,9.98934179300,53.55829656100
"02","3","02","312","2018","01","07","6","3","5","3","2","0","1","0","0","0","0","1",565632.09499999997,5935095.24749999959,9.99086946800,53.56062750300
"02","1","03","108","2018","01","17","4","3","0","6","2","0","1","0","0","0","1","1",565708.10880000005,5934326.27610000037,9.99185522300,53.55370706300
"02","1","03","108","2018","02","19","4","3","0","4","2","0","0","1","0","0","1","0",565489.78639999998,5934728.31479999982,9.98864444700,53.55734756600
"02","1","03","108","2018","01","14","4","3","3","6","0","0","1","0","0","0","1","1",565520.11549999996,5934840.50970000029,9.98912574500,53.55835210400
"02","1","03","108","2018","02","12","5","3","6","4","0","1","1","1","0","0","0","0",565249.19230000000,5934539.37700000033,9.98497354800,53.55567949500