ULAND,UREGBEZ,UKREIS,UGEMEINDE,UJAHR,UMONAT,USTUNDE,UWOCHENTAG,UKATEGORIE,UART,UTYP1,ULICHTVERH,IstRad,IstPKW,IstFuss,IstKrad,IstGkfz,IstSonstig,STRZUSTAND,LINREFX,LINREFY,XGCSWGS84,YGCSWGS84
"02","3","02","312","2018","01","19","5","3","0","4","2","0","0","1","0","0","1","0",565610.05099999998,5935064.08299999963,9.99053017400,53.56035017600
"02","1","03","108","2018","02","17","3","3","6","4","2","0","1","1","0","0","0","0",565401.31900000002,5934635.24899999984,9.98728967300,53.55652219000
"02","1","03","108","2018","02","17","4","3","3","6","0","0","1","0","0","0","1","0",565472.34510000004,5934683.19950000010,9.98837174300,53.55694427900
"02","1","03","108","2018","02","00","1","3","5","7","2","0","1","0","0","0","1","0",565519.67599999998,5934839.42399999965,9.98911888400,53.55834240100
"02","1","03","108","2018","03","15","5","3","0","1","0","0","0","0","1","0","0","1",565316.73129999998,5934797.40089999977,9.98604684200,53.55799002200
"02","1","03","108","2018","04","15","5","3","2","6","0","0","1","0","1","0","0","1",565190.68209999998,5934783.73159999959,9.98414141200,53.55788284300
"02","1","04","109","2018","03","08","4","3","3","2","0","1","1","0","0","0","0","1",565574.72939999995,5935012.60639999993,9.98998620100,53.55989195800
"02","1","03","108","2018","03","23","6","3","4","2","2","0","1","0","0","0","0","0",565535.05640000000,5934834.49320000038,9.98935000200,53.55829616700
"02","1","03","108","2018","03","18","6","3","2","6","0","0","1","0","0","0","0","0",565492.40000000002,5934508.26999999955,9.98863779000,53.55536964300
"02","3","02","312","2018","03","18","6","3","5","3","2","0","1","0","0","0","0","0",565844.63650000002,5934896.79360000044,9.99403593300,53.55881733100
"02","3","02","312","2018","04","18","1","3","3","2","0","0","1","0","1","0","0","0",565662.85549999995,5935126.54349999968,9.99134036900,53.56090492000
"02","1","03","108","2018","04","09","6","3","6","4","0","0","1","1","0","0","0","0",565450.52859999996,5934498.16940000001,9.98800371000,53.55528408800
"02","1","03","108","2018","04","17","3","3","2","6","0","0","1","0","0","0","1","0",565434.04070000001,5934578.32940000016,9.98777163900,53.55600656200
"02","1","03","108","2018","04","12","4","3","3","6","0","0","1","0","0","0","1","0",565522.75980000000,5934847.04160000011,9.98916702800,53.55841047700
"02","3","02","312","2018","04","16","3","3","3","2","0","1","0","0","0","0","0","0",565636.93940000003,5935099.10250000004,9.99094340300,53.56066154300
"02","1","03","108","2018","04","22","3","3","3","3","2","1","1","0","0","0","0","0",565591.71519999998,5934433.00320000015,9.99012095900,53.55468080100
"02","1","03","108","2018","04","13","7","3","0","7","0","0","1","0","0","0","1","0",565768.36789999995,5934263.40959999990,9.99275145000,53.55313452100
"02","3","02","312","2018","04","18","7","3","3","6","1","0","1","0","0","0","0","1",565914.27890000003,5934861.44240000006,9.99507967300,53.55849088100
"02","3","02","312","2018","04","14","1","2","2","3","0","1","1","0","0","0","0","0",565816.79460000002,5934890.36649999954,9.99361432900,53.55876306100
"02","1","03","108","2018","04","16","1","3","5","2","0","0","1","0","0","0","0","0",565165.19940000004,5934771.87650000025,9.98375430700,53.55777946200
"02","1","03","108","2018","05","21","7","3","0","5","1","0","1","0","1","0","0","0",565503.84829999995,5934206.87409999967,9.98874742500,53.55265949400
"02","1","03","108","2018","05","13","3","3","4","2","0","0","1","0","0","0","0","0",565165.50989999995,5934772.03299999982,9.98375902600,53.55778083000
"02","1","03","108","2018","05","03","2","3","4","2","2","0","1","0","0","0","0","0",565533.13789999997,5934834.62100000028,9.98932107100,53.55829755500
"02","1","03","108","2018","05","15","3","3","4","2","0","1","1","0","0","0","0","0",565829.32460000005,5934785.80020000041,9.99378143400,53.55782172900
"02","1","03","108","2018","04","05","6","3","5","3","1","0","1","0","1","0","0","0",565586.15930000006,5934265.54640000034,9.99000197300,53.55317652000
"02","1","03","108","2018","05","19","3","3","3","6","0","0","1","0","1","0","0","0",565199.33739999996,5934617.39250000007,9.98423735600,53.55638683500
"02","1","03","108","2018","05","09","5","3","0","7","0","0","0","0","0","0","1","0",565517.22990000003,5934833.97869999986,9.98908082100,53.55829376800
"02","1","03","108","2018","05","11","5","3","4","2","0","0","1","0","1","0","0","0",565330.41529999999,5934539.00949999969,9.98619937900,53.55566609000
"02","1","03","108","2018","06","20","6","3","6","7","0","1","0","1","0","0","0","0",565699.82250000001,5934528.68809999991,9.99177270400,53.55552722600
"02","1","03","108","2018","05","14","6","3","3","7","0","0","1","0","0","0","1","0",565440.94629999995,5934607.53399999999,9.98788198100,53.55626817000
"02","3","02","312","2018","06","03","6","3","5","3","1","0","1","0","0","0","0","0",565616.84860000003,5935078.14520000014,9.99063573500,53.56047570700
"02","1","03","108","2018","06","12","6","3","5","7","0","1","1","0","0","0","0","0",565525.15910000005,5934852.96850000042,9.98920448600,53.55846344400
"02","3","02","312","2018","06","10","6","3","4","6","0","1","0","0","0","0","0","0",565814.62399999995,5934847.98599999957,9.99357264000,53.55838245000
"02","3","02","312","2018","06","08","6","3","6","4","0","1","0","1","0","0","0","0",565970.58420000004,5934993.72339999955,9.99595747300,53.55967264600
"02","3","02","312","2018","06","16","7","2","6","4","0","0","1","1","0","0","0","1",565814.43440000003,5934890.99160000030,9.99357883500,53.55876897500
"02","1","03","108","2018","06","21","7","3","5","3","1","0","1","0","0","0","0","0",565539.95250000001,5934834.16689999960,9.98942383600,53.55829262300
"02","1","03","108","2018","06","20","6","3","4","6","0","1","0","0","0","0","0","0",565314.71490000002,5934812.26630000025,9.98601951400,53.55812387200
"02","3","02","312","2018","06","15","3","3","2","6","0","0","0","0","1","0","1","0",565801.96889999998,5934894.53180000000,9.99339142400,53.55880235500
"02","3","02","312","2018","06","10","5","3","2","6","0","0","1","0","0","0","0","1",565634.48780000000,5935062.01159999985,9.99089860600,53.56032850500
"02","1","03","108","2018","07","15","2","3","0","6","0","0","1","0","1","0","0","0",565617.30299999996,5934408.79100000020,9.99050206600,53.55446000300
"02","1","03","108","2018","07","13","5","3","3","2","0","1","1","0","0","0","0","0",565588.10670000000,5935015.43979999982,9.99018872000,53.55991575100
"02","1","03","108","2018","07","16","2","3","3","6","0","0","1","0","0","0","1","0",565465.22430000000,5934668.97539999988,9.98826128500,53.55681733200
"02","1","03","108","2018","06","13","7","3","0","7","0","1","0","0","0","0","0","0",565201.58120000002,5934513.85059999954,9.98424962400,53.55545599900
"02","3","02","312","2018","06","16","6","3","5","3","0","0","1","0","0","0","0","0",565825.62789999996,5934875.77290000021,9.99374458600,53.55863079800
"02","1","03","108","2018","06","14","6","3","0","7","0","1","0","0","0","0","0","0",565822.08279999997,5934207.97640000004,9.99355045400,53.55262959800
"02","1","03","108","2018","07","07","1","2","5","2","0","1","1","0","0","0","0","0",565825.47999999998,5934778.87000000011,9.99372194400,53.55775992700
"02","1","03","108","2018","07","17","4","3","2","6","0","1","1","0","0","0","0","0",565479.56900000002,5934820.41420000046,9.98850952400,53.55817656000
"02","1","03","108","2018","07","18","6","3","5","3","0","1","1","0","0","0","0","0",565536.68189999997,5934834.38489999995,9.98937451500,53.55829499000
"02","3","02","312","2018","06","13","4","3","5","3","0","0","1","0","0","0","0","0",565824.50009999995,5934873.88009999972,9.99372716400,53.55861392800
"02","1","03","108","2018","07","11","3","3","2","6","0","0","1","0","0","1","0","0",565612.75199999998,5934795.41729999986,9.99051453800,53.55793527600
"02","1","03","108","2018","07","22","5","3","0","7","2","0","1","0","0","0","1","0",565520.18440000003,5934840.67989999987,9.98912682100,53.55835362500
"02","3","02","312","2018","08","07","2","2","5","3","0","1","1","0","0","0","0","0",565876.56000000006,5934872.08999999985,9.99451258500,53.55859130900
"02","1","03","108","2018","08","09","6","3","0","7","0","1","0","0","0","0","1","0",565452.80350000004,5934436.80989999976,9.98802519700,53.55473235100
"02","1","03","108","2018","07","14","4","3","3","7","0","0","1","0","0","0","0","0",565472.00379999995,5934682.49839999992,9.98836644400,53.55693802100
"02","1","03","108","2018","08","17","3","2","1","6","0","0","1","0","0","0","0","0",565173.63840000005,5934776.12930000015,9.98388257100,53.55781663500
"02","1","03","108","2018","08","17","7","3","6","7","0","0","1","1","0","0","0","0",565481.10389999999,5934522.86299999990,9.98847035500,53.55550220300
"02","1","03","108","2018","09","10","3","3","5","2","0","1","1","0","0","0","0","0",565461.94629999995,5934674.00820000004,9.98821286300,53.55686297200
"02","3","02","312","2018","09","09","6","3","5","3","0","1","0","0","0","0","1","0",565839.24899999995,5934912.60900000017,9.99395794500,53.55896014400
"02","1","03","108","2018","09","15","5","3","6","4","0","1","0","1","0","0","0","0",565557.47420000006,5934464.61689999979,9.98961079800,53.55496919900
"02","1","03","108","2018","09","19","4","3","5","3","0","0","1","0","1","0","0","0",565799.22930000001,5934225.59619999956,9.99320925700,53.55279081600
"02","3","02","312","2018","09","10","7","3","0","7","0","0","0","0","1","0","0","0",565618.31599999999,5935080.48599999957,9.99065837600,53.56049656100
"02","1","03","108","2018","09","12","5","3","5","4","0","1","0","1","0","0","0","0",565470.53300000005,5934835.36400000006,9.98837626600,53.55831204500
"02","1","03","108","2018","09","15","2","3","2","6","0","0","1","0","0","0","0","0",565709.52049999998,5934324.79260000028,9.99187621700,53.55369355400
"02","1","03","108","2018","09","09","2","3","5","3","0","1","1","0","0","0","0","0",565209.69790000003,5934641.16739999969,9.98439869100,53.55659922000
"02","3","02","312","2018","10","13","2","3","4","6","0","1","0","0","0","0","0","0",565734.75109999999,5934929.86340000015,9.99238425700,53.55912831000
"02","1","03","108","2018","10","17","4","3","6","7","0","1","0","1","0","0","0","0",565372.50370000000,5934805.66839999985,9.98689039700,53.55805738100
"02","1","03","108","2018","10","12","3","3","3","6","0","0","1","0","0","0","0","1",565281.73520000000,5934807.69450000022,9.98552076400,53.55808688700
"02","3","02","312","2018","10","08","3","3","5","3","0","1","1","0","0","0","0","0",565883.50210000004,5934902.65589999966,9.99462381400,53.55886514000
"02","1","03","108","2018","10","04","1","3","1","5","2","1","1","0","0","0","0","0",565622.52980000002,5934793.21420000028,9.99066166000,53.55791425400
"02","3","02","312","2018","11","14","4","3","1","7","0","1","1","0","0","0","0","0",565615.03189999994,5935074.38690000027,9.99060752300,53.56044215700
"02","1","03","108","2018","11","12","6","3","1","5","0","1","1","0","0","0","0","0",565399.45609999995,5934536.26439999975,9.98724084500,53.55563282300
"02","1","03","108","2018","11","12","4","3","0","1","0","1","0","0","0","0","0","0",565486.03570000001,5934510.96800000034,9.98854229800,53.55539468400
"02","1","03","108","2018","11","17","1","3","2","6","2","0","1","0","0","0","0","1",566046.18220000004,5934692.78579999972,9.99703498900,53.55695854600
"02","1","03","108","2018","11","14","7","3","3","2","0","1","1","0","0","0","0","1",565778.42150000005,5934741.83119999990,9.99300385600,53.55743295000
"02","1","03","108","2018","12","15","2","3","6","7","0","0","1","1","0","0","0","0",565682.26760000002,5934611.55900000036,9.99152516100,53.55627420400
"02","1","03","108","2018","12","19","2","2","6","4","2","0","1","1","0","0","0","0",565188.82079999999,5934706.72850000020,9.98409725700,53.55719102700
"02","1","01","101","2018","03","19","3","3","6","4","2","0","1","1","0","0","0","0",566070.11430000002,5933645.17829999980,9.99717482100,53.54754044500
"02","1","01","101","2018","02","10","3","3","2","6","0","0","1","0","0","0","0","0",566414.80859999999,5933633.86679999996,10.00237390600,53.54739530200
"02","1","01","101","2018","01","13","2","3","2","6","0","0","1","0","0","0","1","0",566398.54119999998,5933637.34889999963,10.00212916900,53.54742865300
"02","1","01","101","2018","06","15","4","3","4","6","0","1","0","1","0","0","0","0",566466.48699999996,5933634.07600000035,10.00315378200,53.54739064300
"02","1","01","101","2018","11","11","7","3","2","6","0","0","1","0","0","0","0","0",566355.47600000002,5933647.34949999955,10.00148143200,53.54752397500
"02","1","01","101","2018","08","07","5","3","2","6","0","0","1","0","0","0","0","0",566268.20799999998,5933659.47599999979,10.00016711500,53.54764397900
"02","1","01","101","2018","01","00","2","3","3","7","2","0","1","0","0","0","0","1",566070.66680000001,5934681.41019999981,9.99740214300,53.55685323000
"02","1","01","101","2018","01","18","2","3","2","6","2","0","1","0","0","0","0","1",566074.47499999998,5934679.64090000000,9.99745924800,53.55683684900
"02","1","01","101","2018","03","13","2","3","0","7","0","1","1","0","0","0","0","1",566215.20440000005,5933834.92569999956,9.99940443100,53.54922747200
"02","1","01","101","2018","04","20","5","3","3","2","2","0","1","0","0","0","0","0",566669.07999999996,5933740.38760000002,10.00623358900,53.54832040500
"02","1","01","101","2018","04","18","5","3","0","6","0","0","1","0","1","0","0","0",566655.82389999996,5933754.46150000021,10.00603654900,53.54844857300
"02","1","01","101","2018","04","16","7","3","0","7","0","0","1","0","1","0","0","0",566072.13610000000,5934296.06390000042,9.99734286900,53.55338985100
"02","1","01","101","2018","05","09","3","3","1","6","0","0","1","0","0","0","0","0",566558.79090000002,5933583.39209999982,10.00453586800,53.54692344400
"02","1","01","101","2018","06","23","7","3","3","6","2","0","1","0","0","0","0","1",566626.65269999998,5933655.96059999987,10.00557535700,53.54756702700
"02","1","01","101","2018","06","21","5","3","2","6","1","0","1","0","0","0","0","0",566641.89989999996,5933792.37770000007,10.00583451000,53.54879110100
"02","1","01","101","2018","06","09","4","3","1","5","0","1","1","0","0","0","0","0",566379.42310000001,5933688.71449999977,10.00185157700,53.54789270500
"02","1","01","101","2018","06","15","3","3","5","3","0","0","1","0","0","0","0","0",566636.34360000002,5933732.87440000009,10.00573798300,53.54825703800
"02","1","01","101","2018","06","17","5","3","2","6","0","0","1","0","0","0","0","0",566721.10889999999,5933711.73859999981,10.00701261300,53.54805632200
"02","1","01","101","2018","06","12","6","3","3","6","0","0","1","0","0","0","0","0",566670.40370000002,5933720.61500000022,10.00624934900,53.54814253600
"02","1","01","101","2018","07","15","3","3","3","6","0","0","1","0","0","0","0","0",566538.76839999994,5933561.80169999972,10.00422913700,53.54673194400
"02","1","06","115","2018","08","17","4","3","3","6","0","0","1","0","0","0","0","1",566691.13699999999,5933871.89900000021,10.00659448600,53.54949952500
"02","1","01","101","2018","08","21","6","3","0","1","2","0","0","0","1","0","0","0",566693.23499999999,5933714.06900000013,10.00659248500,53.54808080700
"02","1","01","101","2018","09","10","2","3","5","3","0","0","1","0","0","0","0","0",566667.75749999995,5933719.08669999987,10.00620909100,53.54812913700
"02","1","01","101","2018","10","20","3","3","8","1","2","0","1","0","0","0","0","0",566650.59299999999,5933852.24399999995,10.00597845400,53.54932802900
"02","1","01","101","2018","10","07","4","3","5","3","1","0","1","0","1","0","0","0",566217.67429999996,5933579.97059999965,9.99938771800,53.54693582100
"02","1","01","101","2018","11","09","6","3","2","6","0","0","1","0","0","0","1","0",566576.89099999995,5933602.90940000024,10.00481315200,53.54709655600
"02","1","01","101","2018","11","00","5","3","5","7","2","0","1","0","0","0","0","0",566145.64199999999,5933906.78199999966,9.99836988200,53.54988202900
"02","1","06","118","2018","04","16","7","3","2","6","0","0","1","0","1","0","0","0",568730.48540000001,5933648.82189999986,10.03732065200,53.54723171500
"02","1","06","118","2018","10","04","6","3","3","7","2","0","1","0","1","0","0","0",569037.78769999999,5933761.29559999984,10.04198262600,53.54820221600
"02","1","06","118","2018","10","18","7","3","3","2","2","0","1","0","1","0","0","0",568941.43389999995,5933736.64030000009,10.04052319300,53.54799329600
"02","1","08","126","2018","10","11","2","3","2","6","0","0","0","0","0","0","1","0",569100.61270000006,5933882.45349999983,10.04295744000,53.54928281100
"02","1","06","118","2018","11","11","2","3","5","3","0","0","1","0","0","0","0","0",569067.33669999999,5933940.51659999974,10.04246811100,53.54980900900
"02","1","02","103","2018","03","12","2","3","4","2","0","0","1","1","0","0","0","0",565821.53029999998,5932991.74770000018,9.99328613900,53.54169911800
"02","1","02","103","2018","03","17","6","3","3","6","0","1","1","0","0","0","0","0",565604.26069999998,5933166.96590000018,9.99004469600,53.54330103500
"02","1","02","103","2018","03","17","5","3","3","6","1","0","1","0","0","0","1","1",566028.92720000003,5933218.63630000036,9.99646325300,53.54371218900
"02","1","03","105","2018","04","13","2","2","2","6","0","0","1","0","0","0","1","0",565034.07999999996,5933242.33999999985,9.98145706800,53.54404936000
"02","1","02","103","2018","04","08","4","3","6","7","0","0","1","1","0","0","0","0",565878.78670000006,5932776.45050000027,9.99410469500,53.53975700800
"02","1","02","103","2018","05","19","2","3","1","6","0","1","1","0","0","0","0","0",565289.55079999997,5932968.44859999977,9.98525469800,53.54155612300
"02","1","03","105","2018","05","22","7","3","4","6","2","1","0","1","0","0","0","0",565166.86659999995,5933302.84819999989,9.98347329000,53.54457670300
"02","1","03","105","2018","07","22","4","2","5","3","2","1","1","0","0","0","0","0",565114.16390000004,5933260.39250000007,9.98266921100,53.54420167900
"02","1","02","103","2018","07","15","5","3","6","4","0","0","1","1","0","0","0","0",565412.31229999999,5933123.33719999995,9.98713932000,53.54293287400
"02","1","03","105","2018","08","05","1","3","5","3","0","1","1","0","0","0","0","0",565113.16220000002,5933261.74179999996,9.98265437800,53.54421393000
"02","1","02","103","2018","09","13","3","3","4","7","0","0","1","0","1","0","0","0",566123.53440000000,5933247.64900000021,9.99789689500,53.54396103000
"02","1","02","103","2018","10","16","1","3","3","7","0","0","1","0","0","0","0","0",565618.86470000003,5933149.86969999969,9.99026146400,53.54314556200
"02","1","02","103","2018","11","17","5","3","6","4","2","0","1","1","0","0","0","0",566086.73069999996,5933370.89549999963,9.99736760800,53.54507330900
"02","1","02","103","2018","11","11","2","3","0","6","0","1","0","0","0","0","1","0",565467.74800000002,5932955.90099999961,9.98794072600,53.54142117300
"02","1","02","103","2018","12","16","5","3","6","4","2","0","1","1","0","0","0","0",566087.12130000000,5933369.10479999986,9.99737312400,53.54505716600
"02","1","12","130","2018","06","14","5","3","1","6","0","0","1","0","0","0","0","0",572524.12349999999,5933202.50050000008,10.09446179200,53.54271039900
"02","1","08","125","2018","04","15","3","3","2","6","0","0","1","0","0","0","0","0",570153.90480000002,5934085.72829999961,10.05889775800,53.55096998100
"02","1","08","125","2018","03","10","7","3","2","6","0","0","1","0","0","0","0","1",570575.67000000004,5934015.98660000041,10.06524690300,53.55028668500
"02","1","08","125","2018","11","14","3","3","2","6","0","0","1","0","0","0","1","1",570002.40099999995,5934110.27159999963,10.05661689400,53.55121077500
"02","1","08","125","2018","07","14","1","3","3","2","0","0","1","0","1","0","0","0",570400.37049999996,5934034.90490000043,10.06260574800,53.55048023900
"02","1","08","125","2018","01","19","1","3","5","2","2","1","1","0","0","0","0","1",570076.26170000003,5934520.11809999961,10.05782340600,53.55488423700
"02","1","08","123","2018","01","07","5","3","2","6","2","0","1","0","0","0","0","0",570103.14989999996,5934516.90280000027,10.05822849500,53.55485175100
"02","1","08","123","2018","03","19","2","3","2","6","2","0","1","0","0","0","0","0",570129.59299999999,5934513.74069999997,10.05862687700,53.55481980100
"02","1","08","125","2018","04","12","4","3","5","3","0","0","1","0","0","0","0","0",570420.43189999997,5934457.78259999957,10.06300374200,53.55427796900
"02","1","08","125","2018","05","23","1","2","5","3","2","0","1","0","0","0","0","0",570303.92900000000,5934483.69419999979,10.06125127800,53.55452645300
"02","1","08","126","2018","05","19","7","3","0","5","0","1","1","0","0","0","0","0",570179.85690000001,5933953.54800000042,10.05925973600,53.54977860100
"02","1","08","123","2018","05","17","6","3","5","3","0","0","1","0","0","0","0","0",570455.10400000005,5934448.68599999975,10.06352497200,53.55419156600
"02","1","08","125","2018","05","18","5","3","4","2","0","0","1","0","0","0","0","0",570115.81689999998,5934232.23790000007,10.05835582600,53.55229176000
"02","1","08","123","2018","05","08","4","3","2","6","0","0","1","0","0","0","0","0",570241.99890000001,5934497.41700000037,10.06031969100,53.55465807100
"02","1","08","125","2018","07","17","6","2","5","2","0","1","1","0","0","0","0","0",570055.54619999998,5934504.78220000025,10.05750732100,53.55474917700
"02","1","08","125","2018","06","08","5","3","3","2","0","1","1","0","0","0","0","0",570062.38890000002,5934425.40720000025,10.05759280400,53.55403491600
"02","1","08","125","2018","08","15","7","3","5","2","0","1","1","0","0","0","0","0",570064.09710000001,5934425.62469999958,10.05761863300,53.55403664300
"02","1","08","125","2018","08","16","4","3","4","2","0","1","1","0","0","0","0","0",570453.76870000002,5934449.05489999987,10.06350490200,53.55419506000
"02","1","08","125","2018","08","16","4","3","5","3","0","0","1","0","1","0","0","0",570457.13139999995,5934448.26250000019,10.06355547500,53.55418748800
"02","1","08","125","2018","10","09","6","3","5","2","0","0","1","0","0","0","1","0",570061.17610000004,5934521.92200000025,10.05759613100,53.55490246200
"02","1","08","123","2018","10","15","6","3","2","6","0","0","1","0","0","0","0","0",570482.35349999997,5934442.94419999979,10.06393493300,53.55413630600
"02","1","08","125","2018","10","14","7","3","5","3","0","0","1","0","0","0","0","0",570030.47219999996,5934228.84489999991,10.05706708000,53.55227265700
"02","1","08","125","2018","11","17","5","3","2","2","2","0","1","0","0","0","0","1",570067.81810000003,5934424.05169999972,10.05767443900,53.55402201000
"02","1","08","123","2018","11","14","2","3","2","6","0","0","1","0","0","0","0","0",570554.05489999999,5934429.37480000034,10.06501400100,53.55400472600
"02","1","08","125","2018","11","10","6","3","5","3","0","0","1","0","0","0","0","0",570561.00009999995,5934424.02780000027,10.06511761200,53.55395573900
"02","1","08","125","2018","12","18","6","3","5","3","2","1","1","0","0","0","0","1",570048.21759999997,5934423.60290000029,10.05737852400,53.55402059200
"02","6","01","601","2018","01","06","5","3","2","6","2","0","0","0","0","0","1","1",575350.27029999997,5931403.06280000042,10.13666892200,53.52614126100
"02","1","12","130","2018","01","21","2","2","2","6","2","0","1","0","0","0","0","1",572647.48060000001,5932903.33800000045,10.09625353200,53.54000478800
"02","1","12","130","2018","05","09","4","3","2","6","0","0","0","0","0","1","0","0",574861.97979999997,5931193.58810000028,10.12925449400,53.52432852200
"02","1","12","130","2018","04","16","4","3","2","6","0","0","1","0","0","0","0","0",573774.72300000000,5935815.59649999999,10.11394739500,53.56601982200
"02","1","12","130","2018","01","09","4","3","3","6","0","0","1","0","0","1","0","0",574720.53760000004,5930994.88379999995,10.12707395800,53.52256291600
"02","1","12","130","2018","04","14","3","3","8","6","0","0","1","0","0","0","1","0",574412.78910000005,5931801.70050000027,10.12262463400,53.52985736300
"02","1","12","130","2018","01","02","2","3","1","7","2","0","1","0","0","0","0","1",574214.71369999996,5935876.66739999969,10.12060406800,53.56650661500
"02","1","12","130","2018","02","13","3","2","2","6","0","0","1","0","0","0","0","0",574924.23309999995,5931619.36519999988,10.13029522900,53.52814605900
"02","1","12","130","2018","03","14","7","2","2","6","0","0","1","0","0","1","0","0",575902.85250000004,5933070.30779999960,10.14540718700,53.54104497600
"02","1","12","130","2018","04","10","4","3","2","6","0","0","1","0","0","1","0","0",575490.91020000004,5932140.97640000004,10.13896796400,53.53275259500
"02","1","12","130","2018","04","07","2","3","8","1","0","0","1","0","0","0","0","0",576388.32059999998,5934792.76130000036,10.15315224200,53.55645390000
"01","0","62","009","2018","12","06","7","3","3","6","2","0","1","0","0","0","0","1",576026.18070000003,5935637.33509999979,10.14789208600,53.56409646900
"02","1","12","130","2018","11","18","6","3","3","3","2","0","1","0","0","0","0","0",574952.67079999996,5931628.80470000021,10.13072640300,53.52822683500
"02","1","12","130","2018","07","14","2","3","3","6","0","0","1","0","0","1","1","0",575416.76789999998,5932049.73350000009,10.13782760200,53.53194325700
"02","1","12","130","2018","06","16","3","3","2","6","0","0","1","0","0","0","0","0",573855.56610000005,5935829.86799999978,10.11517119100,53.56613670700
"02","1","12","130","2018","09","14","7","3","2","6","0","0","1","0","0","0","0","0",575231.69949999999,5931483.08069999982,10.13489987600,53.52687735900
"02","1","12","130","2018","08","13","7","3","3","6","0","0","1","0","0","0","0","0",575232.47019999998,5931482.60290000029,10.13491138500,53.52687295500
"02","6","01","601","2018","11","08","2","3","2","6","0","0","1","0","0","0","1","1",576253.92050000001,5930822.63829999976,10.15015628800,53.52079474200
"02","1","12","130","2018","06","10","2","3","2","6","0","0","0","0","0","1","0","0",575214.88089999999,5931663.53170000017,10.13468956300,53.52850145500
"02","1","12","130","2018","07","07","5","3","2","6","0","0","1","0","0","0","0","0",575262.57920000004,5931774.36400000006,10.13543562600,53.52949066000
"02","1","12","130","2018","10","09","4","3","2","6","0","0","1","0","0","0","0","1",575080.73479999998,5931574.63229999971,10.13264495600,53.52772171200
"02","1","12","130","2018","09","19","2","3","2","6","0","0","1","0","0","0","0","0",574272.65070000000,5935947.52080000006,10.12149555000,53.56713516600
"02","1","12","130","2018","12","08","2","3","2","6","0","0","1","0","0","0","0","1",574199.56880000001,5931958.00079999957,10.11944561800,53.53129217300
"02","1","12","130","2018","10","13","5","3","2","6","0","0","1","0","0","0","1","0",575092.01870000002,5931548.14749999996,10.13280879300,53.52748208400
"02","1","12","130","2018","07","07","6","2","3","6","0","0","0","0","1","1","0","0",576035.54740000004,5933533.02589999977,10.14752164100,53.54518413900
"02","1","12","130","2018","10","13","4","3","3","6","0","0","1","0","0","1","0","0",576148.02249999996,5933975.17630000040,10.14932638700,53.54914135500
"02","1","12","130","2018","08","18","4","3","2","6","0","0","1","0","0","0","0","0",574945.13840000005,5931614.26900000032,10.13060931500,53.52809727900
"02","1","12","130","2018","05","11","2","3","3","6","0","0","1","0","0","1","0","0",576779.86089999997,5935246.32380000036,10.15917300600,53.56047282700
"02","1","12","130","2018","08","15","3","3","8","7","0","0","1","0","0","0","0","0",576365.76089999999,5934684.23859999981,10.15278524500,53.55548191400
"02","1","12","130","2018","11","06","4","3","2","6","1","0","1","0","0","0","1","0",574832.88450000004,5931648.69479999971,10.12892446200,53.52842265800
"02","1","12","130","2018","08","16","6","3","2","6","0","0","1","0","0","0","0","0",575472.65700000001,5932149.05269999988,10.13869457600,53.53282779800
"02","1","12","130","2018","11","18","2","3","2","6","2","0","1","0","0","0","0","1",575997.90249999997,5935648.16139999963,10.14746785200,53.56419785800
"02","1","12","130","2018","01","00","1","3","8","1","2","0","1","0","0","0","0","1",575260.78540000005,5931558.15199999977,10.13535659800,53.52754785000
"02","1","12","130","2018","01","19","4","3","1","5","2","0","1","0","0","1","0","0",573865.53570000001,5932240.75079999957,10.11447384800,53.53388029100
"02","1","12","130","2018","01","15","3","3","3","6","0","0","1","0","0","0","0","0",572697.47910000000,5933127.60869999975,10.09705997200,53.54201338200
"02","1","12","130","2018","01","15","5","3","5","3","0","1","1","0","0","0","0","1",573941.71230000001,5935686.09630000032,10.11643764200,53.56483251800
"02","1","12","130","2018","01","19","2","3","2","7","2","0","1","0","0","0","0","1",576131.25100000005,5930972.22439999972,10.14834280000,53.52215683000
"02","1","12","130","2018","01","15","6","3","5","2","0","1","1","0","0","0","0","0",576191.03189999994,5931558.37679999974,10.14938692800,53.52741581600
"02","1","12","130","2018","01","19","6","3","4","7","2","0","1","0","0","0","1","1",572751.66509999998,5933089.26530000009,10.09786859800,53.54166128800
"02","1","12","130","2018","01","18","7","2","4","2","2","0","1","0","0","0","0","0",575847.71380000003,5933529.60730000027,10.14468666700,53.54518058000
"02","1","12","130","2018","01","19","6","3","3","7","2","0","1","0","0","0","0","1",574064.96360000002,5932089.74849999975,10.11744643200,53.53249517000
"02","1","12","130","2018","01","20","5","3","6","4","2","0","1","1","0","0","0","1",573379.24239999999,5933128.70320000034,10.10734645200,53.54192840900
"02","1","12","130","2018","01","20","3","3","6","4","2","0","1","1","0","0","0","1",576195.26599999995,5931815.97860000003,10.14951347800,53.52973022200
"02","1","12","130","2018","01","16","4","3","6","7","2","0","1","1","0","0","0","1",576307.91989999998,5931823.09279999975,10.15121437900,53.52977780800
"02","1","12","130","2018","01","17","3","3","6","2","2","0","1","1","0","0","0","0",574970.51500000001,5932449.21490000002,10.13119202900,53.53559721000