ULAND,UREGBEZ,UKREIS,UGEMEINDE,UJAHR,UMONAT,USTUNDE,UWOCHENTAG,UKATEGORIE,UART,UTYP1,ULICHTVERH,IstRad,IstPKW,IstFuss,IstKrad,IstGkfz,IstSonstig,STRZUSTAND,LINREFX,LINREFY,XGCSWGS84,YGCSWGS84
"02","1","12","130","2018","01","04","5","3","8","1","2","0","1","0","0","0","0","1",574287.95369999995,5932013.99830000009,10.12079208600,53.53178292800
"02","1","12","130","2018","02","18","6","3","4","6","2","0","1","0","0","0","0","1",574511.36040000001,5935215.96459999960,10.12492476600,53.56052694500
"02","1","12","130","2018","02","07","3","3","5","3","0","0","1","0","0","0","1","2",573944.88179999997,5932684.48180000018,10.11577560800,53.53785690100
"02","1","12","130","2018","02","12","6","3","2","6","0","0","1","0","0","0","0","1",574312.97919999994,5935892.77130000014,10.12209134500,53.56663743100
"02","1","12","130","2018","02","22","6","3","5","3","2","0","1","0","0","0","0","1",572797.65159999998,5933176.06329999957,10.09858262200,53.54243496600
"02","1","12","130","2018","03","16","3","3","1","5","0","0","1","0","0","0","0","0",576026.38249999995,5931072.09989999980,10.14678558500,53.52306957400
"02","1","12","130","2018","02","10","3","3","6","4","0","0","1","1","0","0","0","2",576233.02099999995,5931962.84700000007,10.15011870400,53.53104462500
"02","1","12","130","2018","03","09","4","3","2","2","0","0","1","0","0","0","0","0",574439.79859999998,5932751.67040000018,10.12325796200,53.53839081400
"02","1","12","130","2018","04","14","1","3","6","4","0","0","0","1","0","0","1","0",575895.39980000001,5932153.95529999956,10.14507250700,53.53281095900
"02","1","12","130","2018","03","09","7","3","2","6","0","0","1","0","0","0","0","0",573501.51359999995,5933107.03180000000,10.10918614300,53.54171655200
"02","1","12","130","2018","03","16","1","2","4","6","0","0","1","0","0","0","0","0",574928.75190000003,5933735.13239999954,10.13087000200,53.54715952500
"02","1","12","130","2018","03","18","7","3","2","4","1","0","1","1","0","0","0","1",573286.16099999996,5933182.88800000027,10.10595476700,53.54242836000
"02","1","12","130","2018","03","14","2","3","2","6","0","0","1","0","0","0","0","0",576093.92640000000,5933362.42779999971,10.14836099600,53.54364255300
"02","1","12","130","2018","04","14","6","3","4","2","0","0","1","0","0","0","1","0",573909.19970000000,5934852.40699999966,10.11574965300,53.55734483800
"02","1","12","130","2018","04","08","2","3","2","7","0","1","1","0","0","0","0","0",574173.93180000002,5932674.94859999977,10.11922882600,53.53773893300
"02","1","12","130","2018","04","23","7","2","4","2","2","0","1","0","0","0","0","1",574101.30700000003,5932074.29189999960,10.11799098600,53.53235113800
"02","1","12","130","2018","04","17","7","3","5","7","0","0","1","0","0","0","0","1",574759.21930000000,5932809.93379999977,10.12809075100,53.53886905600
"02","1","12","130","2018","04","12","4","3","5","3","0","0","1","0","0","0","0","0",576116.54920000001,5930977.71789999958,10.14812242600,53.52220832800
"02","1","12","130","2018","04","08","6","3","5","2","0","1","1","0","0","0","0","0",574753.13820000004,5932808.96549999993,10.12799877800,53.53886122000
"02","1","12","130","2018","04","19","2","3","5","3","0","1","1","0","0","0","0","0",576207.93900000001,5931816.13729999959,10.14970466500,53.52972981100
"02","1","12","130","2018","04","19","2","2","3","6","0","0","1","0","0","0","0","0",573033.19949999999,5932911.99949999992,10.10207488800,53.54002913700
"02","1","12","130","2018","05","15","7","3","5","3","0","1","1","0","0","0","0","0",575128.29550000001,5931861.28100000042,10.13343107300,53.53029098900
"02","1","12","130","2018","04","10","7","3","5","3","0","0","1","0","0","0","0","0",575934.71869999997,5934006.81089999992,10.14611531500,53.54945654000
"02","1","12","130","2018","04","12","6","3","5","3","0","0","1","0","0","0","1","0",573586.60589999997,5932899.63819999993,10.11042119700,53.53984080700
"02","1","12","130","2018","04","11","5","3","1","6","0","0","1","0","0","0","0","0",575030.17359999998,5933736.40319999959,10.13240069700,53.54715646400
"02","1","12","130","2018","05","14","6","3","4","2","0","1","1","0","0","0","0","0",573578.60019999999,5934168.03129999992,10.11059880100,53.55124086700
"02","1","12","130","2018","05","17","7","3","5","2","0","0","1","0","0","0","1","0",573916.06510000001,5934853.98120000027,10.11585364500,53.55735801800
"02","1","12","130","2018","04","12","4","3","2","6","0","0","1","0","1","0","0","0",574716.51509999996,5933039.82160000037,10.12750139500,53.54094110400
"02","1","12","130","2018","05","17","5","3","5","3","0","0","1","0","0","0","0","0",576116.06499999994,5930976.30900000036,10.14811478200,53.52219573700
"02","1","12","130","2018","05","14","1","3","0","7","0","0","0","0","0","0","1","0",575903.52359999996,5931818.98620000016,10.14511382700,53.52979947600
"02","1","12","130","2018","05","11","4","3","8","1","0","0","1","0","0","0","0","0",574539.61880000005,5931910.45160000026,10.12456353300,53.53081672100
"02","1","12","130","2018","06","08","6","3","1","6","0","0","1","0","0","0","0","0",574739.52590000001,5932806.79810000025,10.12779289900,53.53884367800
"02","1","12","130","2018","05","09","1","3","4","2","0","0","1","0","0","0","0","0",574442.31839999999,5932765.12679999974,10.12329917800,53.53851138800
"02","1","12","130","2018","05","22","7","3","5","7","2","0","1","0","0","0","0","0",574897.40449999995,5932443.89309999999,10.13008786400,53.53555981200
"02","1","12","130","2018","05","22","6","2","5","3","2","0","1","0","1","0","0","0",572701.29619999998,5933124.90759999957,10.09711693600,53.54198857900
"02","1","12","130","2018","05","13","5","3","6","3","0","1","0","1","0","0","0","0",574062.53780000005,5932090.82390000019,10.11741009600,53.53250517600
"02","1","12","130","2018","05","05","1","3","5","3","0","0","1","0","0","0","1","0",572941.37930000003,5932949.43690000009,10.10069832600,53.54037834500
"02","1","12","130","2018","06","19","3","3","1","6","0","0","1","0","0","0","0","0",575030.97530000005,5931738.78959999979,10.13193379900,53.52920408000
"02","1","12","130","2018","07","09","3","3","4","2","0","0","1","0","0","0","1","0",574427.82660000003,5933025.80499999970,10.12314255900,53.54085612600
"02","1","12","130","2018","07","17","4","3","5","3","0","1","1","0","0","0","0","1",573889.69220000005,5935190.97960000020,10.11553527300,53.56039029500
"02","1","12","130","2018","07","18","4","3","5","3","0","1","1","0","0","0","0","0",574178.22840000002,5932033.42819999997,10.11914159800,53.53197304500
"02","1","12","130","2018","07","12","1","3","2","6","0","0","1","0","0","0","1","0",573041.42330000002,5933116.50540000014,10.10224670600,53.54186587700
"02","1","12","130","2018","06","14","7","3","6","7","0","1","0","1","0","0","0","0",572947.54110000003,5932960.57660000026,10.10079388700,53.54047760100
"02","1","12","130","2018","06","07","6","3","2","7","0","0","1","0","1","0","0","0",574147.22430000000,5932612.64719999954,10.11881115200,53.53718280700
"02","1","12","130","2018","07","11","4","3","0","5","0","0","0","0","0","0","1","0",573591.15520000004,5933645.01260000002,10.11066518300,53.54653878700
"02","1","12","130","2018","07","12","4","2","5","2","0","0","1","0","0","0","0","1",575846.54709999997,5933531.17210000008,10.14466944200,53.54519481100
"02","1","12","130","2018","07","14","3","3","3","2","0","1","1","0","0","0","0","0",573402.87109999999,5933118.73130000010,10.10770061400,53.54183549000
"02","1","12","130","2018","06","15","4","3","1","5","0","1","1","0","0","0","0","0",573850.64060000004,5933501.00430000015,10.11454661800,53.54520817000
"02","1","12","130","2018","06","07","3","3","4","2","0","0","1","0","0","1","0","0",573435.35100000002,5935034.61899999995,10.10864061800,53.55904886400
"02","1","12","130","2018","07","13","4","2","4","7","0","0","1","0","0","0","0","1",574033.61109999998,5932103.64730000030,10.11697679100,53.53262449600
"02","1","12","130","2018","08","15","6","3","0","6","0","0","0","0","0","0","1","0",574068.38939999999,5935165.52929999959,10.11822652300,53.56013638900
"02","1","12","130","2018","07","16","6","3","3","2","0","0","0","0","1","0","1","0",573991.67000000004,5931884.79440000001,10.11629241000,53.53066359200
"02","1","12","130","2018","07","10","6","3","2","6","0","0","1","0","0","0","0","0",574617.75509999995,5933683.00939999986,10.12616481300,53.54673538800
"02","1","12","130","2018","08","11","4","2","6","4","0","0","1","1","0","0","0","0",574022.03130000003,5932108.78079999983,10.11680333200,53.53267226200
"02","1","12","130","2018","08","21","4","3","0","7","0","1","0","0","0","0","0","0",575147.39220000000,5934125.52249999996,10.13426295900,53.55063665300
"02","1","12","130","2018","08","16","6","3","5","2","0","0","1","0","0","0","0","0",575847.44999999995,5933529.96119999979,10.14468277200,53.54518379800
"02","1","12","130","2018","08","20","1","2","5","7","2","0","0","0","1","1","0","0",574153.03090000001,5935374.66309999954,10.11955373500,53.56200389400
"02","1","12","130","2018","08","09","5","3","4","6","0","0","1","0","1","0","0","0",576757.46770000004,5931054.17360000033,10.15780645400,53.52280221100
"02","1","12","130","2018","07","12","3","3","5","2","0","1","1","0","0","0","0","0",572805.70640000002,5933049.27890000027,10.09867464600,53.54129444400
"02","1","12","130","2018","07","00","1","3","0","7","2","1","0","0","0","0","0","1",575953.19739999995,5934002.11380000040,10.14639302000,53.54941165500
"02","1","12","130","2018","08","17","4","3","6","4","0","0","1","1","0","0","0","0",573384.00100000005,5933126.64219999965,10.10741776500,53.54190922200
"02","1","12","130","2018","07","22","2","3","4","2","2","1","1","0","0","0","0","0",575800.00600000005,5931293.11950000003,10.14342515300,53.52508854000
"02","1","12","130","2018","08","14","3","3","0","7","0","0","0","0","0","0","1","0",575635.16599999997,5932824.84499999974,10.14130922500,53.53887766100
"02","1","12","130","2018","07","17","2","3","4","2","0","0","1","0","0","0","0","0",574708.89500000002,5932793.66679999977,10.12732765300,53.53873002700
"02","1","12","130","2018","09","10","5","3","1","7","0","0","1","0","0","0","0","0",574324.47120000003,5932833.21879999992,10.12153746900,53.53914001200
"02","1","12","130","2018","09","18","6","3","6","3","0","0","1","1","0","0","0","0",573382.12620000006,5933127.45419999957,10.10738966900,53.54191678100
"02","1","12","130","2018","09","07","3","3","5","3","0","0","1","0","0","0","0","0",574099.90610000002,5932713.13399999961,10.11812111000,53.53809254900
"02","1","12","130","2018","09","14","2","3","4","2","0","0","1","0","0","0","0","0",576018.36199999996,5933385.47099999990,10.14722647700,53.54386058100
"02","1","12","130","2018","08","15","6","2","6","2","0","0","0","1","0","1","0","0",574709.56590000005,5932791.64300000016,10.12733729100,53.53871174400
"02","1","12","130","2018","09","07","2","3","5","3","0","0","1","0","0","0","1","0",574701.01569999999,5932800.80069999956,10.12721048600,53.53879525900
"02","1","12","130","2018","08","02","5","3","8","1","2","0","1","0","0","0","0","0",576132.32290000003,5931023.60979999974,10.14837145500,53.52261846600
"02","1","12","130","2018","09","13","6","3","4","6","0","1","0","0","0","0","0","0",573789.29550000001,5934923.51790000033,10.11395671700,53.55800077300
"02","1","12","130","2018","09","10","4","3","1","6","0","0","1","0","0","0","0","0",574697.20710000000,5933405.44979999959,10.12729739600,53.54422970200
"02","1","12","130","2018","09","12","7","3","0","6","0","0","1","0","0","0","1","1",575268.41570000001,5932294.83339999989,10.13564880600,53.53416720800
"02","1","12","130","2018","09","13","7","3","2","6","0","0","1","0","0","0","0","0",572843.98540000001,5933019.34240000043,10.09924520800,53.54102009800
"02","1","12","130","2018","09","11","4","3","0","7","0","1","0","0","0","0","0","0",575819.49970000004,5931628.61679999996,10.14380038200,53.52810078900
"02","5","03","511","2018","09","10","4","3","5","3","0","1","1","0","0","0","0","0",573292.26199999999,5935965.24600000028,10.10669917700,53.56743231400
"02","1","12","130","2018","10","11","6","3","6","4","0","0","1","1","0","0","0","0",572794.91410000005,5933057.71889999975,10.09851378100,53.54137179000
"02","1","12","130","2018","10","16","6","3","2","6","0","0","1","0","0","0","0","0",573040.56339999998,5933135.04380000010,10.10223806000,53.54203260000
"02","1","12","130","2018","10","18","2","3","4","2","2","0","1","0","0","0","1","0",573918.03119999997,5934853.24880000018,10.11588314600,53.55735116000
"02","1","12","130","2018","10","08","3","3","4","2","0","0","1","0","0","0","0","1",575847.77029999997,5933529.53149999958,10.14468750100,53.54517989000
"02","1","12","130","2018","10","18","3","3","0","7","1","0","0","0","1","0","1","0",574966.79339999997,5931783.04789999966,10.13097634200,53.52961098500
"02","1","12","130","2018","10","06","1","3","5","3","2","0","1","0","1","0","0","1",574926.79689999996,5931806.23319999967,10.13037861800,53.52982505300
"02","1","12","130","2018","10","11","3","3","2","6","0","0","1","0","0","0","1","0",574310.63840000005,5935622.73249999993,10.12199177400,53.56421096500
"02","1","12","130","2018","09","15","7","3","4","6","0","0","1","0","0","0","1","0",574884.16119999997,5933574.20660000015,10.13015862500,53.54571967000
"02","1","12","130","2018","11","10","6","3","5","3","0","0","1","0","0","0","0","0",573586.72970000003,5932900.71300000045,10.11042331800,53.53985044900
"02","1","12","130","2018","10","16","3","3","5","3","0","0","1","0","0","0","0","1",574700.53680000000,5932943.03170000017,10.12723721800,53.54007353800
"02","1","12","130","2018","10","14","3","3","4","6","0","0","1","0","0","0","0","1",573817.00690000004,5934896.96019999962,10.11436870200,53.55775820500
"02","1","12","130","2018","11","21","2","3","6","4","2","1","1","1","0","0","0","1",572972.49620000005,5933005.69199999981,10.10118091100,53.54087958400
"02","1","12","130","2018","10","10","2","3","5","3","0","0","1","0","0","0","0","0",574706.76220000000,5932800.10059999954,10.12729701300,53.53878815000
"02","1","12","130","2018","11","13","6","3","5","3","0","0","1","0","0","0","0","0",573923.99849999999,5933587.07409999985,10.11567384100,53.54597134900
"02","1","12","130","2018","10","12","3","3","5","3","0","0","1","0","0","0","0","0",573392.99769999995,5933122.74560000002,10.10755259000,53.54187294600
"02","1","12","130","2018","11","09","4","3","5","2","0","1","1","0","0","0","0","0",576229.12089999998,5931406.13460000046,10.14992433300,53.52604211900
"02","1","12","130","2018","11","03","7","3","9","1","2","0","1","0","0","0","0","0",574187.94770000002,5932042.70849999972,10.11929040300,53.53205507400
"02","1","12","130","2018","11","12","2","3","2","6","0","0","1","0","0","1","0","1",572958.53240000003,5932980.44739999995,10.10096434800,53.54065465200
"02","1","12","130","2018","11","17","7","3","6","2","2","0","1","1","0","0","0","1",573880.97450000001,5933535.70299999975,10.11501251500,53.54551573700
"02","1","12","130","2018","11","19","7","3","6","4","2","0","1","1","0","0","0","1",576222.75000000000,5931537.69600000046,10.14986027400,53.52722536100
"02","1","12","130","2018","11","14","6","3","2","6","0","1","0","0","0","0","0","1",574618.23080000002,5932789.56469999999,10.12595887800,53.53870604900
"02","1","12","130","2018","11","19","7","3","1","5","2","0","1","0","0","0","0","0",574373.26170000003,5932756.22400000039,10.12225524900,53.53844116200
"02","1","12","130","2018","11","08","2","3","5","3","0","0","1","0","0","0","0","0",572950.09310000006,5932946.59530000016,10.10082912900,53.54035159700
"02","1","12","130","2018","12","10","3","3","5","2","0","0","1","0","0","0","1","0",573758.80290000001,5934550.33069999982,10.11340842000,53.55465126700
"02","1","12","130","2018","12","16","7","3","2","6","2","0","1","0","0","0","0","1",573608.64090000000,5934999.27720000036,10.11124788100,53.55870697800
"02","1","12","130","2018","12","07","5","3","6","4","2","0","1","1","0","0","0","1",573643.87630000000,5934321.39649999980,10.11162000200,53.55260999300
"02","1","12","130","2018","12","08","4","3","2","6","1","0","1","0","0","0","0","1",574264.38130000001,5935639.18350000028,10.12129741100,53.56436535600
"02","1","12","130","2018","12","17","3","3","6","2","2","0","1","1","0","0","0","1",574723.55359999998,5933178.85950000025,10.12764079500,53.54218961800
"02","1","12","130","2018","12","17","7","3","5","7","2","0","1","0","0","0","0","1",572628.40110000002,5933168.12420000043,10.09602714900,53.54238705000
"02","1","12","130","2018","12","04","3","3","6","7","2","0","1","1","0","0","0","1",575667.41810000001,5933561.34690000024,10.14197393300,53.54549182700
"02","1","12","130","2018","12","17","3","3","2","6","2","0","1","0","0","0","0","0",573691.49089999998,5934959.05819999985,10.11248890100,53.55833390900
"02","1","12","130","2018","12","18","7","2","4","2","2","0","1","0","0","0","0","1",575847.25730000006,5933530.21960000042,10.14467992700,53.54518614800
"02","1","12","130","2018","12","20","2","3","6","2","2","0","1","1","0","0","0","0",572648.22640000004,5933191.77890000027,10.09633176300,53.54259689200
"02","1","12","130","2018","12","20","7","3","6","7","2","0","1","0","0","0","1","0",573975.11360000004,5931903.76470000017,10.11604716300,53.53083640700
"02","1","12","130","2018","12","09","7","3","5","2","0","1","0","0","0","0","1","0",573917.80200000003,5934869.38169999979,10.11588350300,53.55749617600
"02","1","19","140","2018","02","10","3","3","3","6","0","0","1","0","0","1","0","0",561854.86809999996,5931933.28880000021,9.93322662200,53.53266844700
"02","1","19","140","2018","01","06","6","3","3","6","2","0","1","0","0","0","0","1",561772.36320000002,5931301.88049999997,9.93185743600,53.52700341200
"02","1","19","140","2018","03","11","5","3","0","7","0","0","1","0","0","0","1","1",561883.88350000000,5931955.20980000030,9.93366865800,53.53286204300
"02","1","19","140","2018","11","15","1","3","3","6","0","0","1","0","0","0","0","0",561843.18189999997,5932087.73330000043,9.93308085000,53.53405788100
"02","1","19","140","2018","11","08","6","3","3","6","0","0","1","0","0","0","1","0",561624.25329999998,5932410.81429999974,9.92984178400,53.53698727600
"02","1","19","140","2018","09","11","4","3","3","6","0","0","1","0","0","1","0","0",561887.10380000004,5931741.39960000012,9.93367496500,53.53094006000
"02","1","19","140","2018","10","16","5","3","2","6","0","0","1","0","0","0","0","0",561683.57449999999,5932254.41220000014,9.93070591700,53.53557466100
"02","1","19","140","2018","11","06","2","3","0","1","2","0","0","0","1","0","0","1",561752.72140000004,5932222.36980000045,9.93174275900,53.53527855800
"02","1","19","140","2018","09","11","1","3","2","6","0","0","1","0","0","0","0","0",561862.05610000005,5931444.45590000041,9.93323845600,53.52827424800
"02","1","19","140","2018","12","20","1","3","3","6","2","0","1","0","0","0","1","1",561780.95140000002,5931320.70980000030,9.93199068800,53.52717162900
"02","1","19","140","2018","05","09","5","3","3","6","0","0","1","0","0","1","0","0",561856.32039999997,5931928.00299999956,9.93324748600,53.53262077000
"02","1","17","138","2018","03","07","2","3","4","2","0","0","1","0","0","0","0","0",564946.11699999997,5931424.99710000027,9.97975264500,53.52772723600
"02","1","17","138","2018","04","14","7","3","5","3","0","0","1","0","0","0","0","1",564932.09719999996,5931425.84350000042,9.97954135700,53.52773657600
"02","1","03","105","2018","05","00","3","3","6","4","2","0","0","1","0","0","1","0",564819.33479999995,5933240.54719999991,9.97821640500,53.54405979600
"02","1","18","139","2018","07","11","3","3","6","6","0","0","0","1","1","0","0","0",564523.42980000004,5931624.03289999999,9.97341817800,53.52956810900
"02","1","18","139","2018","08","08","4","3","0","7","0","1","0","0","0","0","0","0",564287.85780000000,5931637.19359999988,9.96986753700,53.52971526400
"02","1","17","138","2018","08","12","1","3","5","3","0","0","1","0","0","0","0","0",564941.55570000003,5931430.20739999972,9.97968492700,53.52777462700
"02","1","18","139","2018","08","12","4","3","3","2","0","1","0","0","0","1","0","0",564541.03729999997,5931469.03029999975,9.97365181400,53.52817288700
"02","1","18","139","2018","11","17","2","2","2","6","2","0","1","0","0","0","0","1",564212.08239999996,5932262.72620000038,9.96885286700,53.53534640100
"02","2","01","202","2018","11","16","7","3","2","2","2","0","1","0","1","0","0","1",562424.56640000001,5933186.02419999987,9.94207051500,53.54385989700
"02","1","18","139","2018","12","07","4","3","3","2","2","1","1","0","0","0","0","1",564278.73679999996,5931654.36079999991,9.96973348100,53.52987066700
"02","1","03","105","2018","04","13","1","2","6","4","0","0","1","1","0","0","0","1",564894.87740000000,5933272.17080000043,9.97936282900,53.54433467700
"02","1","03","105","2018","05","10","4","3","6","7","0","0","0","1","0","0","1","0",564816.04909999995,5933323.77280000038,9.97818407300,53.54480817500
"02","1","03","105","2018","12","10","6","3","1","5","0","1","1","0","0","0","0","1",564518.22779999999,5933410.90020000003,9.97370813100,53.54562788900
"02","1","08","126","2018","01","21","3","2","5","3","2","0","1","0","0","0","0","0",569743.51249999995,5933979.21980000008,10.05268072200,53.55006745600
"02","1","08","126","2018","02","18","5","3","9","1","2","0","1","0","0","0","0","2",570312.08039999998,5933724.29640000034,10.06120353000,53.54770061400
"02","1","08","126","2018","01","09","6","3","2","6","0","0","1","0","0","1","0","1",570308.12020000000,5933642.41430000030,10.06112536200,53.54696526600
"02","1","08","126","2018","03","06","2","3","1","1","1","0","1","0","0","0","1","2",570348.72420000006,5933737.94620000012,10.06175955200,53.54781837800
"02","1","08","126","2018","04","14","6","3","5","3","0","0","1","0","0","0","0","0",569746.99140000006,5933986.46800000034,10.05273483900,53.55013213400
"02","1","08","126","2018","05","14","2","3","2","6","0","0","1","0","1","0","0","0",570311.54150000005,5933737.52960000001,10.06119837300,53.54781961400
"02","1","08","126","2018","05","15","4","2","8","1","0","0","1","0","0","0","0","0",569920.98620000004,5933809.23440000042,10.05532093200,53.54851618100
"02","1","08","126","2018","07","14","6","3","5","3","0","0","1","0","0","0","1","0",569738.90410000004,5933978.54810000025,10.05261102800,53.55006203200
"02","1","08","126","2018","07","18","4","2","2","6","0","0","1","0","1","0","1","0",569735.46409999998,5933962.75820000004,10.05255559400,53.54992058400
"02","1","08","126","2018","09","15","1","3","5","3","0","0","1","0","0","0","0","0",569747.02130000002,5933977.03089999966,10.05273318500,53.55004731900
"02","1","08","126","2018","10","10","4","3","2","6","0","0","1","0","0","0","0","0",570236.24450000003,5933817.13279999979,10.06008002200,53.54854509000
"02","1","08","126","2018","11","13","4","3","5","3","0","0","1","0","0","0","0","0",569741.11939999997,5933974.30570000038,10.05264351300,53.55002361100
"02","1","06","115","2018","01","06","1","3","1","6","2","0","1","0","0","0","1","1",567276.95129999996,5933509.45409999974,10.01535691100,53.54616743000
"02","1","06","115","2018","03","14","6","3","3","6","0","0","1","0","0","0","1","0",566837.99219999998,5933683.83650000021,10.00877045400,53.54779069500
"02","1","06","115","2018","03","15","3","2","6","4","0","0","1","1","0","0","0","0",567291.59680000006,5933520.37909999955,10.01558025600,53.54626373900
"02","1","06","115","2018","01","15","2","3","3","6","0","0","1","0","0","0","0","1",567034.43299999996,5933715.47389999963,10.01174156400,53.54804998500
"02","1","06","115","2018","04","01","6","3","9","1","2","0","1","0","0","0","0","1",567101.83790000004,5933676.59179999959,10.01275038000,53.54769193500
"02","1","06","115","2018","06","14","5","3","6","4","0","0","0","1","0","0","1","1",566987.55299999996,5933694.18719999958,10.01102957200,53.54786466000
"02","1","06","115","2018","06","05","5","3","2","6","0","0","1","0","0","0","0","0",567106.83149999997,5933694.08409999963,10.01282948700,53.54784850400
"02","1","06","115","2018","06","00","1","3","9","1","2","0","1","0","0","0","0","1",567099.48999999999,5933677.44880000036,10.01271513300,53.54769993700
"02","1","06","115","2018","12","22","6","3","2","6","2","0","1","0","0","0","0","1",567271.91520000005,5933519.22250000015,10.01528301900,53.54625586600
"02","1","06","115","2018","01","20","3","3","3","6","2","0","1","0","0","0","0","1",567274.52359999996,5933759.12430000026,10.01537398500,53.54841157400
"02","1","06","115","2018","02","18","5","3","1","6","2","0","1","0","0","0","0","2",567107.27570000000,5933738.61330000032,10.01284574600,53.54824863900
"02","1","06","115","2018","03","14","2","3","2","6","0","0","1","0","0","0","0","0",566849.51459999999,5933709.27589999977,10.00894976700,53.54801785700
"02","1","06","115","2018","03","00","7","3","5","3","2","1","1","0","0","0","0","0",567255.40500000003,5933845.59719999973,10.01510407600,53.54919117100
"02","1","06","115","2018","05","11","1","3","3","2","0","0","1","0","0","0","0","0",567225.12300000002,5933473.38740000036,10.01456709000,53.54584992900
"02","1","06","115","2018","06","22","4","3","3","6","2","0","1","0","0","0","0","0",567170.93350000004,5933769.62079999968,10.01381302400,53.54851917000
"02","1","06","115","2018","07","10","4","3","3","6","0","0","1","0","0","0","0","1",567112.76159999997,5933539.70969999954,10.01288584600,53.54646035300
"02","1","06","115","2018","07","15","1","3","2","6","0","0","1","0","0","0","0","0",566882.61060000001,5933675.44309999980,10.00944195900,53.54770958100
"02","1","06","115","2018","07","00","6","3","5","3","2","1","1","0","0","0","0","0",567142.52560000005,5933755.75260000024,10.01338135900,53.54839816700
"02","1","06","115","2018","08","08","3","3","6","3","0","1","0","1","0","0","0","0",567175.39830000000,5933771.80300000031,10.01388086900,53.54853821100
"02","1","06","115","2018","08","23","6","3","9","7","2","0","0","0","1","0","0","0",566797.59409999999,5933710.83849999961,10.00816660600,53.54803850800
"02","1","06","115","2018","10","13","3","3","3","6","0","0","1","0","0","1","0","0",567049.07999999996,5933695.94000000041,10.01195840300,53.54787256000
"02","1","06","115","2018","10","17","6","3","3","6","0","0","1","0","0","0","1","0",567234.01020000002,5933468.37090000045,10.01470011500,53.54580370700
"02","1","06","115","2018","12","21","6","3","8","1","2","0","1","0","0","0","0","1",566874.93500000006,5933884.15500000026,10.00937076700,53.54958629400
"02","1","08","123","2018","01","17","1","3","6","2","2","1","0","1","0","0","0","1",570353.35640000005,5934633.11050000042,10.06203088200,53.55586264200
"02","1","08","123","2018","02","18","6","3","6","7","2","1","0","1","0","0","0","0",570505.76240000001,5934951.64699999988,10.06440297200,53.55870489200
"02","5","01","504","2018","01","20","6","3","3","3","2","0","1","0","0","0","0","0",570022.16099999996,5935758.50590000022,10.05728438600,53.56602090800
"02","1","08","123","2018","05","10","7","3","5","2","0","0","1","0","0","0","1","0",570402.51139999996,5935099.44689999986,10.06287781600,53.56004703400
"02","1","08","123","2018","05","20","5","3","5","3","0","1","1","0","0","0","0","0",570510.98010000004,5935101.76680000033,10.06451559800,53.56005332300
"02","1","08","123","2018","05","11","5","3","5","3","0","1","1","0","0","0","0","0",570516.86529999995,5935080.49710000027,10.06459963200,53.55986138000
"02","5","01","504","2018","06","09","6","3","5","3","0","0","1","0","0","0","0","0",570022.16110000003,5935758.50519999955,10.05728438700,53.56602090100
"02","1","08","123","2018","06","09","6","3","4","6","0","1","1","0","0","0","0","1",570368.14229999995,5934616.25040000025,10.06225024700,53.55570913800
"02","5","01","504","2018","06","22","3","3","5","3","2","0","1","0","0","0","0","0",570029.80400000000,5935755.06850000005,10.05739899700,53.56598899600
"02","1","08","123","2018","08","00","1","3","4","2","2","0","1","0","0","0","0","0",570312.77179999999,5935117.60209999979,10.06152734400,53.56022222500
"02","1","08","123","2018","09","11","4","3","0","1","0","0","0","0","1","0","0","1",570359.99529999995,5934652.61699999962,10.06213547200,53.55603705800
"02","1","08","123","2018","08","14","4","3","5","3","0","1","1","0","0","0","0","0",570340.52879999997,5934804.25449999981,10.06187579200,53.55740243900
"02","1","08","123","2018","10","10","2","3","0","5","0","1","1","0","0","0","0","1",570368.82079999999,5934611.91229999997,10.06225951100,53.55567006000
"02","5","01","504","2018","10","08","3","3","3","2","0","1","1","0","0","0","0","0",570043.55570000003,5935771.77940000035,10.05761034600,53.56613734200
"02","5","01","504","2018","11","20","6","3","2","6","2","0","1","0","0","0","0","0",570041.68729999999,5935769.50889999978,10.05758163100,53.56611718600
"02","1","08","123","2018","11","14","3","3","5","3","0","0","1","0","0","0","0","0",570502.22580000001,5935094.99399999995,10.06438193000,53.55999363100
"02","5","01","504","2018","11","10","6","3","1","5","0","0","1","0","0","0","0","0",569921.49260000000,5935720.93090000004,10.05575623900,53.56569664300
"02","1","08","123","2018","11","15","2","3","6","4","0","0","0","1","0","0","1","1",570234.70270000002,5935331.24199999962,10.06039695900,53.56215266800
"02","5","01","504","2018","11","16","5","3","6","4","0","1","1","1","0","0","0","0",570033.40339999995,5935647.91409999970,10.05742931400,53.56502551400
"02","1","08","123","2018","12","02","1","3","9","1","2","0","1","0","0","0","0","1",570293.50430000003,5935122.82320000045,10.06123768700,53.56027172800
"02","1","08","123","2018","12","15","2","3","6","4","0","0","1","1","0","0","0","1",570265.04440000001,5935321.84860000014,10.06085285600,53.56206418800
"02","1","08","123","2018","12","19","5","3","6","2","2","0","1","1","0","0","0","0",570350.07279999997,5934633.36720000021,10.06198138100,53.55586538900
"02","1","08","123","2018","12","17","5","3","2","6","2","0","1","0","0","0","0","1",570339.38300000003,5935113.88449999969,10.06192818600,53.56018524900