ULAND,UREGBEZ,UKREIS,UGEMEINDE,UJAHR,UMONAT,USTUNDE,UWOCHENTAG,UKATEGORIE,UART,UTYP1,ULICHTVERH,IstRad,IstPKW,IstFuss,IstKrad,IstGkfz,IstSonstig,STRZUSTAND,LINREFX,LINREFY,XGCSWGS84,YGCSWGS84
"02","2","05","217","2018","06","15","4","3","2","6","0","0","1","0","0","0","0","0",557692.05469999998,5936160.55439999979,9.87120906500,53.57113484000
"02","2","09","221","2018","06","18","2","3","3","2","0","1","1","0","0","0","0","0",557288.93850000005,5936213.94319999963,9.86513215700,53.57165884700
"02","2","06","218","2018","07","16","5","3","0","2","0","1","1","0","0","0","0","0",558082.09310000006,5936040.83939999994,9.87707602300,53.57001586500
"02","2","09","221","2018","12","16","6","3","6","2","2","0","1","1","0","0","0","1",557293.29890000005,5936213.26319999993,9.86519787100,53.57165225900
"02","2","06","218","2018","08","15","6","3","2","6","0","0","1","0","0","0","1","1",558879.28509999998,5935794.82419999968,9.88906616200,53.56771595000
"02","2","05","216","2018","07","19","2","3","2","6","0","0","1","0","0","0","0","0",559607.72100000002,5935565.37829999998,9.90002014200,53.56557156900
"02","2","06","218","2018","05","16","6","3","3","2","0","0","1","0","1","0","0","0",557741.25240000000,5936158.14979999978,9.87195146100,53.57110781600
"02","2","05","217","2018","06","16","7","3","2","6","0","0","1","0","0","0","0","0",558258.01650000003,5935926.24980000034,9.87971085800,53.56896648500
"02","2","06","218","2018","10","09","5","2","2","6","0","0","0","0","1","1","0","0",558194.22979999997,5935964.96129999962,9.87875500000,53.56932148400
"02","2","06","218","2018","12","17","5","3","5","3","2","1","1","0","0","0","0","1",559304.31279999996,5935593.18360000011,9.89544486100,53.56585584500
"02","2","05","217","2018","06","07","4","3","5","3","0","1","1","0","0","0","0","0",557408.90949999995,5936195.39859999996,9.86694022700,53.57147906300
"02","2","06","218","2018","01","15","4","3","5","6","0","1","1","0","0","0","0","1",557912.83589999995,5935830.91139999963,9.87448153500,53.56814784300
"02","2","08","220","2018","01","08","5","3","3","7","0","0","1","0","0","0","0","0",557487.05429999996,5937794.39499999955,9.86841463700,53.58584151800
"02","2","08","220","2018","01","19","1","3","2","6","2","0","1","0","0","0","0","1",558184.52599999995,5937799.61290000007,9.87895044700,53.58581148500
"02","2","08","220","2018","01","16","6","3","2","2","1","0","1","0","0","0","0","1",558327.95559999999,5937558.63030000031,9.88107180400,53.58362972400
"02","2","08","220","2018","02","06","4","3","2","2","2","0","1","0","0","0","0","0",558005.63320000004,5938115.78749999963,9.87630717900,53.58867292000
"02","2","06","218","2018","02","01","1","3","2","6","2","0","1","0","0","0","0","1",557398.16119999997,5935564.18640000001,9.86666193700,53.56580719500
"02","2","05","217","2018","02","02","1","3","6","7","2","0","0","1","0","0","1","1",559503.34270000004,5936160.99660000019,9.89855781100,53.57093651200
"02","2","09","221","2018","02","17","6","3","7","7","0","1","0","0","0","0","0","0",557282.37659999996,5936268.01750000007,9.86504299600,53.57214555900
"02","2","08","220","2018","01","20","4","3","2","6","2","0","1","0","0","0","0","1",557898.11529999995,5938241.03459999990,9.87470633100,53.58981046100
"02","2","09","221","2018","03","13","6","3","0","7","0","0","1","0","0","0","1","0",557297.93250000000,5936130.76090000011,9.86525269800,53.57091026100
"02","2","05","217","2018","02","18","6","3","1","5","2","0","1","0","0","0","0","0",558904.74210000003,5935982.33229999989,9.88948587000,53.56939831900
"02","2","05","216","2018","02","14","3","3","2","2","0","0","1","0","0","0","0","0",559504.12320000003,5936165.81280000042,9.89857051400,53.57097970900
"02","2","08","220","2018","02","15","3","2","5","3","0","1","1","0","0","0","0","0",557726.32259999996,5937825.73660000041,9.87203442600,53.58609691400
"02","2","08","220","2018","02","16","5","3","2","6","0","0","1","0","0","0","0","0",557859.38240000000,5937966.26200000010,9.87407027900,53.58734522000
"02","2","08","220","2018","03","08","4","3","4","2","0","1","0","0","0","0","1","0",557388.31460000004,5937748.97259999998,9.86691488200,53.58544409900
"02","2","05","216","2018","03","06","6","3","5","3","0","0","1","0","1","0","0","1",559768.58580000000,5935580.83939999994,9.90245167600,53.56569222700
"02","2","08","220","2018","04","07","5","3","1","6","0","0","1","0","0","0","1","1",557970.07010000001,5938119.35740000010,9.87577065000,53.58870893700
"02","2","05","217","2018","03","16","5","3","2","6","0","0","1","0","0","0","0","0",559473.70620000002,5936181.56859999988,9.89811425000,53.57112476200
"02","2","08","220","2018","04","07","6","3","5","2","0","1","1","0","0","0","0","0",557389.27280000004,5937749.41249999963,9.86692943600,53.58544794800
"02","2","08","220","2018","03","16","5","3","5","7","0","0","1","0","0","0","0","0",557838.82860000001,5937937.61479999963,9.87375450600,53.58709002100
"02","2","08","220","2018","03","13","5","3","5","3","0","0","1","0","0","0","0","0",558231.25970000005,5937570.91990000010,9.87961364900,53.58375092200
"02","2","05","217","2018","04","16","1","3","5","3","0","0","1","0","0","0","0","0",559044.72840000002,5936503.59729999956,9.89169800000,53.57406744000
"02","3","08","320","2018","04","17","7","3","6","6","0","1","0","1","0","0","0","0",559605.76439999999,5938570.42329999991,9.90056444400,53.59257945700
"02","2","08","220","2018","04","17","4","3","5","3","0","0","1","0","0","0","0","0",557982.81799999997,5938090.55109999981,9.87595785700,53.58844863200
"02","2","08","220","2018","04","16","3","3","5","3","0","0","1","0","0","0","0","0",557983.63480000000,5938098.15010000020,9.87597160700,53.58851683700
"02","2","08","220","2018","04","19","2","3","5","3","0","1","1","0","0","0","0","0",557524.47699999996,5938477.61899999995,9.86910586900,53.59197789100
"02","2","05","217","2018","04","08","4","3","2","6","0","0","1","0","0","0","0","0",559013.20810000005,5936536.34860000014,9.89122823200,53.57436533800
"02","2","08","220","2018","04","15","1","3","1","6","0","0","1","0","0","0","0","1",557946.26870000002,5938157.99799999967,9.87541829900,53.58905885000
"02","2","08","220","2018","04","16","2","3","6","4","0","0","1","1","0","0","0","0",557654.08279999997,5937688.20409999974,9.87091787200,53.58486878800
"02","2","05","217","2018","04","10","7","3","5","3","0","1","1","0","0","0","0","0",557879.96400000004,5937302.23520000000,9.87425799100,53.58137501000
"02","2","08","220","2018","05","16","2","3","5","3","0","1","1","0","0","0","0","0",558231.40520000004,5937570.99149999954,9.87961586000,53.58375155000
"02","2","08","220","2018","05","15","7","3","5","2","0","1","1","0","0","0","0","0",557840.18850000005,5937921.67140000034,9.87377209100,53.58694658000
"02","2","08","220","2018","05","16","6","3","5","3","0","1","1","0","0","0","0","0",557886.93819999998,5937998.16060000006,9.87449242400,53.58762886700
"02","2","08","220","2018","04","19","1","3","6","4","0","0","1","1","0","0","0","0",558110.84290000005,5937909.01150000002,9.87785789100,53.58680287400
"02","2","05","216","2018","04","14","1","3","0","7","0","1","1","0","0","0","0","0",559773.19750000001,5935628.49720000010,9.90253041800,53.56612002400
"02","2","05","217","2018","05","10","2","2","5","3","0","1","0","0","0","0","0","0",559444.14240000001,5936230.78490000032,9.89767723500,53.57157044200
"02","2","08","220","2018","05","17","6","3","0","7","0","0","1","0","0","0","0","0",557853.98080000002,5938382.45999999996,9.87406587700,53.59108639200
"02","2","08","220","2018","05","15","6","1","6","2","0","0","1","1","0","0","0","0",557887.07400000002,5938262.31599999964,9.87454349300,53.59000294600
"02","2","09","221","2018","06","23","7","2","4","2","2","0","1","0","0","0","0","1",557368.73149999999,5937733.23450000025,9.86661620100,53.58530479500
"02","2","05","217","2018","05","12","4","3","5","3","0","0","1","0","1","0","0","0",558311.93949999998,5936275.13790000044,9.88059014700,53.57209612800
"02","2","05","217","2018","06","23","1","2","0","7","2","1","0","0","0","0","0","0",559475.06499999994,5936190.39800000004,9.89813644800,53.57120396200
"02","2","08","220","2018","06","20","4","3","0","6","0","0","1","0","1","0","0","0",559517.02069999999,5938592.71879999992,9.89922808000,53.59278991900
"02","2","09","221","2018","06","13","4","3","5","3","0","0","1","0","0","0","1","0",557385.73699999996,5937295.02099999972,9.86679247000,53.58136448400
"02","2","08","220","2018","06","15","4","3","3","2","0","0","1","0","1","0","0","0",557892.19099999999,5938252.45330000017,9.87461895900,53.58991374000
"02","2","05","216","2018","06","15","1","2","0","7","0","1","0","0","0","0","1","0",559507.70470000000,5936208.56419999991,9.89863273700,53.57136352900
"02","2","08","220","2018","06","05","1","3","3","6","1","0","1","0","0","0","0","1",557964.17030000000,5938128.58139999956,9.87568324500,53.58879249000
"02","2","06","218","2018","07","08","3","3","1","5","0","1","1","0","0","0","0","0",558426.13890000002,5935878.96439999994,9.88224037300,53.56852281400
"02","2","08","220","2018","07","06","5","3","6","4","0","0","1","1","0","0","0","0",557964.45539999998,5938074.13580000028,9.87567743500,53.58830313000
"02","2","05","217","2018","06","03","7","3","0","1","2","1","0","0","0","0","0","0",558949.88069999998,5936422.82349999994,9.89025054300,53.57335215400
"02","2","08","220","2018","07","11","5","3","2","6","0","0","1","0","0","0","0","0",557893.02080000006,5938250.85400000028,9.87463119700,53.58989927500
"02","2","08","220","2018","06","12","6","3","3","6","0","0","1","0","0","0","0","0",557775.09430000000,5938409.81929999962,9.87287926800,53.59134098200
"02","2","05","217","2018","07","18","6","3","2","6","0","0","1","0","0","0","0","0",559456.55779999995,5935816.88719999976,9.89778590100,53.56784914600
"02","2","08","220","2018","07","14","3","2","3","6","0","0","1","0","0","0","0","0",557946.21669999999,5938158.08600000013,9.87541753000,53.58905964700
"02","2","08","220","2018","07","17","6","3","5","2","0","1","1","0","0","0","0","0",557914.28630000004,5938026.00989999995,9.87491068600,53.58787614200
"02","2","09","221","2018","07","13","2","3","0","1","0","0","0","0","1","0","0","0",557370.69440000004,5937678.45129999984,9.86663577600,53.58481221600
"02","2","08","220","2018","06","07","4","3","4","2","0","1","1","0","0","0","0","0",557839.85880000005,5937921.84549999982,9.87376714300,53.58694818100
"02","2","08","220","2018","07","14","6","3","0","3","0","1","1","0","0","0","0","0",558232.33250000002,5937566.40699999966,9.87962901000,53.58371024400
"02","2","05","217","2018","07","13","6","3","5","3","0","1","1","0","0","0","0","0",559674.26919999998,5938071.01059999969,9.90150377900,53.58808323200
"02","2","08","220","2018","07","07","6","3","3","2","0","1","0","0","0","1","0","0",558004.15319999994,5938068.32170000020,9.87627599800,53.58824648500
"02","2","08","220","2018","08","15","3","3","0","7","0","0","1","0","1","0","0","0",557724.94579999999,5938466.77749999985,9.87213225100,53.59185841800
"02","2","09","221","2018","07","10","4","3","3","2","0","1","0","0","0","1","0","0",557310.86840000004,5936053.67270000000,9.86543387100,53.57021601500
"02","2","05","217","2018","07","23","4","3","0","7","2","1","0","0","0","0","0","0",558347.25390000001,5936282.42150000017,9.88112473500,53.57215766300
"02","2","09","221","2018","07","11","3","3","2","6","0","0","0","0","0","0","1","0",557305.44240000006,5936083.82079999987,9.86535747700,53.57048756500
"02","2","08","220","2018","08","08","7","2","2","6","0","0","1","0","0","0","0","0",557401.19999999995,5937671.79700000025,9.86709530800,53.58474907200
"02","2","08","220","2018","07","17","3","3","1","6","0","0","1","0","0","0","0","0",557899.57920000004,5938238.21289999969,9.87472792000,53.58978493900
"02","2","08","220","2018","08","18","7","3","3","6","0","0","1","0","0","0","0","0",558008.92310000001,5938119.55790000036,9.87635757500,53.58870644200
"02","2","05","217","2018","08","08","2","3","5","3","0","1","0","0","0","0","1","0",558346.11439999996,5937506.01329999976,9.88133622800,53.58315480900
"02","2","08","220","2018","07","08","2","3","5","3","0","1","1","0","0","0","0","0",557617.58979999996,5938573.24230000004,9.87053014700,53.59282708000
"02","2","05","217","2018","08","08","5","3","1","7","0","0","0","0","1","0","1","0",559039.98439999996,5936417.13960000034,9.89161001700,53.57329093800
"02","2","05","217","2018","08","12","6","1","6","4","0","0","1","1","0","0","0","0",559117.57460000005,5936467.04660000000,9.89279106200,53.57373073700
"02","2","08","220","2018","09","08","4","3","3","6","0","0","1","0","0","0","1","0",557747.54890000005,5938441.33270000014,9.87246899400,53.59162724400
"02","2","08","220","2018","08","14","6","3","3","2","0","1","1","0","0","0","0","0",557996.94990000001,5938078.66880000010,9.87616911400,53.58834027700
"02","2","09","221","2018","08","08","7","3","5","2","0","1","1","0","0","0","0","0",557362.37029999995,5935852.75629999954,9.86617458600,53.56840464300
"02","2","08","220","2018","09","18","3","3","3","6","0","1","0","0","0","0","0","0",557909.00199999998,5938020.68599999975,9.87482987900,53.58782887800
"02","2","08","220","2018","08","17","6","3","1","1","0","0","1","0","1","0","0","0",557278.54859999998,5937981.71679999959,9.86529968000,53.58754789300
"02","2","08","220","2018","09","17","1","3","3","7","0","0","1","0","0","0","0","0",558047.21120000002,5938163.41299999971,9.87694409000,53.58909635200
"02","2","05","217","2018","08","12","6","3","5","3","0","0","0","0","0","1","1","0",558348.51850000001,5937506.85790000018,9.88137269600,53.58316213300
"02","2","05","217","2018","09","16","5","3","2","6","0","0","1","0","1","0","0","0",559156.40350000001,5936417.49299999978,9.89336798800,53.57328099900
"02","2","05","217","2018","09","09","3","2","3","2","0","0","1","0","1","0","0","0",558358.02320000005,5937497.22159999982,9.88151444600,53.58307446900
"02","2","08","220","2018","09","06","5","3","3","2","0","1","1","0","0","0","0","0",557886.68019999994,5937997.87430000026,9.87448847400,53.58762632200
"02","2","08","220","2018","09","20","4","3","0","7","2","0","0","0","1","0","1","0",558211.89309999999,5938573.39979999978,9.87950820300,53.59276283900
"02","2","05","217","2018","09","09","4","3","3","2","0","1","1","0","0","0","0","0",558812.94979999994,5936819.35780000035,9.88825760800,53.57693136600
"02","2","08","220","2018","10","12","6","3","4","6","0","0","1","0","0","0","0","0",558313.05270000000,5938474.91110000014,9.88101798500,53.59186643200
"02","2","08","220","2018","10","14","2","3","4","2","0","1","1","0","0","0","0","0",557829.56400000001,5938346.11330000032,9.87369029300,53.59076242000
"02","2","09","221","2018","10","17","3","3","2","6","0","0","1","0","0","0","0","1",557380.18819999998,5937335.77630000003,9.86671616100,53.58173138000
"02","2","08","220","2018","10","15","3","3","5","3","0","0","1","0","0","0","0","0",558227.05279999995,5938373.86349999998,9.87969996700,53.59096782900
"02","2","08","220","2018","10","00","2","3","3","6","2","0","1","0","0","0","0","0",558485.93250000000,5937309.78830000013,9.88341117400,53.58137566700
"02","2","05","217","2018","10","23","7","3","6","4","2","0","1","1","0","0","0","0",558886.60589999997,5936692.61859999970,9.88934599000,53.57578403800
"02","2","05","217","2018","10","14","4","3","1","1","0","1","1","0","0","0","0","0",557656.78740000003,5937237.31080000009,9.87087541600,53.58081608400
"02","2","08","220","2018","11","07","4","3","4","2","0","0","1","0","0","0","0","0",557629.68339999998,5938583.83669999987,9.87071480000,53.59292096700
"02","2","05","217","2018","10","14","4","3","3","6","0","1","1","0","0","0","0","0",559293.52659999998,5936305.80059999973,9.89541730600,53.57226168700
"02","2","09","221","2018","11","17","5","3","4","2","2","0","1","0","1","0","0","0",557276.72380000004,5936312.09719999973,9.86496572700,53.57254234400
"02","2","08","220","2018","11","07","3","3","3","2","1","1","1","0","0","0","0","0",557879.73719999997,5938256.69620000012,9.87443162200,53.58995324800
"02","2","09","221","2018","11","16","7","3","5","3","1","0","1","0","0","0","0","1",557377.71189999999,5935857.72520000022,9.86640712900,53.56844762300
"02","2","08","220","2018","11","14","5","3","3","7","0","0","1","0","0","0","1","1",557740.17220000003,5938449.77199999988,9.87235912100,53.59170390400
"02","2","08","220","2018","11","12","4","3","2","6","0","0","1","0","0","1","0","0",557901.52379999997,5937817.45789999980,9.87467920400,53.58600319300
"02","2","09","221","2018","12","13","7","3","6","4","0","0","1","1","0","0","0","1",557376.60580000002,5937361.73849999998,9.86666682900,53.58196510800
"02","2","05","217","2018","12","23","4","3","1","2","2","0","1","0","0","0","0","1",558427.50740000000,5937378.73579999991,9.88254170500,53.58200184300
"02","2","05","217","2018","12","13","4","2","5","3","0","1","1","0","0","0","0","1",558572.12450000003,5937195.21659999993,9.88469140500,53.58033633700
"02","2","08","220","2018","12","05","4","3","5","2","2","0","1","0","0","0","0","1",557990.84849999996,5938087.43300000019,9.87607858000,53.58841972000
"02","2","08","220","2018","12","20","6","3","5","3","2","0","1","0","0","0","0","1",557992.56519999995,5938084.96719999984,9.87610405300,53.58839736800
"02","2","05","216","2018","02","16","2","3","2","2","1","0","1","0","0","0","1","1",559529.14690000005,5935521.56190000009,9.89882555900,53.56518669000
"02","2","05","216","2018","04","11","5","3","1","6","0","0","1","0","0","0","0","1",559605.80700000003,5935498.00640000030,9.89997839200,53.56496628400
"02","2","05","216","2018","03","13","3","3","2","6","0","0","1","0","0","0","0","0",559565.21349999995,5935264.93659999967,9.89932112400,53.56287618600
"02","2","05","216","2018","10","09","2","3","2","6","0","0","1","0","0","0","1","0",559527.95979999995,5935540.65560000017,9.89881127600,53.56535842800
"02","2","05","216","2018","06","15","5","2","5","2","0","1","0","0","0","0","1","0",559527.33129999996,5935522.19419999979,9.89879826900,53.56519257900
"02","2","05","216","2018","06","14","4","3","1","6","0","0","1","0","1","0","0","0",559558.18909999996,5935464.51209999993,9.89925312900,53.56467066100
"02","2","05","216","2018","10","19","4","3","2","6","1","0","1","0","0","0","0","0",559530.92310000001,5935143.58980000019,9.89878035500,53.56178947600
"02","2","05","216","2018","07","11","1","3","3","6","0","0","1","0","0","0","0","0",559563.16099999996,5935488.82780000009,9.89933282400,53.56488863300
"02","2","05","216","2018","10","05","6","3","2","6","2","0","1","0","0","0","0","0",559536.81799999997,5935538.06900000013,9.89894451400,53.56533417600
"02","2","06","218","2018","06","20","2","3","2","6","1","0","1","0","0","0","0","0",559524.24260000000,5935523.26989999972,9.89875184500,53.56520259700
"02","2","05","216","2018","07","17","6","3","0","1","0","0","0","0","1","0","0","0",559434.62540000002,5935554.31290000025,9.89740481000,53.56549175200
"02","2","06","218","2018","06","19","5","3","5","2","0","1","1","0","0","0","0","0",559414.65850000002,5935559.84879999980,9.89710442300,53.56554376700
"02","2","05","216","2018","11","19","6","3","3","2","2","1","0","0","0","0","1","1",559528.20149999997,5935521.89109999966,9.89881134900,53.56518975600
"02","2","05","216","2018","09","10","6","3","2","6","0","0","1","0","0","0","0","0",559538.23919999995,5935193.41249999963,9.89890029000,53.56223642600
"02","2","05","216","2018","08","16","5","3","2","6","0","0","1","0","0","0","0","0",559544.59580000001,5935517.24650000036,9.89905796600,53.56514615200
"02","2","05","216","2018","08","09","4","3","3","6","0","0","1","0","1","0","0","0",559515.58429999999,5935544.25000000000,9.89862512800,53.56539213700
"02","2","06","218","2018","08","13","5","3","2","6","0","0","1","0","1","0","0","1",559505.31850000005,5934942.06130000018,9.89835545900,53.55998114700
"02","2","05","216","2018","10","17","3","3","2","6","2","0","1","0","0","0","0","0",559591.61670000001,5935376.10130000021,9.89974091100,53.56387227700
"02","2","06","218","2018","07","12","2","3","2","6","0","0","1","0","0","0","0","0",559509.29830000002,5934973.50329999998,9.89842152200,53.56026328000
"02","2","04","211","2018","01","17","3","2","4","1","2","0","1","0","0","0","0","0",557288.34869999997,5934752.66139999963,9.86485528000,53.55852557100
"02","2","06","218","2018","02","13","2","3","6","7","0","0","1","1","0","0","0","0",558601.99089999998,5934884.02639999986,9.88470878400,53.55956119500
"02","2","06","218","2018","02","11","2","3","5","3","0","1","1","0","0","0","0","0",558757.25249999994,5934975.47420000006,9.88706964000,53.56036572400
"02","2","07","219","2018","04","18","1","2","6","4","0","0","1","1","0","0","0","0",559224.61699999997,5934825.56639999989,9.89409618200,53.55896590000
"02","2","06","218","2018","05","14","5","3","0","2","0","0","1","0","0","0","1","0",558761.76619999995,5935506.93310000002,9.88723772700,53.56514170500
"02","2","06","218","2018","05","15","5","3","5","3","0","1","1","0","0","0","0","0",558157.83649999998,5934825.37359999958,9.87799337900,53.55908345400
"02","2","09","221","2018","06","13","6","2","5","3","0","1","1","0","0","0","0","0",557264.37569999998,5934812.78569999989,9.86450443300,53.55906855800
"02","2","06","218","2018","08","16","6","3","4","2","0","1","1","0","0","0","0","0",559019.94810000004,5935524.83389999997,9.89113885300,53.56527361400
"02","2","06","218","2018","09","08","2","3","5","3","0","1","1","0","0","0","0","0",558772.16330000001,5935285.08480000030,9.88735295700,53.56314668000
"02","2","06","218","2018","09","13","5","3","2","2","0","1","1","0","0","0","0","0",557874.08429999999,5934896.18499999959,9.87372331000,53.55975123800
"02","2","06","218","2018","08","18","5","3","2","6","0","0","1","0","0","0","0","0",557471.68330000003,5935556.52369999979,9.86777050700,53.56573027900
"02","2","06","218","2018","09","16","2","3","5","3","0","1","1","0","0","0","0","0",558126.89000000001,5935538.89279999956,9.87765898700,53.56549965200
"02","2","06","218","2018","10","16","3","3","0","7","0","1","0","0","0","0","0","0",558168.77679999999,5935253.31439999957,9.87823818300,53.56292836900
"02","2","06","218","2018","12","08","4","3","2","6","0","0","1","0","0","0","0","1",558166.54660000000,5935374.65110000037,9.87822710600,53.56401913300
"02","2","09","221","2018","12","04","1","2","9","1","2","0","1","0","0","0","0","1",557371.58100000001,5935562.92779999971,9.86626041800,53.56579879000
"02","2","04","211","2018","01","08","5","3","0","6","1","1","0","0","0","0","1","0",561828.59640000004,5934644.23950000014,9.93336619200,53.55703596700
"02","2","04","213","2018","01","05","4","3","1","1","2","1","0","0","1","0","0","1",561727.99470000004,5934326.14659999963,9.93178491000,53.55418898000
"02","2","04","211","2018","01","11","4","3","6","4","0","0","0","1","0","0","1","0",561043.03870000003,5934595.01389999967,9.92149947300,53.55668549700
"02","2","04","212","2018","02","10","2","3","3","2","0","1","1","0","0","0","0","0",561022.35459999996,5934530.14989999961,9.92117460900,53.55610494200
"02","2","04","213","2018","02","15","3","3","6","4","0","0","1","1","0","0","0","0",561120.20030000003,5934325.00239999965,9.92261133500,53.55424981100
"02","2","04","211","2018","03","00","7","3","4","2","2","0","1","0","0","0","1","0",561699.03850000002,5934640.38389999978,9.93140990500,53.55701656000
"02","2","04","211","2018","03","16","6","3","4","2","0","1","1","0","0","0","0","0",561774.02839999995,5934671.33100000024,9.93254790600,53.55728587400
"02","2","04","211","2018","03","12","7","3","0","2","0","0","1","1","0","0","0","1",561489.70349999995,5934539.46470000036,9.92823038300,53.55613412100
"02","2","04","211","2018","04","11","7","3","1","5","0","0","1","0","0","0","0","1",561662.01210000005,5934622.85369999986,9.93084757700,53.55686335900
"02","2","04","211","2018","04","08","4","2","0","7","0","0","0","0","1","0","0","0",561102.19790000003,5934708.58829999994,9.92241461100,53.55769935500
"02","2","04","211","2018","06","23","7","2","6","4","2","0","1","1","0","0","0","0",561520.13410000002,5934555.68099999987,9.92869288000,53.55627629800
"02","2","04","211","2018","06","01","7","3","5","7","2","1","1","0","0","0","0","0",561487.05610000005,5934578.55410000030,9.92819811400,53.55648574400
"02","2","04","212","2018","06","08","5","3","4","2","0","1","1","0","0","0","0","0",560993.70340000000,5934783.66359999962,9.92079163400,53.55838670700
"02","2","04","211","2018","06","19","3","3","3","2","0","0","1","0","1","0","0","0",561431.02819999994,5934826.69959999993,9.92740122200,53.55872248800
"02","2","04","211","2018","07","16","2","3","0","3","0","1","1","0","0","0","1","0",561269.78559999994,5934362.68609999958,9.92487639300,53.55457105300
"02","2","04","212","2018","08","07","3","3","3","6","0","1","0","0","0","0","0","0",560963.21779999998,5934556.62700000033,9.92028718900,53.55634977400
"02","2","04","213","2018","09","13","7","3","1","7","0","1","1","0","0","0","0","0",561426.94350000005,5934380.51869999990,9.92725187800,53.55471295600
"02","2","03","210","2018","09","18","5","3","2","6","0","1","1","0","0","0","0","0",561901.14619999996,5934493.93890000042,9.93443148000,53.55567660600
"02","2","04","211","2018","08","23","2","3","4","2","2","0","1","0","0","0","0","0",561469.85089999996,5934828.70999999996,9.92798762400,53.55873601100
"02","2","04","213","2018","10","13","6","3","8","7","0","1","0","0","0","0","0","0",561516.60049999994,5934352.59659999982,9.92859957800,53.55445151000
"02","2","04","211","2018","10","14","2","3","4","2","0","0","1","0","1","0","0","0",561464.12899999996,5934518.94759999961,9.92784033900,53.55595272100
"02","2","04","211","2018","10","08","5","3","5","3","0","1","1","0","0","0","0","0",560987.12060000002,5934820.83050000016,9.92069952400,53.55872150600
"02","2","04","211","2018","11","15","6","3","4","6","0","1","1","0","0","0","0","0",561818.35080000001,5934528.55829999968,9.93318866700,53.55599750100
"02","2","04","211","2018","12","06","3","3","6","4","2","0","1","1","0","0","0","0",561486.97010000004,5934537.35960000008,9.92818871200,53.55611552200
"02","2","04","213","2018","12","00","1","3","6","2","2","0","1","1","0","0","0","1",561380.56129999994,5934446.65969999973,9.92656481700,53.55531281800
"02","2","04","212","2018","01","17","5","1","6","4","2","0","1","1","0","0","0","1",560801.16790000000,5934107.47099999990,9.91775390400,53.55233180800
"02","2","04","212","2018","01","19","4","3","0","7","2","0","0","0","1","0","0","0",561072.02899999998,5934314.73159999959,9.92188228500,53.55416310900
"02","2","04","212","2018","01","00","6","2","0","7","2","1","0","0","0","0","0","1",560705.32700000005,5934276.20340000000,9.91634021600,53.55385937200
"02","2","04","214","2018","03","18","6","3","4","2","2","0","1","0","0","0","0","0",560799.86750000005,5933673.24880000018,9.91764984400,53.54842941200
"02","2","04","212","2018","03","13","3","3","2","2","0","0","1","0","0","0","0","0",560273.47180000006,5934225.85049999971,9.90981260700,53.55345658700
"02","2","04","212","2018","03","20","2","3","2","6","2","0","1","0","0","0","0","1",560299.79700000002,5934317.73049999960,9.91022764700,53.55427933100
"02","2","04","212","2018","03","18","5","3","3","6","1","1","1","0","0","0","0","1",560359.05630000005,5933788.10699999984,9.91101979700,53.54951255300
"02","2","04","212","2018","04","08","2","3","1","5","0","1","1","0","0","0","0","0",560253.75619999995,5934071.20830000006,9.90948524300,53.55206901000
"02","2","04","214","2018","04","16","2","3","5","2","0","0","1","0","0","0","0","0",560799.86320000002,5933673.16100000031,9.91764976200,53.54842862400
"02","2","04","212","2018","04","07","3","3","5","3","0","1","1","0","0","0","0","0",560825.01899999997,5934153.65899999999,9.91812285600,53.55274415700
"02","2","07","219","2018","05","07","2","3","3","2","0","1","1","0","0","0","0","0",560778.28810000001,5933679.82369999960,9.91732547100,53.54849100200
"02","2","04","212","2018","05","16","3","3","3","6","0","1","1","0","0","0","0","0",560830.80319999997,5934616.01269999985,9.91830012800,53.55689886000
"02","2","04","212","2018","05","20","3","3","5","3","0","1","0","0","0","0","0","0",560800.37520000001,5933686.29690000042,9.91766004300,53.54854662300
"02","2","07","219","2018","05","07","2","3","5","3","0","1","1","0","0","0","0","0",560247.59900000005,5933667.23699999973,9.90931447900,53.54843903900
"02","2","07","219","2018","05","11","6","3","4","2","0","1","0","0","0","0","1","0",560784.20909999998,5933674.98720000032,9.91741388400,53.54844684900
"02","2","04","212","2018","05","17","2","3","0","3","0","1","0","0","0","0","0","0",560710.72420000006,5934669.96019999962,9.91649815200,53.55739761200
"02","2","04","212","2018","06","20","2","3","1","5","0","1","0","0","1","0","0","0",560901.59320000000,5934788.07440000027,9.91940214800,53.55843704400
"02","2","04","212","2018","06","15","3","3","5","3","0","1","1","0","0","0","0","0",560542.51000000001,5934297.56130000018,9.91388699200,53.55407012700
"02","2","04","212","2018","06","08","2","3","5","3","0","0","1","0","0","0","0","0",560602.17400000000,5934716.74450000003,9.91486876400,53.55783062600
"02","2","04","212","2018","07","19","7","3","5","3","0","1","1","0","0","0","0","0",560250.24569999997,5933766.35630000010,9.90937351800,53.54932956700
"02","2","07","219","2018","07","05","3","3","5","3","0","1","1","0","0","0","0","0",560250.21239999996,5933767.72379999980,9.90937327900,53.54934186100
"02","2","04","212","2018","08","16","3","3","5","3","0","1","1","0","0","0","0","0",560938.11239999998,5934846.52450000029,9.91996478000,53.55895812100
"02","2","04","212","2018","08","13","1","3","3","2","0","1","1","0","0","0","0","0",560837.00730000006,5934268.82980000041,9.91832620100,53.55377785800
"02","2","04","212","2018","09","15","1","2","2","6","0","0","1","0","1","0","0","0",560936.87399999995,5934846.68080000021,9.91994611800,53.55895967000