ULAND,UREGBEZ,UKREIS,UGEMEINDE,UJAHR,UMONAT,USTUNDE,UWOCHENTAG,UKATEGORIE,UART,UTYP1,ULICHTVERH,IstRad,IstPKW,IstFuss,IstKrad,IstGkfz,IstSonstig,STRZUSTAND,LINREFX,LINREFY,XGCSWGS84,YGCSWGS84
"02","2","04","212","2018","09","15","4","3","1","5","0","0","1","0","0","0","1","0",560422.79130000004,5934299.15620000008,9.91208040200,53.55409825400
"02","2","04","212","2018","09","18","6","3","4","2","0","1","1","0","0","0","0","1",560795.17920000001,5934265.27149999980,9.91769420800,53.55375072400
"02","2","04","212","2018","09","07","6","3","4","2","0","1","1","0","0","0","0","0",560816.42420000001,5934622.49519999977,9.91808435500,53.55695878700
"02","2","04","212","2018","09","14","2","3","5","3","0","0","1","0","0","0","1","0",560784.67630000005,5933686.90240000002,9.91742325000,53.54855388200
"02","2","04","214","2018","09","16","7","3","2","6","0","0","1","0","0","0","0","1",560799.39350000001,5933663.59740000032,9.91764081500,53.54834272600
"02","2","07","219","2018","10","07","2","3","3","2","0","0","1","0","1","0","0","1",560277.77579999994,5934655.38420000020,9.90996039600,53.55731650700
"02","2","04","212","2018","10","07","2","3","2","6","0","0","1","0","0","0","0","0",560804.88580000005,5934295.27080000006,9.91784654200,53.55401921700
"02","2","04","212","2018","10","07","4","3","6","4","1","0","1","1","0","0","0","1",560344.33669999999,5934604.51900000032,9.91095524800,53.55685171100
"02","2","04","212","2018","10","14","6","3","0","7","0","0","0","0","1","0","0","1",560795.79449999996,5933970.43290000036,9.91764616100,53.55110080900
"02","2","04","212","2018","10","14","1","3","5","3","0","1","1","0","0","0","0","0",560547.07460000005,5934579.21150000021,9.91401044000,53.55660091500
"02","2","04","212","2018","10","19","6","2","0","7","2","1","0","0","0","0","0","0",560569.18449999997,5933717.51970000006,9.91417721800,53.54885395500
"02","2","04","212","2018","10","07","6","3","5","3","0","1","1","0","0","0","0","0",560906.91899999999,5933958.15699999966,9.91932083500,53.55097760100
"02","2","04","212","2018","11","12","4","2","0","7","0","1","0","0","0","0","0","0",560949.82609999995,5934882.25229999982,9.92014856100,53.55927786200
"02","2","04","213","2018","12","11","3","3","4","2","0","1","1","0","0","0","0","0",561086.39599999995,5934312.77280000038,9.92209874100,53.55414383300
"02","2","04","212","2018","12","18","5","2","5","3","2","0","1","0","0","0","1","0",560836.94949999999,5934271.92729999963,9.91832593100,53.55380570400
"02","2","14","227","2018","05","13","4","3","1","6","0","0","1","0","0","1","0","0",549935.44250000000,5937428.36820000038,9.75429110200,53.58332528900
"02","2","14","227","2018","06","09","7","3","3","6","0","0","1","0","0","0","0","0",549752.84409999999,5937452.89549999963,9.75153706600,53.58356309000
"02","2","13","226","2018","10","07","4","3","2","6","0","0","1","0","0","0","0","0",552120.49150000000,5937146.48620000016,9.78724654900,53.58057920200
"02","2","14","227","2018","06","13","6","3","4","2","0","1","1","0","0","0","0","0",549737.36250000005,5937464.31919999979,9.75130505300,53.58366723200
"02","2","13","226","2018","10","17","3","3","3","6","2","0","1","0","0","0","0","0",552589.55000000005,5937151.07100000046,9.79433140400,53.58057358400
"02","2","14","227","2018","06","11","3","3","2","6","0","0","1","0","0","0","0","0",549864.18880000000,5937439.56469999999,9.75321668300,53.58343270000
"02","2","13","226","2018","08","08","5","3","2","6","0","0","1","0","0","0","0","1",552672.30929999996,5937141.80700000003,9.79557973500,53.58048201700
"02","2","14","227","2018","10","15","6","3","5","2","0","1","1","0","0","0","0","0",551459.68259999994,5937130.49160000030,9.77726383400,53.58050070100
"02","2","14","227","2018","07","12","2","3","2","6","0","0","1","0","0","0","0","0",548975.92480000004,5937608.43840000033,9.73982687900,53.58503421200
"02","2","14","227","2018","05","19","5","3","4","2","0","0","1","0","0","0","0","0",549575.15810000000,5937550.46899999958,9.74886880000,53.58445688700
"02","2","13","226","2018","09","15","3","3","4","2","0","0","1","0","0","0","0","0",552723.07600000000,5937130.70799999963,9.79634457500,53.58037716200
"02","2","13","226","2018","11","08","6","3","3","7","0","0","1","0","1","0","0","0",552192.99360000005,5937148.52359999996,9.78834187400,53.58059030300
"02","2","11","223","2018","01","12","7","3","5","3","0","0","1","0","0","0","0","1",552546.23549999995,5935754.64549999963,9.79344222400,53.56802727700
"02","2","14","227","2018","01","15","4","3","1","7","0","1","1","0","0","0","0","1",550942.93880000000,5937361.02400000021,9.76949717500,53.58262311300
"02","2","14","227","2018","01","07","6","3","6","4","2","0","0","1","0","0","1","2",550448.25749999995,5937107.38109999988,9.76198470300,53.58039125400
"02","2","14","227","2018","01","14","3","3","0","4","0","0","0","1","0","0","1","0",551651.52599999995,5936523.77180000022,9.78006081400,53.57502881400
"02","2","14","227","2018","02","17","5","3","2","6","2","1","0","0","0","0","0","0",549842.21629999997,5937934.43489999976,9.75296386500,53.58788256600
"02","2","14","227","2018","01","18","7","3","5","3","2","0","1","0","0","0","0","0",550164.67039999994,5936760.69479999971,9.75764602000,53.57730252000
"02","2","11","224","2018","03","16","6","3","5","3","0","0","1","0","0","0","0","0",552647.40789999999,5935674.63530000020,9.79495626800,53.56729802700
"02","2","11","223","2018","04","11","4","3","1","5","0","1","0","0","0","0","1","0",551943.18519999995,5934995.09920000006,9.78421088700,53.56126072500
"02","2","11","223","2018","04","20","7","3","6","7","0","0","0","1","0","0","1","0",552842.60900000005,5935066.65000000037,9.79780058100,53.56181401500
"02","2","13","226","2018","04","09","3","3","2","6","0","0","1","0","0","0","1","0",552029.01350000000,5937178.61139999982,9.78587033100,53.58087701600
"02","2","11","223","2018","05","19","3","3","4","2","0","0","1","0","0","0","0","0",552853.75230000005,5935542.44919999968,9.79804929400,53.56608923400
"02","2","14","227","2018","06","11","6","3","6","2","0","0","1","1","0","0","0","0",549942.94519999996,5937232.99600000028,9.75437315600,53.58156861400
"02","2","11","223","2018","07","16","7","2","3","6","0","1","0","0","0","0","0","0",552007.94940000004,5935482.52259999979,9.78526970000,53.56563514200
"02","2","11","223","2018","07","14","1","3","1","5","0","1","1","0","0","0","0","0",551823.01859999995,5935549.86060000025,9.78248888200,53.56625865400
"02","2","14","227","2018","08","00","1","3","2","6","2","1","1","0","0","0","0","0",550547.18000000005,5937208.02070000023,9.76349501000,53.58128625300
"02","2","14","227","2018","08","09","4","3","5","3","0","0","1","0","0","0","1","0",549754.53929999995,5936096.76439999975,9.75134652300,53.57137432000
"02","2","14","227","2018","07","07","5","3","5","3","0","1","1","0","0","0","0","0",550069.72809999995,5937162.19919999968,9.75627663200,53.58092022000
"02","2","14","227","2018","07","18","7","3","1","6","0","1","1","0","0","0","0","0",549377.77040000004,5936096.57199999969,9.74565741300,53.57140818700
"02","2","14","227","2018","08","08","2","3","0","6","0","1","1","0","0","0","0","1",550347.23780000000,5936544.45019999985,9.76036822700,53.57534147200
"02","2","11","223","2018","08","12","1","3","1","5","0","1","1","0","0","0","0","0",552142.13000000000,5935747.16000000015,9.78733966200,53.56800031300
"02","2","14","227","2018","09","12","7","3","2","6","0","0","1","0","0","0","0","0",550159.83999999997,5937156.91999999993,9.75763674500,53.58086416100
"02","2","11","224","2018","09","15","4","3","5","3","0","0","1","0","0","0","0","0",552334.51919999998,5936130.01759999990,9.79030856800,53.57142217200
"02","2","11","223","2018","09","10","2","3","0","4","0","1","0","1","0","0","0","0",551741.98970000003,5935058.13999999966,9.78118409300,53.56184719300
"02","2","14","227","2018","09","08","2","3","4","2","0","1","1","0","0","0","0","0",550485.36020000000,5937045.80929999985,9.76253509900,53.57983429100
"02","2","11","224","2018","09","17","7","3","5","3","0","0","1","0","0","0","0","0",552555.57889999996,5935754.11840000004,9.79358320500,53.56802160400
"02","2","11","223","2018","10","09","7","3","0","3","0","0","1","0","1","0","0","0",552852.50809999998,5935064.74270000029,9.79794969600,53.56179587600
"02","2","14","227","2018","10","13","4","3","5","3","0","1","1","0","0","0","0","0",550516.52960000001,5937284.16060000006,9.76304441800,53.58197353300
"02","2","14","227","2018","11","15","6","3","2","6","0","0","1","0","0","0","0","0",549996.39199999999,5937292.73010000028,9.75518994600,53.58210039800
"02","2","11","223","2018","12","00","4","2","9","1","2","0","1","0","0","0","0","1",550561.02520000003,5935989.59260000009,9.76350678900,53.57033398100
"02","2","05","215","2018","05","17","2","3","5","2","0","1","1","0","0","0","0","0",560890.04550000001,5935408.46420000028,9.91934873500,53.56401408800
"02","2","05","216","2018","04","20","4","3","4","3","2","1","0","0","0","0","0","1",560700.54650000005,5935454.44979999959,9.91649692000,53.56444933300
"02","2","05","215","2018","01","04","1","3","9","1","2","0","1","0","0","1","0","1",560358.00190000003,5936909.82840000000,9.91160696600,53.57756895100
"02","2","05","215","2018","04","01","4","2","8","1","2","0","0","0","0","1","0","1",560651.92130000005,5937691.27219999954,9.91619736700,53.58455819400
"02","2","05","216","2018","04","14","5","3","2","6","0","0","1","0","0","0","1","0",559795.07090000005,5936182.15930000041,9.90296664100,53.57109354300
"02","2","05","216","2018","05","16","6","3","0","7","0","1","0","0","0","0","0","0",560086.64439999999,5935597.12710000016,9.90725654700,53.56580228900
"02","2","05","215","2018","04","16","3","3","4","2","0","1","1","0","0","0","0","0",560962.09569999995,5935405.22329999972,9.92043579900,53.56397659600
"02","2","05","216","2018","01","09","2","3","3","6","0","0","0","0","0","1","1","0",560443.88659999997,5935552.92219999991,9.91264129300,53.56536397200
"02","2","05","215","2018","03","18","6","3","2","6","2","0","1","0","0","0","1","0",560962.64690000005,5935405.17889999971,9.92044411100,53.56397613300
"02","2","05","216","2018","01","11","6","3","6","3","0","0","1","1","0","0","0","0",560026.67770000000,5935588.26510000043,9.90634952300,53.56572950500
"02","2","05","216","2018","11","18","2","3","5","3","2","0","1","0","1","0","0","1",559705.21999999997,5935482.70000000019,9.90147628400,53.56481741700
"02","2","05","215","2018","09","15","2","3","5","3","0","0","1","0","0","1","0","0",560629.32660000003,5937880.46949999966,9.91589286600,53.58626119800
"02","2","05","216","2018","07","08","2","3","3","2","0","1","1","0","0","0","0","0",560014.49600000004,5935585.17160000000,9.90616502100,53.56570309600
"02","2","05","215","2018","08","16","4","3","3","6","0","0","1","0","0","1","0","0",560600.37120000005,5937898.10940000042,9.91545894100,53.58642308200
"02","2","05","216","2018","09","16","2","3","3","2","0","1","1","0","0","0","0","0",560586.81889999995,5935493.63520000037,9.91478762600,53.56481465200
"02","2","05","216","2018","11","17","3","3","5","3","2","0","1","0","0","1","0","0",560590.97490000003,5935492.18489999976,9.91485008700,53.56480113700
"02","2","05","215","2018","11","06","4","3","3","6","0","0","1","0","0","1","0","0",560623.55940000003,5937686.78980000038,9.91576812600,53.58452118900
"02","2","05","216","2018","07","22","3","3","0","7","2","0","1","0","0","0","1","0",560847.01800000004,5935414.54000000004,9.91870035900,53.56407368400
"02","2","05","216","2018","10","14","2","3","5","2","0","1","1","0","0","0","0","0",560590.86340000003,5935492.22379999980,9.91484841100,53.56480150000
"02","2","05","215","2018","08","09","6","3","2","6","0","0","1","0","0","0","1","0",560637.09530000004,5937812.82280000020,9.91599706100,53.58565233200
"02","2","05","216","2018","07","17","2","3","2","6","0","0","1","0","0","0","0","0",559826.66000000003,5936260.57579999976,9.90345862600,53.57179470600
"02","2","05","216","2018","12","11","7","3","2","6","0","0","1","0","0","0","0","1",559683.01159999997,5935481.66349999979,9.90114081100,53.56481062700
"02","2","05","215","2018","09","11","4","3","3","6","0","0","1","0","0","1","0","0",560623.82400000002,5937594.57519999985,9.91575420700,53.58369238900
"02","2","05","215","2018","07","13","2","3","2","6","0","0","1","0","0","0","0","0",560581.30790000001,5937243.39719999954,9.91504389900,53.58054112500
"02","2","05","216","2018","12","20","4","3","5","3","2","0","1","0","0","0","0","0",559705.21999999997,5935482.70000000019,9.90147628400,53.56481741700
"02","2","05","216","2018","10","19","2","3","5","3","2","0","1","0","0","0","0","0",560592.29150000005,5935491.72549999971,9.91486987400,53.56479685700
"02","2","05","216","2018","06","06","1","3","0","6","0","0","1","0","0","0","1","1",559995.16590000002,5936573.93730000034,9.90606313900,53.57459178000
"02","2","05","216","2018","09","09","2","2","3","6","0","0","1","0","1","0","0","0",560159.59930000000,5936741.13460000046,9.90857833100,53.57607562100
"02","2","05","216","2018","08","18","6","3","1","6","0","0","1","0","1","0","0","0",560401.44220000005,5935572.19680000003,9.91200424200,53.56554208900
"02","2","05","216","2018","11","18","7","3","3","6","1","0","1","0","0","0","0","1",560400.13699999999,5935572.78199999966,9.91198465100,53.56554749800
"02","2","05","215","2018","11","15","6","3","2","6","0","0","1","0","0","0","0","0",560954.15020000003,5935405.66339999996,9.92031593600,53.56398147400
"02","2","05","215","2018","01","17","2","3","2","6","1","0","1","0","0","0","1","1",560782.68990000000,5937178.74019999988,9.91807263200,53.57993672700
"02","2","05","215","2018","01","17","2","3","2","6","2","0","1","0","0","0","0","1",560879.87360000005,5935438.43130000029,9.91920101500,53.56428459500
"02","2","05","215","2018","01","11","7","3","2","6","0","0","1","0","0","0","1","1",560804.10360000003,5937028.28729999997,9.91836671500,53.57858206500
"02","2","05","215","2018","01","14","4","3","5","3","0","0","1","0","0","0","1","0",560797.91960000002,5937071.73759999964,9.91828178900,53.57897328700
"02","2","05","215","2018","02","00","1","3","5","3","2","0","1","0","0","0","0","1",560537.77599999995,5937500.98000000045,9.91443643300,53.58286115200
"02","2","05","215","2018","01","18","4","3","4","2","2","0","1","0","0","0","0","1",560796.94030000002,5936169.47829999961,9.91809130700,53.57086443200
"02","2","05","215","2018","02","09","3","3","1","6","0","1","0","0","0","0","1","0",560827.93429999996,5936566.19120000023,9.91863655900,53.57442625900
"02","2","05","215","2018","03","08","2","3","3","6","0","0","1","0","0","1","0","1",560557.61750000005,5937491.17279999983,9.91473419800,53.58277072000
"02","2","05","216","2018","02","10","6","3","2","6","0","0","1","0","0","0","0","0",560290.19350000005,5935621.76530000009,9.91033429200,53.56600037600
"02","2","05","216","2018","03","14","3","3","5","2","0","1","1","0","0","0","0","0",559829.58970000001,5935914.27379999962,9.90343652000,53.56868200100
"02","2","05","215","2018","03","07","4","3","2","6","0","0","1","0","0","0","0","0",560670.40099999995,5937429.72900000028,9.91642562900,53.58220546500
"02","3","08","320","2018","03","08","3","3","2","6","0","0","1","0","0","1","0","1",560054.16650000005,5938006.00519999955,9.90722961500,53.58745562700
"02","2","05","215","2018","03","12","2","3","2","6","0","0","1","0","0","1","0","0",560805.47080000001,5936187.82959999982,9.91822368000,53.57102837400
"02","2","05","215","2018","04","09","3","3","3","6","0","0","1","0","0","1","0","1",560785.09970000002,5937161.80970000010,9.91810572800,53.57978428700
"02","2","05","215","2018","04","17","5","3","2","6","0","0","1","0","0","0","0","0",560782.16020000004,5937182.46190000046,9.91806535700,53.57997023700
"02","2","05","216","2018","04","19","6","3","5","3","0","1","1","0","0","0","0","0",560749.57600000000,5935036.56900000013,9.91715584700,53.56068798800
"02","2","05","216","2018","05","11","4","3","2","2","0","0","1","0","0","0","0","0",560081.72730000003,5935748.02460000012,9.90721133600,53.56715903500
"02","2","05","216","2018","05","07","4","3","5","3","0","1","1","0","0","0","0","0",560924.24380000005,5935009.59190000035,9.91978723100,53.56042528700
"02","2","05","215","2018","05","17","2","3","8","2","0","0","1","0","0","0","1","0",560845.06229999999,5936566.08920000028,9.91889517300,53.57442335600
"02","2","05","215","2018","06","07","6","3","5","2","0","1","1","0","0","0","0","0",560773.64430000004,5937242.29270000011,9.91794840000,53.58050894700
"02","2","05","215","2018","05","07","2","3","4","2","0","1","0","0","0","0","1","0",560814.66469999996,5936165.95509999990,9.91835823800,53.57083071400
"02","2","05","215","2018","05","18","4","3","2","6","0","0","1","0","0","0","0","0",560575.07250000001,5937470.96569999959,9.91499390000,53.58258709500
"02","2","05","216","2018","05","10","2","3","5","3","0","1","1","0","0","0","0","0",560246.46569999994,5934967.79559999984,9.90954802600,53.56012788300
"02","2","05","216","2018","05","18","4","3","1","2","0","0","1","0","0","0","0","0",559710.14119999995,5935475.40610000025,9.90154918300,53.56475130300
"02","2","05","216","2018","05","17","2","3","6","6","0","1","0","1","0","0","0","0",560100.49800000002,5935517.64109999966,9.90745040300,53.56508632600
"02","2","05","216","2018","06","08","5","3","5","2","0","1","1","0","0","0","0","0",560661.58310000005,5935050.67480000015,9.91583031500,53.56082494000
"02","2","05","216","2018","06","15","7","3","4","2","0","1","1","0","0","0","0","1",559977.65240000002,5935228.39630000014,9.90554029900,53.56250080800
"02","2","05","216","2018","06","18","3","3","4","2","0","1","1","0","0","0","0","0",559787.98800000001,5935390.59320000000,9.90270818300,53.56398018700
"02","2","05","216","2018","06","09","5","3","6","4","0","1","0","1","0","0","0","1",559864.76410000003,5936031.79270000011,9.90399011200,53.56973418400
"02","2","05","216","2018","06","16","2","3","1","5","0","1","1","0","0","0","0","0",559988.25370000000,5936084.31340000033,9.90586470300,53.57019210600
"02","2","05","215","2018","07","17","2","3","3","6","0","0","1","0","0","0","0","0",560906.85670000000,5935367.19500000030,9.91959447700,53.56364123400
"02","2","05","216","2018","06","08","6","3","2","6","0","1","1","0","0","0","0","0",560931.68900000001,5935008.94400000013,9.91989949000,53.56041859900
"02","2","05","215","2018","06","15","6","3","5","2","0","1","0","0","0","0","1","0",560786.03780000005,5937155.21850000042,9.91811861100,53.57972494000
"02","2","05","216","2018","07","01","3","3","8","1","2","1","0","0","0","0","0","0",559974.71050000004,5935214.15670000017,9.90549315500,53.56237316600
"02","2","05","216","2018","07","12","7","3","1","5","0","0","1","0","0","0","1","0",559821.59450000001,5935854.88300000038,9.90330443300,53.56814914100
"02","2","05","215","2018","07","15","5","2","5","3","0","1","1","0","0","0","0","0",560792.44510000001,5936170.36809999961,9.91802360800,53.57087295000
"02","2","05","216","2018","08","21","2","2","3","6","2","1","0","0","0","0","0","0",560937.61609999998,5935014.21480000019,9.91998998800,53.56046528200
"02","2","05","215","2018","08","17","4","3","1","6","0","0","1","0","0","0","0","0",560816.50309999997,5936256.74619999994,9.91840367700,53.57164647700
"02","2","05","216","2018","08","13","6","3","3","6","0","1","0","0","0","0","1","0",560231.35869999998,5934977.67349999957,9.90932189000,53.56021839400
"02","2","05","216","2018","08","08","4","3","0","4","0","0","0","1","1","0","0","0",560382.28740000003,5934986.98359999992,9.91160196500,53.56028472600
"02","2","05","216","2018","07","08","2","3","5","2","0","1","1","0","0","0","0","0",559829.59750000003,5935914.26790000033,9.90343663600,53.56868194700
"02","2","05","215","2018","08","23","6","3","8","7","2","0","1","0","0","0","0","0",560295.01729999995,5937600.42619999964,9.91078923400,53.58378288300
"02","2","05","216","2018","08","18","6","3","5","3","0","1","0","0","0","0","0","0",560070.22420000006,5935755.66069999989,9.90703913600,53.56722898100
"02","2","05","216","2018","09","14","2","2","4","7","0","0","1","0","0","0","1","0",559885.87199999997,5935879.82100000046,9.90427967000,53.56836593700
"02","2","05","215","2018","10","06","2","3","2","6","1","0","1","0","0","0","1","0",560533.35329999996,5937503.00559999980,9.91437002900,53.58287986800
"02","2","05","216","2018","10","11","6","3","5","3","0","1","1","0","0","0","0","0",559978.73479999998,5935696.47290000040,9.90564650400,53.56670749900
"02","2","05","216","2018","10","19","4","3","4","2","2","1","1","0","0","0","0","0",559706.57490000001,5935480.69189999998,9.90149635400,53.56479921500
"02","2","05","216","2018","10","16","2","3","4","6","0","1","1","0","0","0","0","1",560519.88199999998,5935073.97890000045,9.91369581400,53.56105074300
"02","2","05","216","2018","09","16","1","3","2","4","0","0","1","1","0","0","0","0",560057.45349999995,5935764.15610000025,9.90684796300,53.56730679400
"02","2","05","216","2018","10","16","3","3","5","3","0","1","1","0","0","0","0","0",560384.87000000000,5935370.27799999993,9.91171502400,53.56372926400
"02","2","05","215","2018","11","14","7","3","5","3","0","0","1","0","0","0","0","0",560675.79900000000,5937439.89400000032,9.91650913100,53.58229619700
"02","2","05","215","2018","10","17","2","3","2","6","1","0","1","0","0","0","0","0",560529.96979999996,5937504.55530000012,9.91431922800,53.58289418600
"02","2","05","216","2018","11","16","4","3","5","3","0","1","1","0","0","0","0","1",560069.98959999997,5935755.81670000032,9.90703562400,53.56723040900
"02","2","05","216","2018","11","08","4","3","4","2","0","1","1","0","0","0","0","0",560160.18999999994,5935692.54650000017,9.90838524500,53.56665143800
"02","2","05","216","2018","11","17","4","3","5","3","2","1","1","0","0","0","0","0",560870.90590000001,5935017.51150000002,9.91898363300,53.56050265200
"02","2","05","216","2018","11","13","7","3","4","7","0","1","1","0","0","0","0","0",560824.02520000003,5935300.21949999966,9.91833099400,53.56304890400
"02","2","05","216","2018","11","18","3","3","0","7","2","0","0","1","0","0","1","1",560123.77659999998,5935458.71930000000,9.90779049600,53.56455410300
"02","2","05","215","2018","11","17","3","3","2","6","2","0","1","0","0","0","1","0",560808.34589999996,5936203.16139999963,9.91827007600,53.57116583400
"02","2","05","216","2018","11","17","5","3","6","4","2","0","1","1","0","0","0","0",560151.49470000004,5935380.17939999979,9.90819382400,53.56384505400
"02","2","05","216","2018","11","18","2","3","5","2","2","1","1","0","0","0","0","0",559909.47670000000,5935279.30489999987,9.90452088800,53.56296613300
"02","2","05","215","2018","12","21","6","3","2","6","2","0","1","0","0","0","0","1",560770.21340000001,5937266.39759999979,9.91790127900,53.58072598400
"02","2","05","215","2018","12","17","5","3","3","2","2","1","0","0","0","0","1","0",560796.86970000004,5937079.11429999955,9.91826737100,53.57903970600
"02","2","01","205","2018","01","10","2","3","1","5","0","1","1","0","0","0","0","1",562752.93189999997,5934056.71490000002,9.94719996500,53.55164598300
"02","2","03","210","2018","01","17","2","2","6","4","2","0","1","1","0","0","0","1",562758.45319999999,5934764.85360000003,9.94742546200,53.55800962000
"02","2","01","204","2018","02","09","3","3","4","2","0","1","1","0","0","0","0","0",562640.07739999995,5934647.01410000026,9.94561506700,53.55696469400
"02","2","03","210","2018","03","18","4","3","6","3","2","0","0","1","0","0","1","0",562623.89690000005,5934662.45089999959,9.94537393500,53.55710536100
"02","2","01","204","2018","04","21","2","3","3","6","2","0","1","0","0","0","0","1",562244.67760000005,5934094.81610000040,9.93953704000,53.55204891600
"02","2","01","203","2018","05","16","4","3","6","4","0","1","0","1","0","0","0","0",562519.34299999999,5934072.62700000033,9.94367785600,53.55181685900
"02","2","01","204","2018","05","15","6","3","0","7","0","1","1","0","0","0","0","0",562438.48300000001,5934107.46700000018,9.94246448000,53.55213960200
"02","2","01","206","2018","05","16","3","3","1","6","0","0","1","0","0","0","0","0",562892.03249999997,5934806.69730000012,9.94945014300,53.55836969500
"02","2","03","210","2018","05","18","4","3","5","3","0","1","1","0","0","0","0","0",562624.18669999996,5934662.13910000026,9.94537824700,53.55710252400
"02","2","01","203","2018","06","21","6","3","0","4","2","1","0","1","0","0","0","1",562533.69790000003,5934070.96210000012,9.94389416600,53.55180018600
"02","2","03","210","2018","06","13","2","3","1","5","0","1","1","0","0","0","0","0",562231.55000000005,5934723.37390000001,9.93946405200,53.55769956000
"02","2","01","204","2018","06","08","2","3","3","2","0","1","1","0","0","0","0","0",562933.26679999998,5934657.23379999958,9.95004244700,53.55702147300
"02","2","03","210","2018","06","18","4","3","2","6","0","1","0","0","0","0","0","0",562676.50410000002,5934696.60720000044,9.94617482700,53.55740605700
"02","2","01","204","2018","06","11","1","3","5","3","0","1","1","0","0","0","0","1",562536.49069999997,5934371.43269999977,9.94399642000,53.55450029400
"02","2","01","204","2018","07","14","6","3","5","3","0","0","1","0","0","0","0","0",562450.16760000004,5934207.31080000009,9.94266076900,53.55303554500
"02","2","01","204","2018","07","18","5","3","0","5","0","0","1","0","1","0","0","0",562475.74800000002,5934197.99529999960,9.94304497600,53.55294878000
"02","2","03","210","2018","06","14","6","3","5","3","0","1","1","0","0","0","0","0",562125.67310000001,5934196.72800000012,9.93776127100,53.55297893300
"02","2","01","204","2018","07","17","2","3","1","5","0","1","1","0","0","0","0","0",562892.55429999996,5934518.93109999970,9.94940011400,53.55578337700
"02","2","01","206","2018","08","03","6","3","1","5","2","0","1","0","0","0","0","0",562943.57669999998,5934601.56790000014,9.95018685200,53.55651994800
"02","2","03","210","2018","07","10","4","3","4","2","0","0","1","0","0","0","0","0",562427.51130000001,5934471.92109999992,9.94237167500,53.55541639100
"02","2","01","204","2018","08","17","6","3","4","6","0","1","0","0","0","0","0","0",562834.66949999996,5934801.31630000006,9.94858321000,53.55832820500
"02","2","01","204","2018","08","17","2","3","5","3","0","0","1","0","0","0","1","0",562635.52179999999,5934648.82789999992,9.94554666900,53.55698153900
"02","2","01","204","2018","09","20","5","3","5","3","2","1","1","0","0","0","0","0",562889.46279999998,5934815.85950000025,9.94941319900,53.55845234700
"02","2","01","204","2018","08","18","3","3","5","3","0","0","1","0","1","0","0","0",562229.38760000002,5934283.06680000015,9.93934375400,53.55374261000
"02","2","03","210","2018","09","18","7","3","4","2","0","1","1","0","0","0","0","0",562757.99320000003,5934764.51690000016,9.94741845100,53.55800664900
"02","2","03","210","2018","09","09","5","3","6","4","0","1","0","1","0","0","0","0",562087.82389999996,5934150.24789999984,9.93718080700,53.55256567600
"02","2","03","210","2018","09","18","2","3","0","3","0","1","0","0","0","0","1","0",562387.70830000006,5934439.20920000039,9.94176439100,53.55512712900
"02","2","01","203","2018","10","14","4","3","2","6","0","1","1","0","0","0","0","0",562238.94400000002,5934096.03380000032,9.93945075100,53.55206054000
"02","2","01","204","2018","10","14","4","3","2","6","0","0","0","0","1","0","0","0",562380.97300000000,5934077.14209999982,9.94159048600,53.55187389700
"02","2","01","204","2018","10","19","2","2","5","2","2","1","1","0","0","0","0","0",562100.13899999997,5934144.08499999996,9.93736544500,53.55250883100
"02","2","01","204","2018","10","16","1","3","8","7","0","1","0","0","0","0","0","0",562436.06189999997,5934464.90490000043,9.94249932900,53.55535231700
"02","2","01","204","2018","12","13","5","3","6","6","0","0","1","1","0","0","0","1",562444.83589999995,5934472.03509999998,9.94263318100,53.55541535500
"02","2","01","204","2018","12","12","2","3","3","2","0","1","0","0","0","0","0","1",562510.24630000000,5934460.57949999999,9.94361814300,53.55530461500
"02","2","03","209","2018","01","19","4","2","3","6","2","1","0","0","0","0","1","1",562581.28760000004,5935324.78670000006,9.94486344000,53.56306309100
"02","2","05","215","2018","05","07","5","3","2","6","0","0","1","0","0","0","0","0",561824.06420000002,5935383.35470000003,9.93344401200,53.56367921500
"02","3","01","304","2018","04","11","7","3","1","5","0","0","1","0","0","0","1","0",562531.12459999998,5936125.69579999987,9.94426651000,53.57026712000
"02","2","03","209","2018","02","15","3","3","2","6","0","0","1","0","0","0","0","0",562336.47210000001,5935379.79739999957,9.94117869600,53.56358662900
"02","2","03","209","2018","05","08","4","3","1","5","0","1","1","0","0","0","0","0",562444.79870000004,5935354.90930000041,9.94280903300,53.56335007200
"02","2","03","209","2018","05","21","3","3","0","5","2","1","1","0","0","0","0","0",562590.14650000003,5935395.44010000024,9.94501132700,53.56369702200
"02","2","03","209","2018","05","10","7","3","2","6","0","0","1","0","0","0","0","0",562066.94319999998,5935390.15539999958,9.93711190800,53.56371166600
"02","2","03","209","2018","03","20","5","3","5","3","2","1","1","0","0","0","0","0",562521.10549999995,5935958.93180000037,9.94408185300,53.56876954900
"02","2","03","209","2018","05","12","7","3","2","3","0","0","1","0","0","0","0","0",562214.25890000002,5935383.95469999965,9.93933457800,53.56363849500
"02","2","03","209","2018","11","00","3","3","8","1","2","0","1","0","0","0","0","1",562521.96059999999,5935986.40589999966,9.94410026300,53.56901636600
"02","2","03","209","2018","12","07","3","3","4","6","2","1","0","0","0","0","0","0",562813.40830000001,5935252.02290000021,9.94835288500,53.56238140700
"02","2","03","209","2018","06","17","1","3","6","4","0","0","0","1","0","0","1","0",562558.49120000005,5935565.74039999954,9.94456755500,53.56523134500