ULAND,UREGBEZ,UKREIS,UGEMEINDE,UJAHR,UMONAT,USTUNDE,UWOCHENTAG,UKATEGORIE,UART,UTYP1,ULICHTVERH,IstRad,IstPKW,IstFuss,IstKrad,IstGkfz,IstSonstig,STRZUSTAND,LINREFX,LINREFY,XGCSWGS84,YGCSWGS84
"02","3","01","306","2018","06","15","4","3","4","2","0","1","1","0","0","0","0","0",563085.08310000005,5936263.79899999965,9.95265832800,53.57144198300
"02","2","05","215","2018","11","16","4","3","2","6","1","0","1","0","0","0","0","0",561783.65190000006,5935373.11160000041,9.93283191500,53.56359191600
"02","2","03","209","2018","12","14","6","3","2","6","0","0","1","0","0","0","0","0",561973.81539999996,5935393.65570000000,9.93570672700,53.56375413100
"02","2","03","209","2018","06","08","2","3","3","6","0","1","1","0","0","1","0","0",562699.11239999998,5935291.05379999988,9.94663534400,53.56274585800
"02","2","03","209","2018","06","10","6","3","2","6","0","0","1","0","0","0","0","0",562394.90359999996,5935367.22910000011,9.94205827500,53.56346672900
"02","2","03","208","2018","12","21","4","3","6","4","2","0","0","1","0","0","1","0",562823.23869999999,5935248.58399999980,9.94850059000,53.56234932300
"02","2","03","208","2018","06","16","5","3","5","2","0","0","1","0","1","0","0","0",562844.23069999996,5935241.64389999956,9.94881608200,53.56228443700
"02","2","03","208","2018","07","10","4","3","3","2","0","1","1","0","0","0","0","0",562845.29160000000,5935241.31579999998,9.94883203100,53.56228136100
"02","2","03","209","2018","08","11","4","3","3","2","0","1","1","0","0","0","0","0",562617.59800000000,5935316.50509999972,9.94540991900,53.56298433000
"02","2","03","209","2018","12","12","2","3","2","6","0","0","1","0","0","0","0","1",562446.04119999998,5935354.62040000036,9.94282773200,53.56334732800
"02","2","03","209","2018","06","14","2","3","3","6","0","1","0","0","0","0","1","0",562046.82550000004,5935391.07419999968,9.93680839000,53.56372230300
"02","2","03","209","2018","07","19","4","3","2","6","0","0","1","0","1","0","0","0",562216.79269999999,5935383.87880000006,9.93937281300,53.56363751200
"02","2","03","209","2018","05","17","5","3","2","7","0","0","1","0","1","0","0","0",562588.63000000000,5935400.83000000007,9.94498951400,53.56374564300
"02","2","03","208","2018","11","20","7","3","6","4","2","0","1","1","0","0","0","0",562854.78440000000,5935238.59399999958,9.94897478300,53.56225576300
"02","2","03","209","2018","07","07","6","3","5","2","0","1","1","0","0","0","0","0",562820.11950000003,5935249.67509999964,9.94845372300,53.56235950300
"02","2","03","209","2018","10","16","6","3","4","2","0","1","1","0","0","0","0","0",562816.68999999994,5935250.87490000017,9.94840219300,53.56237069600
"02","2","03","208","2018","01","15","2","3","6","3","0","1","0","1","0","0","0","0",562950.58530000004,5935520.84030000027,9.95047782500,53.56478092300
"02","2","03","208","2018","01","17","6","3","5","2","2","0","1","0","0","0","0","1",562836.33660000004,5935249.08490000013,9.94869841200,53.56235225700
"02","2","03","209","2018","02","18","5","3","6","3","2","0","1","1","0","0","0","0",563032.58510000003,5935746.06979999971,9.95176118100,53.56679529200
"02","2","03","208","2018","01","09","6","3","0","7","0","0","1","0","0","0","0","0",562952.94420000003,5935527.13939999975,9.95051470500,53.56483725200
"02","2","03","209","2018","02","17","6","3","2","6","2","0","1","0","0","0","0","0",562358.58369999996,5935412.69350000005,9.94151906200,53.56387965100
"02","2","03","208","2018","02","14","7","3","0","7","0","0","1","0","0","0","1","0",562883.18200000003,5935352.15230000019,9.94942631700,53.56327294800
"02","2","03","209","2018","03","14","5","3","6","7","0","1","0","1","0","0","0","1",562131.49369999999,5935386.14529999997,9.93808557700,53.56366798800
"02","2","03","209","2018","04","11","2","3","3","2","0","1","1","0","0","0","0","0",562463.41009999998,5935573.18379999977,9.94313363300,53.56530956800
"02","2","03","209","2018","04","10","1","3","2","6","0","0","1","0","0","0","0","0",562583.17969999998,5935324.35800000001,9.94489191700,53.56305901300
"02","2","05","215","2018","05","09","2","3","6","4","0","0","1","1","0","0","0","0",561811.87749999994,5935724.65000000037,9.93332756900,53.56674800100
"02","2","03","209","2018","04","13","6","3","2","2","0","0","1","0","0","0","0","0",563035.75829999999,5935753.73680000007,9.95181063500,53.56686381700
"02","2","03","209","2018","05","15","4","3","6","3","0","1","0","1","0","0","0","0",562877.08799999999,5935681.78139999975,9.94940066500,53.56623616700
"02","2","03","209","2018","06","22","3","3","3","7","2","0","1","0","1","0","0","0",562358.58680000005,5935469.77850000001,9.94153050300,53.56439269400
"02","2","03","208","2018","06","16","3","3","1","5","0","0","1","0","1","0","0","0",562860.43599999999,5935300.50729999971,9.94907255400,53.56281152200
"02","2","03","209","2018","07","11","1","3","5","3","0","1","1","0","0","0","0","0",562997.80779999995,5935692.00879999995,9.95122523800,53.56631360500
"02","2","03","208","2018","07","09","3","3","5","3","0","1","0","0","0","0","0","0",562982.98880000005,5935603.17329999991,9.95098360400,53.56551698900
"02","2","03","209","2018","07","16","2","3","5","3","0","1","1","0","0","0","0","0",562494.46930000000,5935569.22180000041,9.94360173200,53.56527026200
"02","2","03","209","2018","08","09","6","3","1","5","0","1","1","0","0","0","0","0",562420.96539999999,5935858.55300000031,9.94254988100,53.56787933200
"02","2","03","208","2018","07","13","5","3","3","6","0","1","0","0","0","0","0","0",562884.13919999998,5935354.40579999983,9.94944122100,53.56329308600
"02","2","03","209","2018","09","07","5","3","3","2","0","1","0","0","0","0","1","0",562620.97120000003,5935308.08690000046,9.94545915300,53.56290827000
"02","2","03","209","2018","09","10","5","3","5","3","0","1","1","0","0","0","0","0",562701.18949999998,5935562.17279999983,9.94672111100,53.56518225100
"02","2","03","209","2018","09","07","5","3","5","3","0","1","1","0","0","0","0","0",562372.92830000003,5935586.38080000039,9.94177028800,53.56543893600
"02","2","03","209","2018","10","08","2","3","5","3","0","0","1","0","1","0","0","0",562359.55779999995,5935488.74720000010,9.94154894700,53.56456305700
"02","2","03","208","2018","10","11","3","3","1","6","0","0","1","0","0","0","0","1",562836.65500000003,5935233.72599999979,9.94870013000,53.56221418300
"02","2","03","209","2018","10","16","4","3","6","6","0","1","0","1","0","0","0","0",561912.51240000001,5935994.14890000038,9.93490030100,53.56915822400
"02","2","03","209","2018","11","17","3","2","0","6","2","1","0","0","0","0","1","0",562633.01260000002,5935556.34460000042,9.94569069800,53.56513801200
"02","2","03","208","2018","10","11","5","3","5","3","0","1","0","0","0","0","1","1",562923.96259999997,5935450.47630000021,9.95006174300,53.56415173100
"02","2","03","208","2018","10","20","3","3","9","1","2","0","1","0","0","0","1","1",562943.89439999999,5935502.97319999989,9.95037321600,53.56462114800
"02","2","03","209","2018","11","13","5","3","2","6","0","0","1","0","0","0","0","0",563001.02989999996,5935647.36129999999,9.95126487800,53.56591195600
"02","2","03","209","2018","12","11","6","3","3","6","0","1","1","0","0","0","0","0",562382.25639999995,5935605.04770000000,9.94191484000,53.56560559300
"02","2","03","209","2018","12","11","6","3","5","3","0","1","0","0","0","0","1","1",562363.08440000005,5935551.86280000024,9.94161478600,53.56512988100
"02","2","03","209","2018","12","15","7","3","2","6","0","0","1","0","0","0","0","1",562645.62239999999,5935308.70459999982,9.94583140800,53.56291088000
"02","2","09","221","2018","02","15","4","3","5","3","0","0","1","0","0","0","0","0",556526.60230000003,5936258.21009999979,9.85362938600,53.57213939100
"02","2","09","221","2018","04","14","3","3","2","6","0","0","1","0","0","0","0","0",557156.95129999996,5936234.27780000027,9.86314296100,53.57185600100
"02","2","09","221","2018","01","13","1","3","5","3","0","0","1","0","0","0","0","0",556849.87210000004,5936236.13019999955,9.85850658400,53.57190601500
"02","2","09","221","2018","03","11","5","3","2","6","0","0","1","0","0","1","0","1",556421.72470000002,5936279.67310000025,9.85204966100,53.57234358000
"02","2","09","221","2018","07","10","4","3","2","6","0","0","0","0","0","0","1","0",556683.17700000003,5936249.21499999985,9.85599195700,53.57204165300
"02","2","09","221","2018","10","22","6","3","1","6","2","0","1","0","0","0","0","0",555845.38370000001,5936338.65309999976,9.84335766700,53.57293533600
"02","2","09","221","2018","07","07","1","3","3","6","0","0","1","0","0","0","1","0",556870.12250000006,5936247.95509999990,9.85881450700,53.57201009800
"02","2","09","221","2018","06","14","3","3","2","6","0","1","0","0","0","0","0","0",555845.72019999998,5936338.62289999984,9.84336274300,53.57293502900
"02","2","09","221","2018","12","18","6","2","5","3","2","0","1","0","0","0","0","1",555452.52040000004,5936426.38910000026,9.83744106200,53.57376554600
"02","2","09","221","2018","08","18","3","3","5","3","0","0","1","0","0","0","0","0",556525.17720000003,5936258.41970000044,9.85360790600,53.57214142800
"02","2","09","221","2018","08","08","3","3","1","6","0","0","1","0","0","0","0","0",555813.87659999996,5936343.86369999964,9.84288284600,53.57298552000
"02","2","09","221","2018","06","10","6","3","5","7","0","0","1","0","0","0","0","0",556683.17700000003,5936249.21499999985,9.85599195700,53.57204165300
"02","2","09","221","2018","11","12","2","3","5","2","0","1","1","0","0","0","0","0",555815.43319999997,5936343.55759999994,9.84290629600,53.57298260300
"02","2","09","221","2018","09","12","5","2","3","2","0","1","0","0","0","1","0","0",556586.21849999996,5936248.57660000026,9.85452781700,53.57204638200
"02","2","09","221","2018","12","11","7","3","3","2","0","1","1","0","0","0","0","0",556553.11320000002,5936253.85250000004,9.85402889900,53.57209736900
"02","2","09","221","2018","12","16","5","3","5","3","2","0","1","0","0","0","1","0",556257.17709999997,5936313.33770000003,9.84957112000,53.57266381400
"02","2","09","221","2018","09","19","4","3","2","6","2","0","1","0","0","0","0","0",556420.29689999996,5936279.92569999956,9.85202814700,53.57234600400
"02","2","09","221","2018","09","22","2","3","8","7","2","0","1","0","0","0","0","0",555596.08440000005,5936391.58420000039,9.83960270500,53.57343753800
"02","2","09","221","2018","10","16","4","3","2","6","0","0","1","0","0","0","1","0",556341.68420000002,5936295.54509999976,9.85084394400,53.57249483300
"02","2","09","221","2018","01","17","5","3","5","3","2","0","1","0","0","0","1","1",556080.76619999995,5936697.16669999994,9.84697630200,53.57613239500
"02","2","09","221","2018","01","18","3","3","2","7","2","0","1","0","0","0","0","1",556821.50289999996,5937405.35099999979,9.85829104500,53.58241751400
"02","2","09","221","2018","01","14","6","3","5","2","0","0","1","0","0","0","1","1",556422.12219999998,5937048.99820000026,9.85219469900,53.57925789500
"02","2","09","221","2018","01","16","2","3","4","2","1","1","1","0","0","0","0","1",557075.24899999995,5936891.94720000029,9.86202953200,53.57777572700
"02","2","09","221","2018","02","19","2","3","5","3","2","1","1","0","0","0","0","1",556073.01650000003,5936405.96100000013,9.84680697500,53.57351599000
"02","2","09","221","2018","02","13","4","3","6","4","0","0","1","1","0","0","0","0",556062.46950000001,5935296.79420000035,9.84644862500,53.56354838500
"02","2","09","221","2018","01","13","7","3","5","3","0","0","0","0","0","0","1","0",556387.91799999995,5937914.27020000014,9.85183449500,53.58703825000
"02","2","12","225","2018","02","06","5","3","5","3","2","1","1","0","0","0","0","0",554762.64930000005,5935505.60329999961,9.82686240900,53.56556233400
"02","2","10","222","2018","01","17","6","3","5","3","2","0","1","0","0","0","0","0",555643.09299999999,5934721.28839999996,9.84001501800,53.55842059600
"02","2","07","219","2018","01","17","5","3","5","3","2","1","1","0","0","0","0","0",557302.71909999999,5934690.27280000038,9.86506075700,53.55796328100
"02","2","09","221","2018","02","16","7","3","3","2","0","0","1","0","0","0","1","0",556859.55270000000,5936513.31570000015,9.85870323000,53.57439618500
"02","2","09","221","2018","02","10","4","3","5","3","0","1","1","0","0","0","0","0",556402.30980000005,5937622.26539999992,9.85199909500,53.58441229500
"02","2","09","221","2018","02","07","4","3","6","4","0","0","1","1","0","0","0","0",556774.63619999995,5937389.59229999967,9.85758034200,53.58228095800
"02","2","09","221","2018","03","08","3","3","3","6","0","0","1","0","0","0","0","0",556752.62769999995,5937353.52340000030,9.85724138600,53.58195917000
"02","2","09","221","2018","02","09","4","3","5","3","0","0","1","0","0","0","0","0",556868.51439999999,5936801.66449999996,9.85889107800,53.57698676200
"02","2","09","221","2018","02","20","3","3","8","1","2","0","1","0","0","0","0","1",557259.44469999999,5936418.61309999973,9.86472435100,53.57350154500
"02","2","08","220","2018","03","19","1","3","2","6","2","0","1","0","0","0","0","0",556423.83539999998,5938494.66930000018,9.85248200400,53.59225074700
"02","2","09","221","2018","03","13","2","3","3","6","0","0","1","0","0","0","1","0",556437.31279999996,5937616.49980000034,9.85252673500,53.58435671100
"02","2","09","221","2018","03","09","5","3","0","7","0","0","0","0","0","0","1","0",556663.76069999998,5937465.53490000032,9.85591956400,53.58297548700
"02","2","09","221","2018","04","18","2","3","2","6","0","0","1","0","0","0","0","1",555422.22999999998,5936398.64589999989,9.83697874700,53.57351940200
"02","2","09","221","2018","04","16","2","3","5","3","0","0","1","0","1","0","0","0",556058.11170000001,5935304.77990000043,9.84638427100,53.56362062300
"02","2","12","225","2018","04","15","7","3","3","7","0","0","1","0","0","0","0","1",554944.83669999999,5937170.18829999957,9.82990585100,53.58050394300
"02","2","09","221","2018","05","21","4","3","0","7","2","0","1","0","0","0","0","0",556449.23479999998,5935934.03629999980,9.85240257600,53.56923418600
"02","2","08","220","2018","05","17","5","3","5","3","0","1","1","0","0","0","0","0",557001.70990000002,5938387.48190000001,9.86119217900,53.59122488400
"02","2","09","221","2018","05","08","6","3","6","7","0","1","0","1","0","0","0","0",557110.90980000002,5936684.21700000018,9.86253006100,53.57590486200
"02","2","09","221","2018","05","13","6","2","5","3","0","1","1","0","0","0","0","0",556067.69880000001,5934902.83619999979,9.84645687800,53.56000709100
"02","2","09","221","2018","04","09","6","3","5","3","0","1","0","0","0","0","0","0",556259.28570000001,5936951.25939999986,9.84971791200,53.57839695300
"02","2","10","222","2018","05","14","2","3","9","1","0","0","0","0","0","0","1","0",554776.32770000002,5934741.68570000026,9.82693499400,53.55869508900
"02","2","09","221","2018","05","00","1","3","8","1","2","0","1","0","0","0","0","0",556887.87080000003,5937448.59539999999,9.85930129400,53.58279898000
"02","2","09","221","2018","05","17","7","3","6","7","0","0","1","1","0","0","0","0",557027.21900000004,5936023.48000000045,9.86114558800,53.56997556400
"02","2","09","221","2018","05","12","5","2","0","3","0","0","1","0","0","0","1","0",556390.62399999995,5938094.84470000025,9.85190800800,53.58866088100
"02","2","09","221","2018","05","06","5","3","5","3","0","0","1","0","0","0","1","0",556072.94460000005,5936636.16940000001,9.84684723300,53.57558501300
"02","2","09","221","2018","06","14","5","3","6","4","0","0","1","1","0","0","0","0",556534.48349999997,5937588.97219999973,9.85398940200,53.58409883800
"02","2","09","221","2018","06","07","4","3","5","3","0","1","1","0","0","0","0","0",556188.65090000001,5936911.51370000001,9.84864404700,53.57804730800
"02","2","12","225","2018","06","08","3","3","1","5","0","1","1","0","0","0","0","0",554820.17660000001,5937157.32050000038,9.82802089800,53.58040133800
"02","2","10","222","2018","06","21","6","3","5","3","0","1","1","0","0","0","0","0",555741.75329999998,5934869.21509999968,9.84153065000,53.55973963500
"02","2","09","221","2018","07","11","2","3","5","3","0","1","1","0","0","0","0","0",557157.63240000000,5936939.68560000043,9.86328238600,53.57819580600
"02","2","09","221","2018","07","12","5","3","5","3","0","0","1","0","0","0","0","0",555985.51699999999,5935298.20559999999,9.84528716400,53.56356928500
"02","2","12","225","2018","07","14","3","3","4","6","0","1","0","0","0","0","0","0",555293.75760000001,5936240.64039999992,9.83501082200,53.57211286800
"02","2","09","221","2018","07","08","5","3","5","3","0","1","0","0","0","0","0","0",557178.96070000005,5937640.57880000025,9.86373288900,53.58449277800
"02","2","09","221","2018","08","14","7","3","5","3","0","1","1","0","0","0","0","0",557157.27020000003,5936939.51809999999,9.86327688600,53.57819434000
"02","2","08","220","2018","07","10","1","3","5","2","0","0","1","0","1","0","0","0",556458.79729999998,5938603.90560000017,9.85302993800,53.59322874800
"02","2","09","221","2018","09","17","2","3","5","3","0","0","1","0","0","0","0","0",556848.93850000005,5936127.82349999994,9.85847277100,53.57093270400
"02","2","10","222","2018","09","13","4","3","1","5","0","1","1","0","0","0","0","1",555130.82429999998,5934919.01889999956,9.83231734500,53.56025178000
"02","2","09","221","2018","09","06","7","3","1","5","1","0","1","0","0","0","0","0",556296.75439999998,5936976.76510000043,9.85028835600,53.57862216700
"02","2","09","221","2018","08","18","1","3","6","6","0","1","0","1","0","0","0","0",556873.77639999997,5936749.04370000027,9.85896095500,53.57651326000
"02","2","09","221","2018","08","22","7","1","8","1","2","0","1","0","0","0","0","1",555180.98100000003,5937017.56539999973,9.83344526000,53.57910743700
"02","2","09","221","2018","09","18","6","3","3","2","0","1","0","0","0","0","1","1",556523.15870000003,5937571.07870000042,9.85381511400,53.58393924000
"02","2","09","221","2018","09","21","7","3","5","3","0","0","1","0","0","0","0","0",556051.21629999997,5935304.40490000043,9.84628010700,53.56361798900
"02","2","09","221","2018","09","15","3","3","3","2","0","0","1","0","0","0","1","0",556438.00230000005,5937603.99859999958,9.85253488800,53.58424428100
"02","2","09","221","2018","09","08","6","3","0","3","0","1","1","0","0","0","0","1",556384.88130000001,5935318.64780000038,9.85131985400,53.56371025400
"02","2","07","219","2018","09","14","5","3","5","3","0","1","1","0","0","0","0","0",557302.60060000001,5934690.26659999974,9.86505896700,53.55796323800
"02","2","09","221","2018","09","09","5","3","5","3","0","0","1","0","0","0","0","0",555642.92079999996,5935417.71650000010,9.84013643600,53.56467983900
"02","2","09","221","2018","09","13","2","3","2","6","0","0","1","0","0","0","1","0",556580.80819999997,5936777.58789999969,9.85454199000,53.57680148600
"02","2","08","220","2018","09","19","6","3","5","3","2","1","1","0","0","0","0","0",556467.19339999999,5938608.48419999983,9.85315760700,53.59326899400
"02","2","09","221","2018","10","07","5","3","6","7","2","0","1","1","0","0","0","0",556586.60849999997,5936285.69570000004,9.85454043200,53.57237995000
"02","2","09","221","2018","10","15","5","3","5","3","0","1","1","0","0","0","0","0",556402.24040000001,5937622.19259999972,9.85199803400,53.58441164900
"02","2","08","220","2018","10","13","4","3","2","6","0","0","1","0","0","0","0","0",556446.23589999997,5938489.26489999983,9.85281942400,53.59219976300
"02","2","09","221","2018","10","10","4","3","1","5","0","0","1","0","0","0","0","0",557000.74910000002,5937761.79930000007,9.86106334300,53.58560165200
"02","2","09","221","2018","10","19","2","3","1","5","2","0","1","0","0","0","1","0",555629.98230000003,5936153.02579999994,9.84007206600,53.57128987800
"02","2","09","221","2018","11","08","3","3","6","4","0","0","1","1","0","0","0","1",557259.26879999996,5936407.66600000020,9.86471968800,53.57340317700
"02","2","12","225","2018","11","10","3","3","5","3","0","0","0","0","0","0","1","0",554752.70889999997,5935511.34599999990,9.82671334300,53.56561498500
"02","2","09","221","2018","11","08","3","3","3","2","0","1","0","0","1","0","0","1",555642.74549999996,5935414.80879999977,9.84013327200,53.56465372400
"02","2","09","221","2018","11","12","2","3","8","1","0","0","1","0","0","0","0","1",555864.30700000003,5935714.92069999967,9.84353183500,53.56732747000
"02","2","09","221","2018","11","10","3","3","4","6","0","0","0","0","1","0","1","0",555795.79000000004,5936532.12000000011,9.84264338200,53.57467941300
"02","2","09","221","2018","11","07","7","3","5","3","0","1","1","0","0","0","0","1",556062.76690000005,5936450.87959999964,9.84666027000,53.57392079500
"02","2","12","225","2018","11","14","5","3","6","7","0","0","1","1","0","0","0","0",554933.12190000003,5935900.54999999981,9.82950554100,53.56909415000
"02","2","08","220","2018","11","16","2","2","0","4","1","0","1","1","0","0","0","0",556434.50589999999,5938510.96839999966,9.85264615000,53.59239608700
"02","2","09","221","2018","12","13","7","2","8","1","0","0","1","0","0","0","0","0",556102.53879999998,5936752.78540000040,9.84731508500,53.57662994300
"02","2","09","221","2018","12","16","2","3","1","5","2","1","1","0","0","0","0","1",555765.29280000005,5936681.65240000002,9.84220956800,53.57602659200
"02","2","09","221","2018","12","14","2","3","5","3","0","1","1","0","0","0","0","1",556362.73410000000,5937914.56539999973,9.85145414900,53.58704361100
"02","2","13","226","2018","05","17","2","3","4","2","0","0","1","0","0","0","0","0",553121.58389999997,5937037.94060000032,9.80234731900,53.57950318700
"02","2","12","225","2018","06","14","6","3","5","2","0","0","1","0","0","0","0","0",553862.14139999996,5936849.92160000000,9.81349901100,53.57773781000
"02","2","13","226","2018","08","07","6","3","3","6","0","0","1","0","0","0","0","0",552981.83089999994,5937071.62930000015,9.80024243800,53.57982010600
"02","2","13","226","2018","11","07","4","3","0","6","1","0","1","0","1","0","0","1",552878.05440000002,5937096.95019999985,9.79867944500,53.58005815500
"02","2","12","225","2018","02","15","7","3","2","6","0","0","1","0","0","0","0","0",554060.43119999999,5936654.59609999973,9.81645969300,53.57596189400
"02","2","13","226","2018","04","16","3","3","6","4","0","0","1","1","0","0","0","0",553127.47560000001,5936696.74940000009,9.80237822900,53.57643607600
"02","2","12","225","2018","07","22","2","2","0","1","1","1","0","0","0","0","0","0",554092.27450000006,5937459.55439999979,9.81708006100,53.58319328400
"02","2","13","226","2018","11","13","6","3","8","1","0","0","1","0","0","0","0","0",554054.36690000002,5936531.10500000045,9.81634673500,53.57485262500
"02","2","01","205","2018","02","14","4","3","5","3","0","1","1","0","0","0","0","0",563166.80729999999,5933997.75789999962,9.95343419000,53.55106648400
"02","2","01","205","2018","03","18","5","3","6","4","2","0","1","1","0","0","0","0",563023.04299999995,5934445.90899999999,9.95135489700,53.55511145200
"02","2","01","205","2018","04","17","3","3","5","3","0","0","1","0","0","0","0","0",563186.24690000003,5934284.85510000028,9.95378558900,53.55364438700
"02","2","01","205","2018","04","17","6","3","5","3","0","1","1","0","0","0","0","0",563198.37829999998,5934293.69340000022,9.95397046900,53.55372236000
"02","2","01","205","2018","05","14","3","3","0","5","0","1","1","0","0","0","0","0",563234.37569999998,5934676.43319999985,9.95459118800,53.55715783700
"02","2","01","205","2018","06","09","3","3","6","4","0","0","1","1","0","0","0","0",563231.96389999997,5934042.37550000008,9.95442653200,53.55145963500
"02","2","01","205","2018","06","12","4","3","2","6","0","0","1","0","0","0","0","0",563209.73060000001,5934261.14829999954,9.95413522400,53.55342849900
"02","2","01","205","2018","06","18","4","3","6","4","0","1","0","1","0","0","0","0",563320.82830000005,5934040.33249999955,9.95576723700,53.55143056400
"02","2","01","203","2018","07","15","4","3","5","3","0","1","1","0","0","0","0","1",562750.69409999996,5934001.45150000043,9.94715510100,53.55114957800
"02","2","01","205","2018","07","04","1","3","5","3","2","1","1","0","0","0","0","0",563312.65960000001,5934108.23919999972,9.95565770800,53.55204185000
"02","2","01","205","2018","07","05","1","3","5","3","0","1","0","0","0","0","1","0",563320.73849999998,5934048.24039999954,9.95576748300,53.55150164600
"02","2","01","205","2018","07","19","6","3","1","6","0","0","1","0","1","0","0","0",563172.30079999997,5934296.96549999993,9.95357755400,53.55375490600
"02","2","01","201","2018","08","18","4","3","6","3","0","1","0","1","0","0","0","0",562839.76000000001,5933979.87000000011,9.94849491700,53.55094496500
"02","2","01","205","2018","10","20","2","3","2","6","2","0","1","0","0","0","0","1",563180.93000000005,5934289.44000000041,9.95370627000,53.55368623300
"02","2","01","205","2018","11","00","1","3","5","3","2","0","1","0","0","0","1","0",563178.21279999998,5934291.79000000004,9.95366573500,53.55370768000
"02","2","01","205","2018","11","15","5","3","3","6","0","0","1","0","0","1","0","0",563320.03469999996,5933974.99969999958,9.95574202900,53.55084349100
"02","2","01","205","2018","11","18","6","3","5","3","2","0","1","0","0","0","0","0",563309.66310000001,5934117.76800000016,9.95561441500,53.55212785000
"02","2","01","203","2018","11","11","7","3","3","2","0","0","1","0","1","0","0","1",562751.76870000002,5933980.80260000005,9.94716717500,53.55096387000
"02","2","01","205","2018","12","06","1","3","0","1","2","0","0","0","1","0","0","1",563316.12020000000,5934095.89499999955,9.95570743500,53.55193049100
"02","2","01","201","2018","01","07","3","3","2","6","1","0","1","0","0","0","0","1",563157.42610000004,5933486.03110000025,9.95318926000,53.54646854300
"02","2","01","201","2018","01","14","1","3","5","3","0","0","1","0","0","0","0","0",563265.91740000003,5933725.96150000021,9.95487492900,53.54861182200
"02","2","01","201","2018","01","09","5","3","3","7","0","0","1","0","0","0","0","0",563169.15949999995,5933841.80090000015,9.95343818100,53.54966456100
"02","2","01","202","2018","01","13","2","3","1","6","0","0","1","0","0","0","1","1",562815.74029999995,5933753.81649999972,9.94808700900,53.54891621400
"02","2","01","201","2018","01","08","1","3","5","2","0","1","1","0","0","0","0","1",563203.75089999998,5933397.09759999998,9.95387032800,53.54566369300
"02","2","01","201","2018","01","12","4","3","1","6","0","1","1","0","0","0","0","1",563131.50230000005,5933360.75930000003,9.95277278400,53.54534579800
"02","2","01","201","2018","02","18","3","3","4","2","1","0","1","0","0","0","0","1",563143.17610000004,5933474.55480000004,9.95297191000,53.54636711500
"02","2","01","201","2018","03","15","7","3","5","2","0","0","1","0","0","0","0","0",563264.75610000000,5933723.17499999981,9.95485684000,53.54858691900
"02","2","01","202","2018","03","19","5","3","0","7","2","0","1","0","1","0","0","0",562951.96880000003,5933585.16600000020,9.95010886500,53.54738417600
"02","2","01","202","2018","03","14","5","3","2","6","0","0","1","0","0","0","0","0",562989.95389999996,5933469.89169999957,9.95065885500,53.54634360800
"02","2","01","201","2018","04","06","6","3","5","3","0","1","1","0","0","0","0","0",563204.31019999995,5933554.51099999994,9.95391057900,53.54707835600
"02","2","01","201","2018","05","08","3","3","5","2","0","0","1","0","0","0","0","0",563153.27650000004,5933477.21980000008,9.95312486300,53.54638985200
"02","2","01","201","2018","04","00","1","3","5","3","2","0","1","0","0","0","0","0",563264.16170000006,5933724.99820000026,9.95484823900,53.54860337600
"02","2","01","201","2018","05","20","6","3","4","6","1","1","0","0","0","0","0","0",563271.48300000001,5933720.81199999992,9.95495787600,53.54856487100
"02","2","01","201","2018","06","11","7","3","5","6","0","0","1","0","0","0","0","0",563192.14110000001,5933566.28060000017,9.95372932300,53.54718559800
"02","2","01","201","2018","07","16","7","3","2","6","0","0","1","0","0","0","0","1",562912.12549999997,5933777.79399999976,9.94954637000,53.54912016900
"02","2","01","201","2018","07","13","6","3","0","7","0","1","0","0","0","0","0","0",563255.15819999995,5933701.90570000000,9.95470769900,53.54839692100
"02","2","01","203","2018","08","10","3","3","2","6","0","0","1","0","1","0","0","0",562867.68909999996,5933766.31319999974,9.94887347400,53.54902230900
"02","2","01","201","2018","08","08","5","3","5","3","0","1","0","0","0","0","0","0",563198.69420000003,5933556.12170000002,9.95382615800,53.54709350700
"02","2","01","201","2018","09","19","7","3","5","3","0","1","1","0","0","0","0","0",563196.71039999998,5933556.69070000015,9.95379633700,53.54709886000
"02","2","01","201","2018","08","17","7","3","2","6","0","0","1","0","0","0","0","1",563254.47750000004,5933700.39730000030,9.95469712100,53.54838344600
"02","2","01","201","2018","10","02","7","2","9","1","2","0","1","0","0","0","0","0",563226.41669999994,5933393.97300000023,9.95421171600,53.54563288200
"02","2","01","201","2018","10","11","2","3","0","2","0","1","1","0","0","0","0","0",562961.57129999995,5933302.60300000012,9.95019688700,53.54484352800
"02","2","01","201","2018","10","18","3","3","3","2","0","1","1","0","0","0","0","0",563097.68310000002,5933832.40799999982,9.95235762700,53.54958873800
"02","2","01","201","2018","11","13","3","3","2","6","0","0","1","0","0","0","0","1",563191.66170000006,5933565.32440000027,9.95372189600,53.54717706200
"02","2","01","201","2018","11","14","6","3","5","3","0","0","0","0","1","0","1","0",563156.08100000001,5933369.60900000017,9.95314545300,53.54542237800
"02","2","01","201","2018","11","07","2","3","5","3","2","1","0","0","0","0","1","0",563266.10569999996,5933726.46100000013,9.95487787100,53.54861628900
"02","2","01","201","2018","12","17","5","2","5","3","2","0","1","1","0","0","0","1",563266.18570000003,5933726.67310000025,9.95487912200,53.54861818500
"02","2","01","201","2018","12","11","3","3","6","4","0","1","0","1","0","0","0","0",563260.42900000000,5933713.58600000013,9.95478960100,53.54850126100
"02","2","01","201","2018","12","23","2","3","5","3","2","0","1","0","0","0","0","1",563266.35419999994,5933727.11990000028,9.95488175500,53.54862218100