ULAND,UREGBEZ,UKREIS,UGEMEINDE,UJAHR,UMONAT,USTUNDE,UWOCHENTAG,UKATEGORIE,UART,UTYP1,ULICHTVERH,IstRad,IstPKW,IstFuss,IstKrad,IstGkfz,IstSonstig,STRZUSTAND,LINREFX,LINREFY,XGCSWGS84,YGCSWGS84
"02","2","01","201","2018","12","14","6","3","2","7","0","0","1","0","0","0","0","1",563191.64729999995,5933416.51520000026,9.95369161100,53.54583966200
"02","2","07","219","2018","10","17","4","3","3","6","0","0","1","0","0","0","1","0",559439.18770000001,5934301.87559999991,9.89723546600,53.55423498300
"02","2","07","219","2018","06","12","2","3","2","6","0","0","1","0","0","0","0","0",560148.26049999997,5933407.16799999960,9.90776535600,53.54611306500
"02","2","07","219","2018","11","11","4","3","9","1","0","0","0","0","0","1","0","0",559680.47919999994,5933679.29710000008,9.90075843300,53.54861219500
"02","2","07","219","2018","08","10","7","3","1","6","0","0","1","0","0","0","0","0",559469.85199999996,5934261.23699999973,9.89769055100,53.55386627200
"02","2","07","219","2018","07","06","3","3","5","3","0","0","1","0","0","0","0","1",559425.60430000001,5934478.69570000004,9.89706406700,53.55582568900
"02","2","07","219","2018","01","18","4","3","6","4","2","0","1","1","0","0","0","1",560203.70999999996,5934899.04849999957,9.90888938300,53.55951492800
"02","2","07","219","2018","02","15","6","3","6","6","0","1","0","1","0","0","0","1",559877.86069999996,5934506.53969999962,9.90389554500,53.55602454400
"02","2","07","219","2018","03","20","4","3","6","2","2","0","1","1","0","0","0","1",559791.89280000003,5934542.63150000013,9.90260488400,53.55635871700
"02","2","07","219","2018","03","17","2","3","5","3","0","1","1","0","0","0","0","0",559256.47039999999,5934135.40820000041,9.89444616200,53.55275951500
"02","2","07","219","2018","03","15","7","3","5","2","0","0","1","0","0","0","0","0",559000.84550000005,5934096.58409999963,9.89058082100,53.55243937300
"02","2","07","219","2018","04","07","4","3","5","3","0","0","1","0","1","0","0","0",559160.07530000003,5934101.72800000012,9.89298494800,53.55246768500
"02","2","04","214","2018","04","17","1","3","6","6","0","1","0","1","0","0","0","0",560655.59039999999,5933406.93900000025,9.91542093100,53.54605265200
"02","2","07","219","2018","05","09","2","3","1","5","0","0","1","0","0","0","0","0",560187.43359999999,5933765.00939999986,9.90842534900,53.54932466500
"02","2","07","219","2018","05","08","3","3","1","6","0","0","1","0","1","0","0","0",559665.75199999998,5934616.04100000020,9.90071496300,53.55703283600
"02","2","07","219","2018","05","19","3","1","4","6","0","0","1","0","1","0","1","0",560578.72779999999,5933411.57000000030,9.91426197100,53.54610314600
"02","2","07","219","2018","04","10","2","3","2","6","0","0","1","0","0","0","1","0",559801.28240000003,5934550.61160000041,9.90274813500,53.55642936800
"02","2","07","219","2018","05","07","2","3","5","2","0","1","1","0","0","0","0","0",559000.66359999997,5934095.72180000041,9.89057791300,53.55243164400
"02","2","07","219","2018","04","14","6","3","2","6","0","0","1","0","0","0","0","0",558900.01199999999,5934648.15610000025,9.88916293400,53.55740795200
"02","2","07","219","2018","05","13","7","3","5","3","0","0","1","0","0","0","0","0",559152.13650000002,5934616.51200000010,9.89296254500,53.55709519900
"02","2","07","219","2018","05","08","3","3","4","2","0","1","0","0","0","0","1","0",557304.14029999997,5934569.62090000045,9.86506008800,53.55687876000
"02","2","07","219","2018","05","08","6","3","4","2","0","1","1","0","0","0","0","0",559000.71070000005,5934095.94539999962,9.89057866600,53.55243364800
"02","2","07","219","2018","05","09","6","3","5","3","0","1","0","0","0","0","0","0",559952.84310000006,5934427.52680000011,9.90501214300,53.55530586000
"02","2","07","219","2018","06","13","2","3","4","6","0","1","1","0","0","0","0","0",557564.65379999997,5934589.47659999970,9.86899594600,53.55702871000
"02","2","07","219","2018","07","11","5","3","1","5","0","0","1","0","0","0","0","0",560488.76569999999,5933412.95610000007,9.91290470900,53.54612597300
"02","2","07","219","2018","07","20","4","3","5","2","0","1","1","0","0","0","0","0",559181.13780000003,5934654.38920000009,9.89340746300,53.55743235100
"02","2","07","219","2018","07","11","4","2","5","3","0","1","1","0","0","0","0","0",559014.61300000001,5934401.65880000032,9.89084619700,53.55517968500
"02","2","07","219","2018","08","04","5","2","6","2","2","0","1","1","0","0","0","0",560772.53729999997,5933402.20230000000,9.91718473800,53.54599656000
"02","2","07","219","2018","08","09","6","3","0","2","0","1","1","0","0","0","0","0",560196.26619999995,5934342.83920000028,9.90866989700,53.55451687600
"02","2","07","219","2018","08","21","5","2","6","4","2","0","1","1","0","0","0","0",559507.75740000000,5934405.85030000005,9.89829018100,53.55516168600
"02","2","07","219","2018","08","18","2","3","0","6","0","0","1","0","0","0","1","0",559567.65570000000,5934501.74519999977,9.89921251800,53.55601674600
"02","2","07","219","2018","09","18","6","3","1","6","0","1","0","0","0","0","1","0",559686.75500000000,5934546.18900000025,9.90101864300,53.55640265500
"02","2","07","219","2018","09","14","2","3","1","6","0","0","1","0","0","0","1","0",560234.10419999994,5934333.24320000038,9.90923913800,53.55442629300
"02","2","07","219","2018","09","15","3","3","1","5","0","1","1","0","0","0","0","0",559831.81359999999,5934157.28959999979,9.90313368200,53.55289091900
"02","2","07","219","2018","10","14","4","3","2","6","0","0","1","0","0","1","0","0",559945.93160000001,5934461.33100000024,9.90491430900,53.55561046300
"02","2","07","219","2018","11","12","5","3","0","7","0","0","1","0","0","0","1","0",559762.68830000004,5933340.89240000024,9.90193438000,53.54556143700
"02","2","07","219","2018","12","23","6","3","5","2","2","0","1","0","0","0","0","1",560130.12500000000,5933372.12700000033,9.90748495300,53.54580021200
"02","2","07","219","2018","12","13","4","3","6","4","0","0","0","1","0","0","1","0",559722.71409999998,5933805.26150000002,9.90141985700,53.54973949500
"02","2","07","219","2018","12","20","4","3","0","7","2","1","0","0","0","0","1","0",560005.08710000000,5934417.79619999975,9.90579881100,53.55521243700
"02","2","07","219","2018","12","08","4","3","1","6","0","0","1","0","0","0","0","1",559987.85800000001,5934427.32629999984,9.90554059600,53.55530005700
"02","2","04","214","2018","12","08","1","3","5","3","0","0","1","0","0","0","0","1",560780.45959999994,5933396.50970000029,9.91730317900,53.54594448100
"02","2","07","219","2018","12","18","4","3","0","7","2","1","0","0","0","0","1","0",559858.89839999995,5934517.66980000027,9.90361146700,53.55612673800
"02","2","01","203","2018","01","03","7","3","5","3","2","0","1","0","0","0","0","1",562034.00009999995,5933899.25009999983,9.93631868600,53.55031622300
"02","2","01","203","2018","01","18","5","3","5","2","2","1","1","1","0","0","0","0",562009.03960000002,5933894.84190000035,9.93594112200,53.55027955300
"02","2","01","203","2018","01","10","4","3","6","2","0","0","1","1","0","0","0","0",562139.38850000000,5933887.05200000014,9.93790672200,53.55019413200
"02","2","01","202","2018","02","13","4","3","3","6","0","0","1","0","0","0","0","0",562561.66050000000,5933690.76690000016,9.94424010600,53.54837989800
"02","2","01","203","2018","02","00","1","3","4","2","2","0","1","0","0","0","0","1",562034.04870000004,5933894.92789999954,9.93631856200,53.55027737200
"02","2","01","203","2018","02","15","4","3","2","6","0","0","1","0","0","0","1","0",562026.98910000001,5934005.21750000026,9.93623390100,53.55126942200
"02","2","01","203","2018","03","18","5","3","2","6","2","0","1","0","0","0","0","1",562421.03980000003,5933893.06340000033,9.94215842300,53.55021474900
"02","2","01","202","2018","03","05","3","3","2","6","0","1","0","0","0","0","1","2",562378.12280000001,5933642.41629999969,9.94146074700,53.54796718900
"02","2","01","203","2018","03","07","6","3","2","6","0","0","1","0","0","0","0","0",562057.05709999998,5933616.79619999975,9.93661059500,53.54777497400
"02","2","01","203","2018","03","18","2","3","3","6","2","1","1","0","0","0","0","1",562045.25139999995,5934018.74380000029,9.93651219600,53.55138883100
"02","2","01","203","2018","04","11","6","3","1","7","0","1","1","0","0","0","0","0",562466.17440000002,5933988.23390000034,9.94285857800,53.55106471500
"02","2","01","203","2018","05","09","3","3","2","6","0","0","1","0","1","0","0","0",562066.76459999999,5933616.80620000046,9.93675708800,53.54777391600
"02","2","01","203","2018","04","20","7","3","1","5","0","0","1","0","0","0","0","0",562443.30020000006,5933847.87949999981,9.94248533900,53.54980601800
"02","2","01","203","2018","05","06","2","3","2","6","0","0","1","0","1","0","0","0",562526.67870000005,5933916.90479999967,9.94375742400,53.55041645100
"02","2","01","203","2018","05","08","4","3","5","3","0","1","1","0","0","0","0","0",562669.22809999995,5933810.19759999961,9.94588731100,53.54944043900
"02","2","03","210","2018","06","08","3","3","0","7","0","1","1","0","0","0","0","0",561931.69499999995,5934067.77070000023,9.93480813600,53.55184286200
"02","2","01","203","2018","07","19","7","3","1","5","0","0","1","0","0","0","0","0",562121.81259999995,5933887.91729999986,9.93764164900,53.55020398800
"02","2","01","203","2018","07","17","1","3","6","6","0","1","0","1","0","0","0","0",562056.48100000003,5934055.71700000018,9.93668900900,53.55171979600
"02","2","01","203","2018","06","09","3","3","5","3","0","1","1","0","0","0","0","0",562529.99679999996,5933905.79660000000,9.94380527800,53.55031622300
"02","2","01","203","2018","09","12","6","3","5","3","0","0","1","0","0","0","0","0",562153.44209999999,5933896.84700000007,9.93812075700,53.55028050000
"02","2","01","203","2018","08","15","6","3","6","6","0","1","0","1","0","0","0","0",562016.85380000004,5934035.76960000023,9.93608700200,53.55154520300
"02","2","01","203","2018","09","13","5","3","5","3","0","0","1","0","1","0","0","0",562148.30870000005,5933886.61290000007,9.93804125300,53.55018913000
"02","2","01","203","2018","08","15","4","3","0","6","0","1","0","0","0","0","1","0",562034.78449999995,5933738.13540000003,9.93629856000,53.54886812900
"02","2","03","210","2018","09","12","6","3","3","2","0","0","1","0","1","0","0","0",562071.14379999996,5934125.78349999990,9.93692421000,53.55234777800
"02","2","01","203","2018","10","18","3","3","6","2","2","0","1","1","0","0","0","1",562006.14859999996,5933895.05800000019,9.93589753600,53.55028183700
"02","2","01","203","2018","10","19","6","3","5","3","2","0","1","0","0","0","1","1",562153.04940000002,5933892.79739999957,9.93811402600,53.55024415100
"02","2","01","203","2018","11","18","6","3","2","6","2","0","1","0","0","0","0","0",562193.47919999994,5933883.77130000014,9.93872237200,53.55015824200
"02","2","01","203","2018","12","12","4","3","2","6","0","0","1","0","0","0","0","1",562027.06350000005,5934005.64389999956,9.93623510900,53.55127324600
"02","2","01","203","2018","12","15","7","3","5","3","0","1","0","0","0","0","1","0",562153.70779999997,5933899.58739999961,9.93812531200,53.55030509700
"02","2","01","203","2018","12","14","2","3","1","5","0","0","1","0","0","0","0","0",562027.26500000001,5934006.79899999965,9.93623837900,53.55128360300
"02","2","01","202","2018","02","12","5","3","0","7","0","0","1","0","1","0","0","0",561948.81000000006,5933455.19000000041,9.93494507800,53.54633533500
"02","2","01","202","2018","03","10","7","3","5","3","0","0","1","0","0","0","0","1",562620.06229999999,5933443.24909999967,9.94507186900,53.54614840100
"02","2","04","214","2018","05","09","3","3","0","4","0","1","0","1","0","0","0","0",561782.42760000005,5933685.68769999966,9.93247990000,53.54842651400
"02","2","04","214","2018","05","08","5","3","5","3","0","1","1","0","0","0","0","0",561470.43839999998,5933737.08289999980,9.92778184100,53.54892504100
"02","2","04","214","2018","05","14","6","3","3","6","0","0","1","0","1","0","0","0",561896.60140000004,5933610.96860000025,9.93418808000,53.54774153700
"02","2","04","214","2018","05","18","4","3","4","6","0","1","0","0","0","0","0","0",561880.50230000005,5933614.63219999988,9.93394586100,53.54777636100
"02","2","01","202","2018","06","08","6","2","0","2","0","0","1","0","1","0","0","0",562197.10640000005,5933441.19930000044,9.93868908800,53.54618024500
"02","2","01","202","2018","06","16","5","3","2","6","0","1","1","0","1","0","0","0",561911.28300000005,5933420.70700000040,9.93437196900,53.54602984800
"02","2","01","202","2018","06","17","5","3","3","6","0","1","0","0","0","0","1","0",562192.92359999998,5933466.18420000002,9.93863093800,53.54640529000
"02","2","04","214","2018","07","12","6","3","0","3","0","0","1","0","1","0","0","0",561683.31389999995,5933468.56570000015,9.93094137200,53.54648680200
"02","2","04","214","2018","07","08","5","3","5","7","0","0","1","0","1","0","0","0",561758.66660000000,5933483.80030000024,9.93208145900,53.54661486500
"02","2","04","214","2018","07","19","5","3","4","2","0","0","1","0","1","0","0","0",561754.54160000000,5933483.73139999993,9.93201919900,53.54661473100
"02","2","04","214","2018","09","17","4","3","3","6","0","1","1","0","0","0","0","0",561811.64989999996,5933476.69359999988,9.93287957900,53.54654476000
"02","2","01","202","2018","10","11","7","3","6","3","0","0","1","1","0","0","0","0",562018.41760000004,5933282.26730000041,9.93596116800,53.54477299300
"02","2","01","202","2018","10","06","4","3","5","7","2","1","1","0","0","0","0","0",562443.55130000005,5933464.59009999968,9.94241259400,53.54636122000
"02","2","01","202","2018","11","14","7","3","1","7","0","1","1","0","0","0","0","0",562234.61659999995,5933260.62280000001,9.93921918400,53.54455288900
"02","2","01","202","2018","11","06","4","3","4","3","2","0","1","0","0","0","0","0",562039.54370000004,5933466.79999999981,9.93631655300,53.54642896700
"02","2","04","214","2018","12","00","7","3","6","6","2","0","1","1","0","0","0","1",561758.32680000004,5933346.44759999961,9.93204920900,53.54538046000
"02","2","01","202","2018","12","17","6","3","2","6","2","0","1","0","0","0","0","0",562112.10999999999,5933441.55300000031,9.93740656700,53.54619348400
"02","2","04","213","2018","02","17","5","3","1","5","0","1","1","0","0","0","0","0",561509.84010000003,5933906.26970000006,9.92840973200,53.55044097900
"02","2","04","214","2018","02","08","5","3","6","2","0","0","0","1","0","0","1","0",561336.76370000001,5933467.92210000008,9.92571176800,53.54652161100
"02","2","04","214","2018","02","18","5","3","5","3","2","0","1","0","0","0","0","0",561302.00130000000,5933862.84360000025,9.92526461600,53.55007499800
"02","2","04","213","2018","03","14","3","2","6","4","0","0","1","1","0","0","0","0",561808.63190000004,5933898.99239999987,9.93291750500,53.55034048600
"02","2","04","213","2018","03","12","6","3","0","7","0","0","1","0","0","0","1","0",561265.21360000002,5933951.07029999979,9.92472672600,53.55087222300
"02","2","04","214","2018","03","18","6","2","2","2","2","0","1","0","0","0","0","0",561341.10450000002,5933460.81579999998,9.92577587800,53.54645723700
"02","2","04","213","2018","04","08","3","3","5","3","0","1","1","0","0","0","0","1",561440.25829999999,5933898.52109999955,9.92735811500,53.55037948600
"02","2","04","214","2018","04","12","1","3","0","7","0","1","0","0","0","0","0","0",561319.02150000003,5933268.75879999995,9.92540499000,53.54473371700
"02","2","04","214","2018","05","09","5","3","2","6","0","1","1","0","0","0","0","0",561405.96219999995,5933241.21239999961,9.92671147200,53.54447598700
"02","2","04","214","2018","05","19","5","3","2","6","0","0","1","0","0","0","0","0",561079.41330000001,5933424.26470000017,9.92181979100,53.54615924000
"02","2","04","214","2018","05","23","3","2","5","3","2","0","1","0","1","0","0","0",561336.32669999998,5933472.29100000020,9.92570603100,53.54656092700
"02","2","04","214","2018","06","10","5","3","6","3","0","1","0","1","0","0","0","0",561730.52280000004,5933844.46740000043,9.93172796100,53.54985963700
"02","2","04","213","2018","07","15","2","3","3","6","0","1","0","0","0","0","1","0",561406.63000000000,5933896.21999999974,9.92685016200,53.55036274000
"02","2","04","214","2018","07","12","2","3","5","2","0","0","1","0","0","0","0","0",560892.85860000004,5933394.55049999990,9.91899889200,53.54591385100
"02","2","04","214","2018","07","15","5","3","5","3","0","1","0","0","0","0","1","0",561131.96820000000,5933428.42389999982,9.92261365700,53.54619050500
"02","2","04","214","2018","07","10","7","3","3","6","0","0","1","0","1","0","0","0",561545.55599999998,5933921.50800000038,9.92895173800,53.55057374700
"02","2","04","214","2018","07","14","4","3","2","6","0","0","1","0","1","0","0","0",561335.23620000004,5933461.11000000034,9.92568738200,53.54646056600
"02","2","04","213","2018","07","18","2","3","5","3","0","1","1","0","0","0","0","0",561276.17429999996,5933955.03739999980,9.92489291800,53.55090659800
"02","2","04","214","2018","09","19","5","3","2","6","1","0","1","0","0","0","1","0",561282.08059999999,5933458.60610000044,9.92488476800,53.54644426900
"02","2","04","214","2018","09","13","2","3","5","3","0","0","1","0","0","0","0","0",561091.09519999998,5933442.75700000022,9.92199968300,53.54632408000
"02","2","04","214","2018","10","19","5","3","2","6","2","0","1","0","0","0","0","0",561342.46310000005,5933460.70289999992,9.92579635700,53.54645606300
"02","2","04","214","2018","10","19","7","3","6","4","1","0","1","1","0","0","0","0",561292.74239999999,5933262.01609999966,9.92500713000,53.54467618600
"02","2","04","214","2018","11","17","4","3","5","3","2","1","0","0","0","0","0","0",561314.38399999996,5933908.52510000020,9.92546044600,53.55048411100
"02","2","04","213","2018","11","13","5","3","5","3","0","1","1","0","0","0","0","1",561287.27859999996,5933968.64670000039,9.92506316900,53.55102761400
"02","2","04","214","2018","12","15","6","3","1","5","0","1","1","0","0","0","0","0",561624.25560000003,5933957.85969999991,9.93014660000,53.55089122300
"02","2","04","214","2018","12","17","6","2","6","2","2","0","1","1","0","0","0","1",561262.63650000002,5933456.60340000037,9.92459096300,53.54642853800
"02","2","08","220","2018","01","12","2","3","5","2","0","1","1","0","0","0","0","0",558707.21189999999,5939256.10410000011,9.88711939600,53.59884337400
"02","2","08","220","2018","01","17","6","3","5","3","2","1","1","0","0","0","0","1",556977.62620000006,5939121.77139999997,9.86096252500,53.59782693800
"02","2","08","220","2018","01","13","5","3","2","2","0","0","1","0","0","0","0","0",558792.87919999997,5939500.17580000032,9.88845976600,53.60102735100
"02","3","08","320","2018","01","16","6","3","7","7","0","1","0","0","0","0","0","1",559090.10930000001,5940504.73790000007,9.89314129000,53.61002234300
"02","2","08","220","2018","01","13","2","3","5","3","0","1","1","0","0","0","0","0",557913.97450000001,5938818.79480000027,9.87505317900,53.59500131900
"02","2","08","220","2018","01","17","4","3","2","6","2","0","1","0","0","0","0","1",558872.44689999998,5939550.06080000009,9.88967143000,53.60146675700
"02","2","08","220","2018","01","08","4","3","6","2","0","0","1","1","0","0","0","1",556775.58450000000,5939157.69029999990,9.85791648400,53.59817168500
"02","3","08","320","2018","02","21","7","3","5","3","2","0","1","0","0","0","0","0",558875.61300000001,5940606.43599999975,9.88991884800,53.61096049500
"02","2","08","220","2018","02","11","2","3","2","6","0","0","1","0","0","0","0","1",558460.27410000004,5938723.03139999975,9.88328848600,53.59408000800
"02","2","08","220","2018","02","11","5","3","3","6","0","0","1","0","0","1","0","0",557541.92489999998,5938728.26260000002,9.86941569100,53.59422863400
"02","2","08","220","2018","03","14","2","3","2","6","0","0","1","0","0","0","0","0",558596.55370000005,5939508.76740000024,9.88549496100,53.60112655500
"02","2","08","220","2018","02","16","4","3","6","4","0","0","0","1","0","0","1","0",557215.01370000001,5940152.65400000010,9.86473835600,53.60706612800
"02","2","08","220","2018","02","07","2","3","2","6","1","0","1","0","0","0","0","2",557719.14439999999,5940147.53199999966,9.87235579000,53.60696480300
"02","2","08","220","2018","02","18","4","3","2","6","2","0","1","0","0","0","0","0",558551.78099999996,5938624.30169999972,9.88465236600,53.59318246600
"02","2","08","220","2018","03","14","7","3","0","7","0","1","0","0","0","0","1","1",557128.49829999998,5939430.81740000006,9.86329863000,53.60058806700
"02","2","08","220","2018","03","08","5","3","2","6","0","0","1","0","0","0","1","2",558706.03639999998,5939503.31250000000,9.88714818800,53.60106527700
"02","2","08","220","2018","03","18","5","1","6","4","2","0","1","1","0","0","0","1",557096.12120000005,5939102.41009999998,9.86274928000,53.59764003400
"02","2","08","220","2018","03","12","5","3","1","6","0","0","1","0","0","0","1","0",558473.56169999996,5938756.21939999983,9.88349544800,53.59437680200
"02","2","08","220","2018","04","08","3","3","2","6","0","0","1","0","0","0","0","0",558459.21080000000,5938720.22159999982,9.88327189600,53.59405487400
"02","3","08","320","2018","04","16","6","3","5","3","0","1","0","0","0","0","1","0",559461.81570000004,5940018.79040000029,9.89866610700,53.60561288200
"02","2","08","220","2018","04","13","6","3","5","3","0","0","1","0","0","0","0","1",558319.93079999997,5938626.49689999968,9.88115023400,53.59322804000
"02","2","08","220","2018","04","13","3","3","2","6","0","0","1","0","0","0","0","0",559443.80519999994,5938605.23969999980,9.89812442100,53.59291075700
"02","2","08","220","2018","04","07","3","3","6","2","0","0","0","1","0","0","1","0",557848.85100000002,5939888.01860000007,9.87426772600,53.60461813100
"02","3","08","320","2018","04","11","2","3","6","4","0","0","1","1","0","0","0","0",559532.01240000001,5940605.11610000022,9.89983889100,53.61087445400
"02","2","08","220","2018","04","18","7","3","2","6","0","0","1","0","0","0","0","0",558891.21129999997,5939580.92569999956,9.88996078800,53.60174204500
"02","2","08","220","2018","05","16","5","3","5","3","0","1","0","0","0","0","1","0",557519.32290000003,5939327.34300000034,9.86918474900,53.59961534400
"02","2","08","220","2018","05","10","4","3","6","4","0","0","1","1","0","0","0","0",558706.02229999995,5939518.56489999965,9.88715084700,53.60120235900
"02","2","08","220","2018","04","13","1","3","5","3","0","0","1","0","0","0","0","0",558033.01289999997,5939452.31419999991,9.87696948000,53.60068189000
"02","2","08","220","2018","05","13","6","3","2","6","0","0","1","0","0","0","0","0",559447.25760000001,5938604.71410000045,9.89817647600,53.59290564200
"02","2","08","220","2018","05","17","3","3","4","6","0","1","1","0","0","0","0","0",559010.86150000000,5939491.99700000044,9.89175186100,53.60092934500
"02","2","08","220","2018","05","08","1","3","3","2","0","0","1","0","1","0","0","0",558884.73329999996,5939570.12999999989,9.88986086700,53.60164574700
"02","3","08","320","2018","05","11","3","3","1","5","0","1","1","0","0","0","0","0",559345.30240000004,5940398.98699999973,9.89697784800,53.60904307200
"02","2","08","220","2018","04","16","4","3","5","3","0","0","1","0","0","0","0","0",556712.40070000000,5939150.96040000021,9.85696062800,53.59811804000
"02","2","08","220","2018","05","08","3","3","5","7","0","1","1","0","0","0","0","0",558628.87130000000,5938755.16729999986,9.88584156400,53.59434999900
"02","3","08","320","2018","05","14","5","3","2","6","0","0","1","0","0","1","1","0",559596.94979999994,5940550.73049999960,9.90080989600,53.61037828600
"02","2","08","220","2018","05","17","2","3","2","6","0","0","1","0","0","0","0","0",558896.55319999997,5939561.46449999977,9.89003782700,53.60156653800
"02","3","08","320","2018","05","09","2","3","5","3","0","1","1","0","0","0","0","0",559180.00820000004,5939840.61890000012,9.89437379600,53.60404348400
"02","2","08","220","2018","05","12","4","3","5","3","0","1","0","0","0","0","0","0",557573.36609999998,5939341.81979999971,9.87000397600,53.59973952000
"02","2","08","220","2018","05","10","5","3","9","1","0","0","1","0","0","0","0","0",557689.57819999999,5940120.20569999982,9.87190393000,53.60672246400
"02","2","08","220","2018","06","18","2","3","2","2","1","0","1","0","0","0","0","1",557935.24639999995,5939947.25519999955,9.87558426100,53.60514097300
"02","2","08","220","2018","06","07","6","3","6","7","0","1","0","1","0","0","0","0",557423.20790000004,5939302.84810000006,9.86772801000,53.59940573600
"02","3","08","320","2018","06","10","6","3","0","3","0","1","1","0","0","0","0","0",559440.00320000004,5940516.38939999975,9.89843141300,53.61008747900
"02","2","08","220","2018","06","07","2","3","1","5","0","1","0","0","0","0","1","1",557847.64870000002,5939931.02379999962,9.87425754000,53.60500477100
"02","2","08","220","2018","06","07","5","3","6","2","0","0","1","1","0","0","0","0",557477.75500000000,5939308.05700000003,9.86855313300,53.59944657200
"02","2","08","220","2018","06","19","4","3","5","2","0","1","1","0","0","0","0","0",558791.19669999997,5939500.27029999997,9.88843436100,53.60102838900
"02","2","08","220","2018","06","08","2","3","0","7","0","0","0","0","0","0","1","0",558849.93290000001,5939513.32880000025,9.88932431200,53.60113915900
"02","2","08","220","2018","07","11","1","3","5","2","0","0","1","0","0","0","0","0",557834.80000000005,5939429.15000000037,9.87397025900,53.60049561400
"02","2","08","220","2018","06","06","7","3","6","6","0","0","1","1","0","0","0","0",559004.65729999996,5939495.77589999977,9.89165883300,53.60096400600
"02","3","08","320","2018","07","18","2","3","0","7","0","1","0","1","0","0","0","0",558996.63249999995,5939697.16999999993,9.89157569800,53.60277492500
"02","3","08","320","2018","06","22","4","3","3","2","2","1","1","0","0","0","0","0",559469.85999999999,5940040.99000000022,9.89879190300,53.60581148600
"02","3","08","320","2018","07","08","6","3","0","6","0","1","0","0","0","0","0","0",559123.86719999998,5939787.00449999981,9.89351529300,53.60356796600
"02","2","08","220","2018","07","23","7","3","4","6","2","0","1","0","0","0","1","0",556648.93740000005,5939154.41119999997,9.85600240200,53.59815591700
"02","2","08","220","2018","08","07","3","3","0","7","0","0","1","0","1","0","0","0",558613.19149999996,5939283.02749999985,9.88570391000,53.59909587000
"02","2","08","220","2018","08","13","6","3","4","2","0","1","1","0","0","0","0","0",558707.61300000001,5939255.84669999965,9.88712540800,53.59884101600
"02","2","08","220","2018","08","00","1","3","0","7","2","0","0","0","1","0","0","0",557488.82400000002,5938895.24000000022,9.86864426000,53.59573516900
"02","3","08","320","2018","09","15","3","3","5","3","0","1","1","0","0","0","0","0",558839.75939999998,5940301.64749999996,9.88931942500,53.60822526000
"02","3","08","320","2018","09","05","7","3","6","7","2","0","0","1","0","0","1","0",559078.97950000002,5939761.36770000029,9.89283215400,53.60334262000
"02","3","08","320","2018","09","14","6","3","2","6","0","1","1","0","0","0","0","0",559085.71429999999,5939765.61620000005,9.89293472600,53.60338004300
"02","2","08","220","2018","09","07","6","2","5","3","0","1","1","0","0","0","0","0",556788.92920000001,5939146.98020000011,9.85811615600,53.59807398200
"02","2","08","220","2018","09","18","4","3","4","2","0","0","1","0","0","0","0","0",556531.38029999996,5939154.49419999961,9.85422627000,53.59816935600
"02","3","08","320","2018","09","14","3","3","2","7","0","0","1","0","1","0","0","0",559287.01210000005,5939995.83999999985,9.89602023200,53.60542642500
"02","3","08","320","2018","09","08","2","3","0","7","0","0","0","0","1","0","0","1",558918.30119999999,5940738.64329999965,9.89058900900,53.61214389800
"02","3","08","320","2018","09","16","5","3","4","2","0","1","1","0","0","0","0","0",559550.09979999997,5940597.85979999974,9.90011086200,53.61080718300
"02","2","08","220","2018","10","17","5","3","5","3","0","0","1","0","0","0","0","0",557272.43200000003,5939031.13900000043,9.86539999400,53.59698024900
"02","2","08","220","2018","10","14","1","3","5","3","0","0","1","0","0","0","1","0",558034.68709999998,5939452.50609999988,9.87699481200,53.60068343000
"02","3","08","320","2018","10","14","3","3","0","7","0","0","1","0","0","0","0","1",559535.36950000003,5940602.08069999982,9.89988904700,53.61084679200
"02","3","08","320","2018","10","18","4","3","5","3","1","1","1","0","0","0","0","0",559548.10430000001,5940597.24089999963,9.90008058500,53.61080184800
"02","3","08","320","2018","10","13","4","3","0","6","0","0","1","0","0","0","1","0",559175.80559999996,5939814.91390000004,9.89430541100,53.60381293700
"02","2","08","220","2018","10","19","1","3","2","6","2","0","1","0","0","0","0","0",556542.39289999998,5939167.20749999955,9.85439496300,53.59828242900
"02","3","08","320","2018","11","21","1","3","5","3","2","0","1","0","0","0","0","1",558952.27280000004,5940337.03789999988,9.89102645100,53.60853068100
"02","2","08","220","2018","10","17","2","3","5","3","1","0","1","0","0","0","0","0",556834.68819999998,5939144.47009999957,9.85880706000,53.59804646200
"02","2","08","220","2018","11","08","2","3","5","3","0","1","1","0","0","0","0","1",557834.65859999997,5939421.21129999962,9.87396665000,53.60042428100
"02","2","08","220","2018","10","12","1","3","3","6","0","0","1","0","1","0","0","0",558752.72950000002,5938626.38960000034,9.88768846800,53.59317874800
"02","2","08","220","2018","10","16","6","2","6","4","0","0","0","1","0","1","0","0",557585.03509999998,5938661.74980000034,9.87005469000,53.59362611700
"02","2","08","220","2018","11","16","2","3","2","6","2","0","1","0","0","0","0","0",558751.39489999996,5939498.17080000043,9.88783257300,53.60101398300
"02","2","08","220","2018","11","21","4","3","6","2","2","0","1","1","0","0","0","0",558845.41480000003,5939505.95739999972,9.88925465400,53.60107341600
"02","2","08","220","2018","11","22","2","3","4","2","2","1","1","0","0","0","0","1",557400.98030000005,5938933.42430000007,9.86732415700,53.59608797700
"02","3","08","320","2018","11","12","6","3","2","6","0","0","1","0","0","0","0","0",559600.78300000005,5940094.86139999982,9.90078062900,53.60628077400