ULAND,UREGBEZ,UKREIS,UGEMEINDE,UJAHR,UMONAT,USTUNDE,UWOCHENTAG,UKATEGORIE,UART,UTYP1,ULICHTVERH,IstRad,IstPKW,IstFuss,IstKrad,IstGkfz,IstSonstig,STRZUSTAND,LINREFX,LINREFY,XGCSWGS84,YGCSWGS84
"02","2","08","220","2018","11","20","6","3","5","3","2","0","1","0","0","0","0","1",556277.26760000002,5938925.68800000008,9.85034562800,53.59614029900
"02","2","08","220","2018","12","14","7","3","2","6","0","0","1","0","0","0","0","0",558210.17660000001,5939472.61820000038,9.87965014500,53.60084472400
"02","3","08","320","2018","12","12","3","3","0","2","0","0","1","0","0","0","0","0",559381.87840000005,5940783.18369999994,9.89760383300,53.61249185800
"02","3","08","320","2018","12","20","7","3","4","2","2","0","1","0","0","0","0","1",559616.04020000005,5940529.00200000033,9.90109425200,53.61018083200
"02","2","08","220","2018","12","06","5","3","5","3","2","1","1","0","0","0","0","0",556970.27099999995,5939141.19790000003,9.86085494700,53.59800233400
"02","2","04","213","2018","03","08","7","3","1","5","0","0","1","0","0","0","1","0",561630.35459999996,5934271.65930000041,9.93030050300,53.55371075200
"02","2","03","210","2018","03","22","7","2","6","7","2","0","0","1","0","0","1","0",561889.08999999997,5934068.23599999957,9.93416523400,53.55185206800
"02","2","04","213","2018","04","09","5","2","5","3","0","1","0","0","0","0","0","0",561326.31339999998,5934035.39730000030,9.92566536400,53.55162297200
"02","2","04","213","2018","05","14","3","3","2","6","0","1","1","0","0","0","0","0",561503.79000000004,5934296.86000000034,9.92839526400,53.55395208400
"02","2","04","213","2018","06","16","7","3","0","4","0","0","0","1","0","0","1","0",561859.61880000005,5934092.57419999968,9.93372527100,53.55207427800
"02","2","04","213","2018","06","15","5","3","1","7","0","1","1","0","0","0","0","0",561531.78729999997,5934268.77020000014,9.92881229100,53.55369634900
"02","2","04","213","2018","06","13","2","3","2","3","0","1","0","0","0","0","0","0",561694.83900000004,5934202.02240000013,9.93126000100,53.55307732300
"02","2","04","213","2018","07","09","4","3","5","3","0","1","1","0","0","0","0","1",561501.22569999995,5934291.23730000015,9.92835545600,53.55390185100
"02","2","04","213","2018","12","09","6","3","5","3","0","1","0","0","0","0","0","1",561327.45999999996,5934028.45999999996,9.92568130700,53.55156048900
"02","2","04","213","2018","12","18","7","3","6","2","2","0","1","1","0","0","0","1",561433.91240000003,5934043.73780000024,9.92729087900,53.55168535200
"02","2","03","210","2018","02","21","2","3","6","2","2","0","1","1","0","0","0","1",562009.95680000004,5934494.53199999966,9.93607391200,53.55566909500
"02","2","03","210","2018","02","14","1","3","1","5","0","1","1","0","0","0","0","2",562050.18319999997,5934590.00920000020,9.93670001600,53.55652243200
"02","2","03","210","2018","03","20","5","3","2","2","2","0","1","0","0","0","1","0",562855.57759999996,5934915.82909999974,9.94892183300,53.55935486800
"02","2","03","210","2018","04","09","6","3","5","3","0","1","0","0","0","0","0","0",562463.66579999996,5934981.08569999970,9.94301912200,53.55998813900
"02","2","01","206","2018","03","09","3","3","5","3","0","1","1","0","0","0","0","0",562817.10430000001,5935142.63090000022,9.94838668600,53.56139782000
"02","2","03","210","2018","04","14","1","3","3","2","0","1","1","0","0","0","0","0",562009.94469999999,5934495.11560000014,9.93607384500,53.55567434100
"02","2","01","206","2018","04","16","3","3","4","6","0","1","0","0","0","0","0","0",562784.08389999997,5935121.32990000024,9.94788395300,53.56121033200
"02","2","03","210","2018","04","16","7","3","3","6","0","0","1","0","0","0","1","0",562873.69720000005,5934864.66069999989,9.94918504600,53.55889282900
"02","2","01","206","2018","04","15","1","3","3","6","0","0","1","0","1","0","0","0",562829.81850000005,5935214.26300000027,9.94859301500,53.56204008100
"02","2","03","210","2018","05","13","6","2","4","6","0","1","0","0","0","0","0","0",562024.99710000004,5934509.55680000037,9.93630390200,53.55580235100
"02","2","03","210","2018","05","11","3","3","5","3","0","1","1","0","0","0","0","0",562028.45990000002,5934564.83829999994,9.93636713800,53.55629877800
"02","2","03","210","2018","05","14","2","3","0","7","0","0","1","0","0","0","1","0",562076.60900000005,5934135.27599999961,9.93700857600,53.55243244400
"02","2","01","206","2018","05","12","2","3","3","6","0","0","1","0","0","0","1","0",562776.24100000004,5935077.77049999963,9.94775681200,53.56081978700
"02","2","03","210","2018","05","19","7","3","6","4","0","0","1","1","0","0","0","0",562869.84250000003,5934838.41980000027,9.94912158300,53.55865745500
"02","2","01","206","2018","05","07","5","3","4","6","0","1","0","0","0","0","0","0",562775.02599999995,5935103.49639999960,9.94774363900,53.56105114000
"02","2","03","210","2018","07","10","3","3","4","2","0","1","1","0","0","0","0","1",562073.75009999995,5934135.40780000016,9.93696545500,53.55243396700
"02","2","03","210","2018","08","11","5","3","5","3","0","1","1","0","0","0","0","0",562873.20330000005,5934824.29349999968,9.94916947000,53.55853009400
"02","2","03","210","2018","08","15","2","3","1","5","0","1","1","0","0","0","0","0",562700.37749999994,5935112.17769999988,9.94661854700,53.56113808500
"02","2","03","210","2018","09","19","4","3","3","2","1","1","1","0","0","0","0","0",562009.89199999999,5934497.65680000000,9.93607355400,53.55569718600
"02","2","01","206","2018","08","18","3","3","0","6","0","1","1","0","0","0","0","0",562678.88989999995,5935207.07699999958,9.94631322300,53.56199354500
"02","2","01","206","2018","09","15","4","3","2","6","0","0","1","0","0","0","0","1",562772.91189999995,5935097.58239999972,9.94771053800,53.56099824100
"02","2","03","210","2018","09","13","6","3","6","7","0","0","1","1","0","0","0","0",562022.81099999999,5934137.60500000045,9.93619710900,53.55245973400
"02","2","03","210","2018","11","14","5","3","6","7","0","0","0","1","0","0","1","0",562062.10829999996,5934135.94450000022,9.93678986200,53.55244016700
"02","2","01","206","2018","10","11","5","3","5","3","0","0","1","0","0","0","0","1",562883.68500000006,5934835.34360000025,9.94932990800,53.55862815000
"02","2","01","206","2018","10","21","4","3","2","6","1","0","1","0","0","0","0","1",562830.86809999996,5935216.96800000034,9.94860940300,53.56206426600
"02","2","01","206","2018","10","07","6","3","2","2","0","1","1","0","0","0","0","0",562882.41159999999,5934839.24280000012,9.94931147100,53.55866334600
"02","2","10","222","2018","04","11","1","3","0","3","0","1","1","0","0","0","0","0",554560.56610000005,5934944.12930000015,9.82371344900,53.56053705500
"02","2","11","223","2018","04","16","1","2","0","1","0","1","0","0","0","0","0","0",554403.05449999997,5934673.31890000030,9.82128858400,53.55811945400
"02","2","11","223","2018","04","19","1","3","4","2","0","0","1","0","0","0","0","0",554546.46699999995,5934948.36600000039,9.82350135500,53.56057659800
"02","2","10","222","2018","05","12","2","3","8","7","0","0","1","0","0","0","0","0",555008.38000000000,5934617.29000000004,9.83041589100,53.55755279800
"02","2","11","223","2018","08","09","4","3","2","6","0","0","1","0","0","0","0","0",554520.69099999999,5934964.54150000028,9.82311507500,53.56072465600
"02","2","10","222","2018","09","14","4","3","2","6","0","0","1","0","0","0","0","1",554978.67740000004,5934633.99189999979,9.82997048600,53.55770602000
"02","2","11","223","2018","09","14","7","3","3","6","0","1","0","0","0","0","1","0",554489.65570000000,5935304.59800000023,9.82270588200,53.56378418800
"02","2","11","223","2018","10","13","1","3","8","7","0","0","1","0","0","0","0","0",554455.22300000000,5934994.56340000033,9.82213202900,53.56100127900
"02","2","11","223","2018","01","14","3","3","5","3","0","1","1","0","0","0","0","0",553793.90509999997,5935235.60940000042,9.81219045900,53.56323592200
"02","2","11","223","2018","02","13","7","2","5","3","0","0","1","0","0","0","0","0",553812.17189999996,5935238.00850000046,9.81246663800,53.56325561100
"02","2","11","224","2018","02","13","3","3","2","6","0","0","1","0","1","0","0","0",553094.14580000006,5935468.95120000001,9.80166616200,53.56540438900
"02","2","11","223","2018","04","11","3","3","6","4","0","0","1","1","0","0","0","0",553802.53000000003,5935311.82600000035,9.81233379000,53.56392004700
"02","2","11","223","2018","04","15","2","3","6","4","0","0","1","1","0","0","0","0",553809.24679999996,5935248.04779999983,9.81242420800,53.56334614100
"02","2","11","223","2018","06","08","7","3","5","3","0","0","1","0","0","0","0","1",553820.26729999995,5935238.86220000032,9.81258899700,53.56326245400
"02","2","11","224","2018","06","14","5","2","5","3","0","1","1","0","0","0","0","0",554194.42500000005,5935905.68769999966,9.81835316000,53.56921714600
"02","2","11","223","2018","07","14","4","3","6","7","0","0","1","1","0","0","0","0",553767.18200000003,5935235.76099999994,9.81178706000,53.56324002300
"02","2","11","224","2018","07","10","5","3","2","2","0","0","1","0","0","1","0","0",553438.28700000001,5935341.39809999987,9.80683995200,53.56422304900
"02","2","11","224","2018","07","19","6","3","4","2","0","0","1","0","1","0","0","0",553721.85820000002,5935584.09240000043,9.81116272800,53.56637535300
"02","2","11","224","2018","08","16","3","3","5","3","0","1","1","0","0","0","0","0",554017.65590000001,5935786.91459999979,9.81566364600,53.56816788300
"02","2","11","224","2018","08","17","5","2","0","6","0","1","0","1","0","0","0","0",553235.15949999995,5935868.20189999975,9.80386313600,53.56897844100
"02","2","11","224","2018","10","08","6","3","6","4","0","0","1","1","0","0","0","0",552913.54180000001,5935526.88609999977,9.79894933500,53.56594333200
"02","2","11","223","2018","11","18","4","3","6","4","2","0","1","1","0","0","0","1",553751.33420000004,5935236.46820000000,9.81154793500,53.56324800200
"02","2","11","223","2018","01","15","2","3","6","6","0","1","0","1","0","0","0","0",554327.46450000000,5935076.58179999981,9.82021768600,53.56175167300
"02","2","11","223","2018","02","20","1","3","1","5","2","0","1","0","0","0","0","2",554300.89899999998,5934963.96970000025,9.81979708400,53.56074230300
"02","2","11","223","2018","03","12","6","3","6","7","0","0","1","1","0","0","0","0",553821.28240000003,5934893.53060000017,9.81254483900,53.56015862200
"02","2","11","223","2018","05","09","4","3","4","6","0","1","0","0","0","0","0","0",552957.80610000005,5934637.55570000038,9.79946688700,53.55794583000
"02","2","11","223","2018","04","07","4","3","6","4","0","0","1","1","0","0","0","1",553737.00329999998,5934943.51559999958,9.81128120500,53.56061650700
"02","2","12","225","2018","05","13","2","3","1","5","0","1","1","0","0","0","0","0",554706.79969999997,5935796.43620000035,9.82607016700,53.56818206000
"02","2","12","225","2018","05","07","4","3","2","6","0","1","0","0","0","0","1","0",554629.64249999996,5936012.97159999982,9.82494310500,53.57013624000
"02","2","11","223","2018","07","09","4","3","0","5","0","1","1","0","0","0","0","0",554330.52289999998,5935147.51140000019,9.82027618800,53.56238884700
"02","2","11","223","2018","10","10","4","3","5","3","0","0","1","0","0","0","0","1",554241.24750000006,5934936.49019999988,9.81889183900,53.56050149500
"02","2","11","223","2018","11","15","7","3","6","7","0","0","1","1","0","0","0","0",553748.50190000003,5934702.71949999966,9.81141336800,53.55845113100
"02","2","11","223","2018","11","11","5","3","4","2","0","1","1","0","0","0","0","0",553737.47600000002,5934978.41000000015,9.81129434200,53.56093007800
"02","2","05","215","2018","02","21","2","2","5","7","2","0","1","0","0","1","0","0",561544.05079999997,5935358.44409999996,9.92921196500,53.56348824700
"02","3","09","321","2018","01","17","2","3","2","6","2","0","1","0","0","0","1","1",561808.79290000000,5937609.99399999995,9.93365424300,53.58369263700
"02","2","05","215","2018","04","10","7","3","2","6","0","0","1","0","0","0","0","0",561136.96669999999,5935390.95959999971,9.92307292000,53.56382805900
"02","2","05","215","2018","05","16","2","3","5","3","0","1","1","0","0","0","0","0",561069.66200000001,5935396.56020000018,9.92205796300,53.56388623000
"02","3","09","321","2018","03","14","5","2","3","6","0","0","1","0","0","1","0","0",560646.52130000002,5938276.78509999998,9.91622962300,53.58982105200
"02","2","05","215","2018","04","13","7","3","2","6","0","0","1","0","0","0","0","0",561031.66460000002,5935399.62939999998,9.92148494200,53.56391823500
"02","3","09","321","2018","04","09","3","3","3","6","0","0","1","0","0","1","0","0",560636.54639999999,5938183.66689999960,9.91606084600,53.58898531600
"02","3","09","321","2018","03","01","2","3","4","2","2","1","1","0","0","0","0","0",561813.03189999994,5937585.56979999971,9.93371342800,53.58347262900
"02","2","05","215","2018","04","17","4","3","2","6","0","0","1","0","0","0","0","0",560616.38390000002,5938059.11440000031,9.91573208500,53.58786824600
"02","3","09","321","2018","04","12","7","3","2","6","0","0","1","0","0","0","0","0",560675.78090000001,5938288.55559999961,9.91667389600,53.58992345200
"02","2","05","215","2018","03","11","4","3","1","6","0","0","1","0","0","0","0","0",561544.87789999996,5935358.41249999963,9.92922444500,53.56348786600
"02","3","09","321","2018","04","17","6","3","0","1","0","0","0","0","1","0","0","0",560661.73690000002,5938256.79870000016,9.91645557700,53.58963966600
"02","3","09","321","2018","02","08","2","2","5","3","0","1","1","0","0","0","0","0",561880.55140000000,5937248.91260000039,9.93466643800,53.58043900900
"02","2","05","215","2018","08","18","2","3","5","2","0","1","1","0","0","0","0","0",561690.46329999994,5935355.76290000044,9.93142169900,53.56344695900
"02","3","09","321","2018","07","12","3","3","6","3","0","1","0","1","0","0","0","0",561690.13630000001,5938033.21829999983,9.93194581100,53.58751027500
"02","2","05","215","2018","09","16","2","3","5","3","0","1","0","0","0","0","0","0",561344.79260000004,5935376.11930000037,9.92620740400,53.56367043100
"02","3","09","321","2018","11","22","7","3","2","6","2","0","1","0","0","0","0","1",561817.85380000004,5937543.78739999980,9.93377797700,53.58309654700
"02","2","05","215","2018","10","19","2","3","2","6","1","0","1","0","0","0","1","0",560606.29429999995,5938152.03139999975,9.91559773400,53.58870449300
"02","2","05","215","2018","07","19","2","3","5","3","0","0","1","0","0","0","1","0",561141.09840000002,5935390.63590000011,9.92313523000,53.56382466800
"02","2","05","215","2018","12","09","2","3","5","3","0","1","1","0","0","0","0","1",561139.56279999996,5935390.75619999971,9.92311207200,53.56382592800
"02","3","09","321","2018","09","17","2","3","2","2","0","0","1","0","0","0","0","0",561774.47840000002,5937762.45519999973,9.93316616200,53.58506690300
"02","3","09","321","2018","06","20","1","3","3","2","0","0","1","0","1","0","0","0",561637.76379999996,5938201.43869999982,9.93118797700,53.58902829000
"02","2","05","215","2018","08","13","4","3","8","7","0","0","1","0","0","0","0","0",561402.84690000000,5935370.30530000012,9.92708266100,53.56361138800
"02","3","09","321","2018","09","16","2","3","0","7","0","0","1","0","1","0","0","0",561609.32779999997,5938297.67729999963,9.93077745100,53.58989656200
"02","3","09","321","2018","08","10","6","3","2","6","0","0","1","0","0","0","0","0",560668.60380000004,5938272.70509999990,9.91656239900,53.58978182800
"02","2","05","215","2018","10","21","4","3","4","6","2","1","0","0","0","0","0","0",561653.41110000003,5935355.50530000031,9.93086230300,53.56344899800
"02","3","09","321","2018","05","18","3","3","4","2","0","1","1","0","0","0","0","0",561815.57279999997,5937564.99540000036,9.93374772800,53.58328742000
"02","2","05","215","2018","08","15","5","3","1","6","0","0","1","0","0","0","0","0",561399.85109999997,5935370.55059999973,9.92703748400,53.56361394400
"02","3","09","321","2018","12","17","3","3","2","2","2","0","1","0","0","0","0","0",561716.33829999994,5937949.43169999961,9.93232500900,53.58675417200
"02","2","05","215","2018","10","16","2","3","5","3","0","1","1","0","0","0","0","0",561347.27339999995,5935375.91839999985,9.92624481500,53.56366833500
"02","3","09","321","2018","10","16","7","3","2","6","0","0","1","0","0","0","0","0",561709.80409999995,5937970.12820000015,9.93223040800,53.58694094800
"02","3","09","321","2018","11","14","6","3","2","6","0","0","1","0","0","0","1","0",561701.84030000004,5937996.32039999962,9.93211529800,53.58717728400
"02","2","05","215","2018","06","16","4","3","2","6","0","0","1","0","0","0","0","0",561054.46109999996,5935397.79640000034,9.92182872700,53.56389910900
"02","2","05","215","2018","05","19","4","3","0","5","0","1","1","0","0","0","0","0",561462.55960000004,5935364.22379999980,9.92798289900,53.56354974100
"02","3","09","321","2018","10","13","2","3","5","3","0","1","1","0","0","0","0","0",561744.80630000005,5937857.64169999957,9.93273683700,53.58592587200
"02","2","05","215","2018","10","08","4","3","0","7","0","1","0","1","0","0","0","1",561592.82339999999,5935356.76800000016,9.92994791300,53.56346746100
"02","2","05","215","2018","07","16","2","3","0","7","0","1","0","0","0","1","0","0",561308.83929999999,5935379.02979999967,9.92566521600,53.56370079000
"02","3","09","321","2018","08","16","3","3","0","6","0","0","0","0","0","0","1","0",561754.85530000005,5937826.41500000004,9.93288243800,53.58564404300
"02","2","05","215","2018","11","18","6","3","5","2","2","1","1","0","0","0","0","0",561363.39989999996,5935374.61290000007,9.92648800800,53.56365471700
"02","3","09","321","2018","01","09","6","3","5","3","0","0","1","0","0","0","0","1",561457.98100000003,5937124.35549999960,9.92826017900,53.57936925600
"02","2","05","215","2018","01","08","4","3","1","7","0","1","1","0","0","0","0","1",561531.82600000000,5935242.67109999992,9.92900461800,53.56244918300
"02","2","05","215","2018","02","08","3","3","6","4","0","0","1","1","0","0","0","0",561478.50850000000,5935006.24280000012,9.92815323200,53.56033055600
"02","2","05","215","2018","01","14","4","3","5","3","0","0","1","0","0","0","0","0",561057.75159999996,5936861.08449999988,9.92216448900,53.57704988200
"02","2","05","215","2018","01","11","4","3","6","4","0","0","1","1","0","0","0","1",561729.47219999996,5935756.31109999958,9.93208972900,53.56704225200
"02","2","05","215","2018","02","08","7","3","5","3","0","0","1","0","0","0","0","0",561239.86529999995,5935825.21600000001,9.92471143700,53.56771889800
"02","3","09","321","2018","03","18","5","2","6","4","2","0","1","1","0","0","0","0",561888.07160000002,5937525.33000000007,9.93483482300,53.58292238200
"02","2","05","215","2018","03","10","3","3","2","6","0","0","1","0","0","0","0","0",561288.37749999994,5936396.59860000014,9.92555598900,53.57284847300
"02","3","09","321","2018","04","01","1","3","5","3","2","0","1","0","0","0","0","0",560865.28989999997,5938322.20210000034,9.91954310900,53.59020388000
"02","2","05","215","2018","05","13","5","2","3","6","0","1","0","0","0","1","0","0",561267.62430000002,5935821.21509999968,9.92512974800,53.56767969900
"02","2","05","215","2018","06","00","7","3","5","3","2","1","1","0","0","0","0","1",561314.41249999998,5936263.21980000008,9.92592291500,53.57164670300
"02","2","05","215","2018","06","18","7","3","0","1","0","0","1","0","1","0","0","1",561375.10120000003,5935021.54540000018,9.92659530100,53.56048018900
"02","3","09","321","2018","08","19","5","3","1","7","1","0","1","0","0","0","1","0",561819.58100000001,5937529.92489999998,9.93380131700,53.58297175700
"02","3","09","321","2018","07","23","6","2","3","7","2","0","1","0","1","0","0","0",561923.58019999997,5936452.08870000020,9.93515820900,53.57327259000
"02","2","05","215","2018","08","14","6","3","2","6","0","0","1","0","1","0","0","0",561236.26199999999,5936223.46200000029,9.92473511900,53.57129851200
"02","3","09","321","2018","08","06","6","3","0","3","0","0","1","0","1","0","0","0",561212.50159999996,5937996.38590000011,9.92472404800,53.58723522700
"02","3","09","321","2018","08","12","3","3","5","3","0","1","1","0","0","0","0","0",560611.14569999999,5938240.04849999957,9.91568811600,53.58949497600
"02","2","05","215","2018","09","17","4","3","3","7","0","0","1","0","1","0","0","0",561303.25719999999,5936366.50189999957,9.92577475600,53.57257624300
"02","3","09","321","2018","08","16","4","3","5","2","0","1","1","0","0","0","0","0",560925.48780000000,5938263.33550000004,9.92044094300,53.58966783200
"02","2","05","215","2018","08","12","5","3","1","6","0","0","1","0","0","0","0","0",561344.12300000002,5936279.54679999966,9.92637472300,53.57178996700
"02","2","05","215","2018","09","17","3","3","5","3","0","1","0","0","0","0","0","0",561246.61140000005,5936480.24890000001,9.92494175000,53.57360514800
"02","2","05","215","2018","09","08","4","3","3","2","0","1","1","0","0","0","0","0",561337.15280000004,5936296.39250000007,9.92627278800,53.57194218100
"02","3","09","321","2018","10","08","3","3","4","2","0","1","1","0","0","0","0","1",560921.11849999998,5938259.48639999982,9.92037419100,53.58963374600
"02","2","05","215","2018","10","19","6","2","5","3","2","0","1","0","0","0","1","1",561543.34019999998,5935807.59080000035,9.92928972200,53.56752498600
"02","3","09","321","2018","12","03","7","3","0","7","2","0","1","1","0","0","0","1",561888.46950000001,5937525.04739999957,9.93484077700,53.58291979600
"02","3","09","321","2018","12","10","2","3","5","3","0","0","1","0","0","0","0","0",561565.38899999997,5937717.17829999980,9.92999917900,53.58468457300
"02","3","09","321","2018","12","23","1","3","9","1","2","0","1","0","0","0","0","2",561649.37000000000,5936465.66000000015,9.93102042000,53.57342685600
"02","2","12","225","2018","05","13","4","3","5","2","0","1","1","0","0","0","0","0",554481.99170000001,5936713.79200000037,9.82283601700,53.57645031000
"02","2","12","225","2018","01","15","4","3","6","2","0","0","1","1","0","0","0","1",554482.60329999996,5936713.67289999966,9.82284523200,53.57644917600
"02","2","12","225","2018","01","14","4","3","4","2","0","1","1","0","0","0","0","0",554528.90599999996,5936703.44660000037,9.82354267100,53.57635245400
"02","2","12","225","2018","11","15","5","3","3","2","0","1","1","0","0","0","0","0",554501.86369999999,5936709.92119999975,9.82313543200,53.57641345600
"02","2","12","225","2018","08","20","2","2","8","1","2","0","1","0","0","0","0","1",554421.01370000001,5936726.92360000033,9.82191746500,53.57657466200
"02","2","12","225","2018","06","19","5","3","5","3","0","1","1","0","0","0","0","0",554230.53370000003,5936774.01829999965,9.81904916100,53.57701765900
"02","2","12","225","2018","12","12","6","3","5","3","0","1","1","0","0","0","0","0",554391.57030000002,5936733.88329999987,9.82147404600,53.57664026700
"02","2","12","225","2018","02","15","6","3","5","3","0","1","1","0","0","0","0","1",554483.69099999999,5937204.04480000027,9.82294725000,53.58085634100
"02","2","12","225","2018","03","06","6","3","2","6","0","0","1","0","1","0","0","0",554451.26069999998,5937490.22099999990,9.82250739400,53.58343175300
"02","2","12","225","2018","03","11","3","3","5","3","0","1","1","0","0","0","0","0",554385.87679999997,5936722.95299999975,9.82138616300,53.57654262000
"02","2","12","225","2018","04","11","3","3","1","7","0","0","1","0","0","0","1","0",554376.53509999998,5936683.82710000034,9.82123827700,53.57619193900
"02","2","12","225","2018","04","16","2","3","5","3","0","0","1","0","0","0","1","0",554480.71829999995,5937221.60250000004,9.82290541900,53.58101445200
"02","2","12","225","2018","04","18","1","3","2","6","0","0","1","0","0","0","0","0",554513.11419999995,5936906.88829999976,9.82333972300,53.57818255300
"02","2","12","225","2018","05","11","3","3","6","4","0","0","1","1","0","0","0","0",554496.76300000004,5937544.85379999969,9.82320418700,53.58391804500
"02","2","12","225","2018","06","15","1","3","0","1","0","1","0","0","0","0","0","1",554472.83360000001,5937300.25169999991,9.82280006500,53.58172214000
"02","2","12","225","2018","10","14","3","3","2","6","0","0","1","0","0","0","0","0",554502.64560000005,5936759.96439999994,9.82315597600,53.57686314400
"02","2","12","225","2018","10","15","2","3","4","2","0","1","0","0","0","0","1","0",554502.41709999996,5936723.29690000042,9.82314612400,53.57653361400
"02","2","01","206","2018","05","11","3","3","2","6","0","0","1","0","1","0","0","0",563369.55420000001,5935096.57870000042,9.95671673500,53.56091752100
"02","2","01","206","2018","06","12","2","3","3","6","0","0","1","0","0","0","1","0",563465.83160000003,5935065.39609999955,9.95816371900,53.56062564000
"02","3","01","310","2018","01","16","6","3","3","7","2","0","1","0","0","0","0","0",563906.30099999998,5935568.66600000020,9.96491553000,53.56509523000
"02","2","03","208","2018","01","14","2","2","0","7","0","1","0","0","0","0","0","1",563452.07889999996,5935305.48400000017,9.95800487700,53.56278505000
"02","3","01","310","2018","01","17","1","3","0","4","2","0","1","1","0","0","0","1",563492.55229999998,5935642.31030000001,9.95868430700,53.56580731900
"02","3","01","310","2018","01","01","1","3","9","5","2","1","1","0","0","0","0","1",563425.23959999997,5935621.84640000015,9.95766394300,53.56563154300
"02","3","01","310","2018","01","07","4","3","4","2","0","1","1","0","0","0","0","1",563959.03189999994,5935632.57500000019,9.96572466900,53.56566317500
"02","3","01","310","2018","03","19","4","3","6","2","2","0","0","1","0","0","1","1",563579.65289999999,5935429.08059999999,9.95995585500,53.56388041100
"02","3","02","311","2018","02","08","3","3","2","6","0","0","1","0","0","0","1","0",564680.37760000001,5935513.15649999958,9.97658989600,53.56450151300
"02","2","02","207","2018","04","19","1","3","4","2","0","1","1","0","0","0","0","0",563263.85970000003,5935132.09420000017,9.95512845500,53.56124946200
"02","3","01","310","2018","04","23","5","3","4","2","2","0","1","0","0","0","0","0",563954.92070000002,5935603.75449999981,9.96565670300,53.56540465800
"02","2","02","207","2018","03","22","7","3","4","6","2","0","1","0","0","0","0","1",563698.33140000002,5935238.76680000033,9.96170864200,53.56215561000
"02","2","02","207","2018","04","18","4","3","2","7","0","1","1","0","0","0","0","0",563784.88060000003,5935091.16509999987,9.96298501700,53.56081855700
"02","2","02","207","2018","04","12","4","3","2","6","0","0","1","0","0","0","0","0",563803.72219999996,5935054.89190000016,9.96326202600,53.56049026800
"02","3","01","310","2018","04","02","7","3","5","2","2","0","1","0","0","0","0","0",563953.03289999999,5935602.14560000040,9.96562787400,53.56539042800
"02","2","02","207","2018","05","15","3","3","4","2","0","0","1","0","0","0","0","1",563970.42500000005,5935618.15830000024,9.96589371600,53.56553221900
"02","2","02","207","2018","05","08","3","3","1","5","0","1","1","0","0","0","0","0",563796.57759999996,5935069.34829999972,9.96315713000,53.56062106100
"02","3","01","309","2018","04","10","2","3","3","2","0","1","0","0","0","0","1","0",564032.07860000001,5935677.52859999985,9.96683665200,53.56605827800
"02","2","02","207","2018","05","14","6","3","5","7","0","1","1","0","0","0","0","0",563816.43290000001,5935347.57019999996,9.96351366800,53.56311911200
"02","3","02","311","2018","05","16","5","3","3","7","0","0","1","0","0","0","0","0",564308.68620000000,5935801.51460000034,9.97103808800,53.56713874900
"02","2","03","208","2018","05","11","6","3","4","2","0","1","1","0","0","0","0","0",563433.22660000005,5935285.97790000029,9.95771632700,53.56261202100
"02","2","02","207","2018","05","08","5","3","1","5","0","1","1","0","0","0","0","0",563874.96299999999,5934943.54299999960,9.96431464000,53.55948087600
"02","3","01","309","2018","05","18","2","3","6","6","0","1","0","1","0","0","0","0",564016.03819999995,5935663.21939999983,9.96659155900,53.56593163400
"02","2","02","207","2018","05","12","3","3","1","7","0","1","1","0","0","0","0","0",563786.38500000001,5935088.38499999978,9.96300715900,53.56079338800
"02","2","02","207","2018","05","17","4","3","6","4","0","0","1","1","0","0","0","0",563687.99500000000,5935254.38719999976,9.96155579300,53.56229725000
"02","2","02","207","2018","06","17","7","3","5","7","0","1","1","0","0","0","0","0",564387.42270000000,5935452.27639999986,9.97215481100,53.56399039300
"02","2","03","208","2018","06","15","4","3","2","6","0","0","1","0","0","0","0","0",563312.44389999995,5935184.18859999999,9.95587240000,53.56171179200
"02","2","02","207","2018","06","19","3","3","4","2","0","1","0","0","0","0","0","0",564457.10040000000,5935470.26150000002,9.97321038500,53.56414347600
"02","3","01","310","2018","06","15","4","3","5","2","0","1","1","0","0","0","0","0",563963.81610000005,5935592.28720000014,9.96578864600,53.56530051400
"02","2","02","207","2018","06","15","3","3","3","6","0","1","1","0","0","0","0","0",563281.84430000000,5935158.91689999960,9.95540536900,53.56148835800
"02","2","02","207","2018","07","00","3","3","1","6","2","1","1","0","0","0","0","0",563958.15020000003,5935528.96619999968,9.96569014600,53.56473212000
"02","2","03","208","2018","07","08","5","3","6","3","0","1","0","1","0","0","0","0",563255.98459999997,5935278.09590000007,9.95503913600,53.56256257600
"02","3","01","310","2018","08","19","5","3","2","5","0","1","1","0","0","0","0","0",563739.14679999999,5935484.38310000021,9.96237487900,53.56435808400
"02","2","02","207","2018","07","20","5","3","3","2","1","1","0","0","0","0","0","0",564336.40289999999,5935448.14929999970,9.97138375900,53.56395955800
"02","3","01","310","2018","08","13","6","3","1","7","0","0","1","0","0","0","0","0",563565.12540000002,5935458.85470000003,9.95974260300,53.56414976000
"02","2","02","207","2018","08","10","5","3","6","4","0","1","0","1","0","0","0","0",563773.58420000004,5935112.04210000020,9.96281875800,53.56100755700
"02","2","03","208","2018","08","15","4","3","1","5","0","1","0","0","0","0","1","0",563361.41680000001,5935356.43259999994,9.95664659500,53.56325389500