ULAND,UREGBEZ,UKREIS,UGEMEINDE,UJAHR,UMONAT,USTUNDE,UWOCHENTAG,UKATEGORIE,UART,UTYP1,ULICHTVERH,IstRad,IstPKW,IstFuss,IstKrad,IstGkfz,IstSonstig,STRZUSTAND,LINREFX,LINREFY,XGCSWGS84,YGCSWGS84
"02","2","02","207","2018","07","16","4","3","3","7","0","1","1","0","0","0","0","0",563947.00260000001,5935454.81960000005,9.96550668100,53.56406710100
"02","2","02","207","2018","08","20","6","3","2","6","1","1","1","0","1","0","0","0",563746.90379999997,5935213.86000000034,9.96243678700,53.56192586800
"02","3","01","310","2018","09","08","2","3","3","2","0","1","1","0","0","0","0","0",563770.30709999998,5935499.45779999997,9.96284836200,53.56448977900
"02","2","02","207","2018","08","16","2","3","0","4","0","0","0","1","1","0","0","1",563782.83380000002,5935094.94790000003,9.96295489300,53.56085280300
"02","2","03","208","2018","08","16","2","3","2","6","0","0","1","0","1","0","0","1",563513.16910000006,5935358.32450000010,9.95893782100,53.56325255400
"02","3","01","310","2018","08","13","7","3","4","2","0","0","1","0","0","0","0","1",563594.89910000004,5935416.73429999966,9.96018350000,53.56376760400
"02","3","01","310","2018","08","16","5","3","0","7","0","1","0","0","0","0","0","0",563734.82050000003,5935604.93319999985,9.96233416200,53.56544203000
"02","2","03","208","2018","08","09","4","3","3","2","0","1","0","0","0","0","1","0",563437.12970000005,5935282.15909999982,9.95777447100,53.56257722800
"02","3","01","310","2018","09","23","4","3","0","7","2","1","1","0","0","0","0","0",563608.14549999998,5935380.91750000045,9.96037617700,53.56344410100
"02","3","01","310","2018","09","17","2","3","1","6","0","0","1","0","0","0","0","0",563669.01890000002,5935451.16459999979,9.96130943700,53.56406805200
"02","2","03","208","2018","09","13","7","3","4","2","0","1","1","0","0","0","0","0",563349.57140000002,5935216.13200000022,9.95643933100,53.56199439800
"02","3","01","307","2018","10","19","3","3","5","2","2","1","1","0","0","0","0","0",563372.86849999998,5935809.43200000003,9.95691136400,53.56732376200
"02","3","02","311","2018","10","10","7","3","5","3","0","1","1","0","0","0","0","0",564572.36179999996,5935610.15869999956,9.97497930700,53.56538660000
"02","2","03","208","2018","10","14","3","3","4","2","0","1","0","0","0","0","1","0",563352.55460000003,5935218.72790000029,9.95648489000,53.56201736800
"02","3","01","310","2018","10","15","5","3","4","6","0","1","1","0","0","0","1","0",563715.10580000002,5935691.33420000039,9.96205415800,53.56622093600
"02","3","01","309","2018","10","13","5","3","0","2","0","1","0","0","1","0","0","1",563965.72670000000,5935606.44830000028,9.96582038900,53.56542755100
"02","2","02","207","2018","10","11","4","3","3","3","0","1","0","0","0","0","0","0",563717.04639999999,5935210.75719999988,9.96198544300,53.56190160800
"02","3","01","310","2018","10","07","3","3","1","6","0","0","1","0","0","0","0","1",563584.00340000005,5935421.02219999954,9.96001989000,53.56380746100
"02","3","01","310","2018","11","14","6","3","4","2","0","1","1","0","0","0","0","0",563594.69149999996,5935402.76400000043,9.96017752300,53.56364207300
"02","2","03","208","2018","11","09","3","3","6","7","0","0","1","1","0","0","1","0",563261.69739999995,5935285.85790000018,9.95512694600,53.56263164700
"02","3","01","310","2018","11","15","5","3","1","5","0","0","1","0","0","0","1","0",563782.78070000000,5935505.57639999967,9.96303791700,53.56454325300
"02","3","01","310","2018","12","09","4","3","5","3","0","1","1","0","0","0","0","1",563756.18050000002,5935492.53930000030,9.96263369000,53.56442931700
"02","2","02","207","2018","12","09","4","3","3","6","0","1","1","0","0","0","0","1",563947.97710000002,5935135.93609999958,9.96545612700,53.56120108000
"02","2","02","207","2018","12","13","7","3","2","7","0","1","1","0","0","0","0","1",563920.25569999998,5935049.44979999959,9.96501997600,53.56042717900
"02","3","01","310","2018","12","08","6","3","3","2","1","1","1","0","0","0","0","1",563578.07680000004,5935407.04189999960,9.95992757700,53.56368253300
"02","2","03","208","2018","01","03","2","3","6","4","2","0","1","1","0","0","0","1",563226.47719999996,5935145.94419999979,9.95456696000,53.56137844100
"02","2","03","208","2018","02","08","4","3","3","6","0","0","0","0","0","1","1","0",563172.02069999999,5935166.38190000039,9.95374905600,53.56156867900
"02","2","03","208","2018","04","11","2","3","2","6","0","0","1","0","0","0","0","0",562961.30889999995,5935219.05040000007,9.95057889700,53.56206734900
"02","2","03","208","2018","09","09","4","3","3","6","0","0","1","0","0","0","0","0",563065.91920000000,5935198.13530000020,9.95215382500,53.56186681800
"02","2","03","208","2018","10","19","6","3","6","6","2","1","0","1","0","0","0","1",563192.43489999999,5935159.09179999959,9.95405574100,53.56150070300
"02","2","01","206","2018","07","13","6","3","5","3","0","0","1","0","0","1","0","0",563250.82680000004,5935137.84960000031,9.95493288600,53.56130275800
"02","2","03","208","2018","02","18","3","3","6","7","2","0","1","1","0","0","0","0",563161.38870000001,5935668.73029999994,9.95369011900,53.56608472900
"02","2","01","206","2018","04","15","5","3","3","7","0","0","1","0","0","0","0","0",563237.29390000005,5935118.87710000016,9.95472476400,53.56113387700
"02","2","01","206","2018","05","09","4","3","0","7","0","1","0","0","0","0","1","0",563222.34340000001,5935105.13669999968,9.95449630300,53.56101218800
"02","2","01","206","2018","08","15","2","3","3","7","0","1","1","0","0","0","0","0",563073.43620000000,5934974.52830000035,9.95222216300,53.55985628300
"02","2","01","206","2018","08","15","5","3","4","2","0","0","1","0","0","0","0","0",563176.04799999995,5935057.99560000002,9.95378793600,53.56059409000
"02","2","01","206","2018","08","13","6","3","5","3","0","1","1","0","0","0","0","0",563077.89300000004,5934978.31280000042,9.95229020100,53.55988976000
"02","2","01","206","2018","09","14","6","3","3","2","0","1","1","0","0","0","0","1",563158.56010000000,5935047.65409999993,9.95352186600,53.56050325200
"02","3","09","321","2018","03","14","6","3","2","6","0","0","1","0","0","0","0","0",561147.87190000003,5938848.12260000035,9.92391481600,53.59489763600
"02","3","09","321","2018","03","17","4","3","2","6","0","0","1","0","0","0","0","1",561446.10149999999,5938597.26970000006,9.92837084700,53.59260826000
"02","3","08","320","2018","04","20","6","3","3","6","2","0","1","0","0","1","0","0",560661.10800000001,5940570.26439999975,9.91689624300,53.61043170900
"02","3","08","320","2018","01","08","4","3","2","6","0","0","1","0","0","0","0","1",560403.47300000000,5941031.98599999957,9.91309214900,53.61461113400
"02","3","09","321","2018","02","05","3","3","2","6","2","0","1","0","0","0","0","2",561428.86690000002,5938593.99720000010,9.92810984800,53.59258086900
"02","3","08","320","2018","04","06","5","3","3","6","1","0","1","0","0","1","0","1",560486.34750000003,5941033.74760000035,9.91434509200,53.61461740300
"02","3","08","320","2018","03","21","2","3","4","2","2","0","1","0","0","0","0","0",560070.56830000004,5941671.32600000035,9.90818379900,53.62039539900
"02","3","09","321","2018","01","08","3","3","2","6","0","0","1","0","0","0","0","1",561103.46759999997,5939034.39950000029,9.92328048500,53.59657695200
"02","3","08","320","2018","03","07","2","3","2","6","0","0","1","0","0","0","0","0",559791.18579999998,5941697.69269999955,9.90396556500,53.62066433700
"02","3","08","320","2018","04","12","2","3","3","6","0","0","1","0","0","1","0","0",560827.96680000005,5940049.90579999983,9.91931638500,53.60573571700
"02","3","09","321","2018","03","14","3","3","2","6","0","0","1","0","0","0","0","0",560964.71149999998,5938632.28120000008,9.92110555000,53.59297912400
"02","3","08","320","2018","04","18","1","3","2","6","0","0","1","0","0","0","0","0",560481.08479999995,5941705.26989999972,9.91439596800,53.62065321600
"02","3","08","320","2018","04","09","2","3","3","6","0","0","1","0","0","1","0","0",560538.77740000002,5940840.39499999955,9.91509996200,53.61287361900
"02","3","08","320","2018","02","09","5","3","0","2","0","0","0","0","0","0","1","0",560070.99789999996,5941674.54399999976,9.90819091400,53.62042427100
"02","3","09","321","2018","01","03","4","3","5","3","2","0","1","0","0","1","0","1",561051.65200000000,5938793.34700000007,9.92245046300,53.59441656300
"02","3","09","321","2018","03","16","3","3","1","6","0","0","1","0","0","0","1","0",561108.53319999995,5938930.62909999955,9.92333668000,53.59564373900
"02","3","09","321","2018","03","14","3","3","2","6","0","0","1","0","0","1","0","0",560791.83570000005,5938450.71279999986,9.91845857800,53.59136737700
"02","3","09","321","2018","03","10","5","3","0","1","0","0","0","0","1","0","0","0",561462.69230000000,5938579.36189999990,9.92861794700,53.59244537100
"02","3","08","320","2018","02","09","6","3","3","6","0","0","1","0","0","1","0","0",560554.24490000005,5940809.74359999970,9.91532777600,53.61259635600
"02","3","09","321","2018","02","19","6","3","3","6","2","0","1","0","0","0","1","0",561037.27819999994,5939484.10520000011,9.92236853900,53.60062632900
"02","3","09","321","2018","02","17","7","3","3","2","2","0","1","0","0","0","0","0",561075.80799999996,5938969.97499999963,9.92284998600,53.59600116900
"02","3","09","321","2018","02","08","5","3","3","6","0","0","1","0","0","1","0","0",561077.03859999997,5938856.67719999980,9.92284638700,53.59498277800
"02","3","08","320","2018","04","20","2","3","2","6","1","0","1","0","0","0","0","0",560057.60829999996,5941578.47259999998,9.90796997900,53.61956237800
"02","3","09","321","2018","12","10","5","3","2","6","0","0","1","0","0","0","1","1",561483.09680000006,5938560.27199999988,9.92892242400,53.59227141100
"02","3","09","321","2018","08","10","5","3","4","3","0","0","1","0","0","0","0","0",561159.30619999999,5938870.51150000002,9.92409194900,53.59509751900
"02","3","08","320","2018","08","11","2","3","2","6","0","0","0","0","0","1","1","0",560395.68350000004,5941535.10379999969,9.91307198400,53.61913373000
"02","3","09","321","2018","12","05","4","3","3","6","2","0","1","0","0","1","0","1",560820.07929999998,5938512.89659999963,9.91889735500,53.59192297000
"02","3","08","320","2018","10","11","2","3","2","6","0","0","0","0","0","1","0","0",560886.56519999995,5939952.61539999954,9.92018287200,53.60485452800
"02","3","08","320","2018","08","08","6","3","3","6","0","0","1","0","0","1","0","0",560721.11979999999,5940438.34210000001,9.91777748600,53.60923912500
"02","3","08","320","2018","10","14","6","3","2","6","0","0","1","0","0","0","1","0",560774.47409999999,5940251.20770000014,9.91854730300,53.60755109600
"02","3","09","321","2018","06","16","2","3","2","6","0","0","1","0","0","0","0","0",561103.32720000006,5939030.22690000013,9.92327754600,53.59653946700
"02","3","08","320","2018","11","18","6","3","5","3","2","1","1","0","0","0","0","1",560030.28899999999,5941385.82100000046,9.90751987500,53.61783408000
"02","3","09","321","2018","10","14","5","3","3","6","0","0","1","0","0","1","0","1",560870.97340000002,5938521.85560000036,9.91966792600,53.59199758100
"02","3","08","320","2018","12","11","2","3","3","6","0","0","1","0","0","1","0","1",560848.98679999996,5939998.79879999999,9.91962404500,53.60527396000
"02","3","09","321","2018","07","07","2","3","3","2","0","0","1","0","0","0","0","0",561465.54139999999,5938576.69629999995,9.92866046200,53.59242108100
"02","3","08","320","2018","11","06","5","3","6","2","2","0","1","1","0","0","0","1",560108.47290000005,5941938.69589999970,9.90880840400,53.62279399800
"02","3","08","320","2018","12","11","4","3","2","6","0","0","1","0","0","0","0","1",560314.14619999996,5941303.39250000007,9.91179458300,53.61706065500
"02","3","08","320","2018","12","19","6","3","5","3","2","0","1","0","0","1","0","1",560467.17890000006,5941682.29839999974,9.91418129700,53.62044836900
"02","3","09","321","2018","10","01","3","3","2","6","2","0","1","0","0","1","0","0",561070.42760000005,5938839.20370000042,9.92274309000,53.59482650700
"02","3","08","320","2018","11","23","7","3","2","6","2","0","1","0","0","0","0","0",559623.47660000005,5941806.52419999987,9.90145120500,53.62166156700
"02","3","08","320","2018","12","17","2","3","5","2","2","0","1","0","0","0","0","1",560030.28899999999,5941385.82100000046,9.90751987500,53.61783408000
"02","3","08","320","2018","06","08","4","3","4","2","0","1","1","0","0","0","0","0",560071.22999999998,5941676.28299999982,9.90819475800,53.62043987300
"02","3","09","321","2018","11","09","5","3","4","2","0","0","1","0","0","0","1","1",561468.91819999996,5938551.58490000013,9.92870652400,53.59219500000
"02","3","09","321","2018","08","22","4","2","5","2","2","0","1","0","1","0","0","0",561463.95999999996,5938556.08899999969,9.92863251100,53.59223606100
"02","3","08","320","2018","11","19","6","3","3","6","2","0","1","0","0","1","0","0",560652.93259999994,5940591.06740000006,9.91677673800,53.61061961900
"02","3","08","320","2018","08","11","5","3","4","2","0","0","1","0","0","0","0","0",560032.31740000006,5941400.14840000030,9.90755329800,53.61796261300
"02","3","09","321","2018","11","13","6","3","2","6","0","0","1","0","0","0","0","0",561436.40440000000,5938585.24610000011,9.92822198900,53.59250133600
"02","3","09","321","2018","07","15","6","3","0","6","0","0","1","0","1","0","0","0",561010.42020000005,5939580.03959999979,9.92198150700,53.60149165300
"02","3","09","321","2018","09","00","1","3","2","6","2","0","1","0","0","0","0","0",561442.70539999998,5938577.93049999978,9.92831573400,53.59243485000
"02","3","09","321","2018","09","13","7","3","4","2","0","0","1","0","0","0","0","0",561160.73529999994,5938868.82259999961,9.92411320700,53.59508217400
"02","3","08","320","2018","12","10","4","3","3","6","0","0","1","0","0","1","0","0",560699.87139999995,5940456.79849999957,9.91745996500,53.60940746100
"02","3","08","320","2018","10","16","4","3","9","1","0","0","1","0","0","0","0","0",560891.66079999995,5939898.61699999962,9.92024932200,53.60436863300
"02","3","08","320","2018","08","11","6","3","2","6","0","0","1","0","1","0","0","0",560681.50060000003,5940580.07309999969,9.91720634500,53.61051750100
"02","3","09","321","2018","06","01","7","2","4","2","2","0","1","0","0","0","0","0",561159.38639999996,5938870.41669999994,9.92409314200,53.59509665800
"02","3","09","321","2018","11","11","2","3","3","6","0","0","1","0","1","0","0","1",561425.72560000001,5938620.53990000021,9.92806762100,53.59281978500
"02","3","08","320","2018","11","18","1","3","4","2","2","0","1","0","0","0","0","1",560071.22999999998,5941676.28299999982,9.90819475800,53.62043987300
"02","3","08","320","2018","10","20","2","2","4","2","2","1","1","0","0","0","0","0",560032.70360000001,5941402.87689999957,9.90755966200,53.61798709100
"02","3","08","320","2018","08","19","3","3","5","3","0","0","1","0","0","1","0","0",560436.41579999996,5941627.48359999992,9.91370562600,53.61995928000
"02","3","08","320","2018","12","16","6","3","2","6","2","0","1","0","0","0","0","1",560695.77650000004,5940541.63839999959,9.91741460800,53.61017042200
"02","3","08","320","2018","11","13","7","2","4","2","0","0","1","0","0","1","0","1",560071.04240000003,5941674.87750000041,9.90819165100,53.62042726300
"02","3","09","321","2018","07","18","7","3","3","6","0","0","1","0","0","0","1","0",561167.32100000000,5938883.01499999966,9.92421548400,53.59520895800
"02","3","08","320","2018","09","15","2","3","2","6","0","0","1","0","0","0","0","0",560425.82709999999,5941606.23660000041,9.91354144000,53.61976954800
"02","3","09","321","2018","10","11","1","3","4","6","0","0","1","0","0","0","0","0",561149.01450000005,5938902.04989999998,9.92394265200,53.59538216700
"02","3","08","320","2018","11","12","3","3","3","6","0","0","1","0","0","1","0","0",560890.66650000005,5939900.92520000041,9.92023474800,53.60438949400
"02","3","09","321","2018","07","18","6","3","2","6","0","0","1","0","0","0","0","0",561439.99289999995,5938581.07980000041,9.92827537800,53.59246347200
"02","3","08","320","2018","11","17","2","3","4","2","0","0","1","0","0","0","0","1",560071.04660000000,5941674.90919999965,9.90819172100,53.62042754700
"02","3","08","320","2018","05","06","3","3","2","6","0","0","1","0","0","1","0","0",560365.90709999995,5941334.87449999992,9.91258306800,53.61733763200
"02","3","08","320","2018","05","17","3","2","3","6","0","0","1","0","0","1","0","0",560837.86899999995,5940024.97499999963,9.91946115300,53.60551050600
"02","3","08","320","2018","07","13","3","3","2","6","0","0","1","0","0","0","1","0",560424.62179999996,5941603.73819999956,9.91352273600,53.61974723300
"02","3","09","321","2018","07","13","1","2","2","6","0","0","1","0","0","0","0","0",560810.70999999996,5938472.50000000000,9.91874794300,53.59156099700
"02","3","08","320","2018","10","04","4","3","4","2","2","0","1","0","0","0","0","1",560032.59750000003,5941402.12719999999,9.90755791300,53.61798036500
"02","3","08","320","2018","10","16","7","3","2","6","0","0","1","0","0","0","0","0",560765.65200000000,5940282.26400000043,9.91842004100,53.60783123300
"02","3","08","320","2018","10","09","4","3","3","6","0","0","1","0","0","1","0","0",560677.14989999996,5940526.08600000013,9.91713007900,53.61003280400
"02","3","07","319","2018","06","19","7","3","0","7","0","0","0","0","1","0","1","1",560120.75329999998,5942058.33040000033,9.90901715500,53.62386778600
"02","3","08","320","2018","09","14","5","3","2","6","0","0","1","0","0","1","0","0",560117.27139999997,5941385.24729999993,9.90883455700,53.61781894700
"02","3","09","321","2018","11","06","6","3","4","2","2","0","1","0","1","0","0","0",561157.94830000005,5938872.11620000005,9.92407174900,53.59511210000
"02","3","08","320","2018","07","21","4","3","5","3","2","0","1","0","0","0","0","1",560031.35300000000,5941393.33700000029,9.90753740700,53.61790150700
"02","3","08","320","2018","11","19","7","3","3","6","2","0","1","0","0","1","0","0",560673.28099999996,5940537.65940000024,9.91707386300,53.61013726700
"02","3","09","321","2018","08","08","4","3","4","3","0","0","1","0","0","0","0","0",561158.29720000003,5938871.70399999991,9.92407693900,53.59510835500
"02","3","08","320","2018","08","04","3","3","3","6","2","0","1","0","0","1","0","0",560643.17900000000,5940671.73529999983,9.91664503500,53.61134573900
"02","3","09","321","2018","11","13","4","3","4","6","0","1","0","0","0","0","0","0",561566.79729999998,5938451.05470000021,9.93016527800,53.59128001400
"02","3","08","320","2018","05","12","7","3","5","3","0","0","1","0","0","0","0","0",560030.28899999999,5941385.82100000046,9.90751987500,53.61783408000
"02","3","08","320","2018","12","19","7","3","3","6","2","0","1","0","0","1","0","0",560781.83450000000,5940227.54110000003,9.91865391600,53.60733754200
"02","3","09","321","2018","09","20","2","3","3","6","2","0","1","0","0","1","0","1",561417.76710000006,5938629.68819999974,9.92794919700,53.59290293700
"02","3","08","320","2018","05","14","6","3","0","6","0","0","0","0","1","0","0","0",560612.17000000004,5940746.61670000013,9.91619095700,53.61202231300
"02","3","09","321","2018","05","12","6","3","3","6","0","0","1","0","0","1","0","0",561068.16669999994,5938864.77929999959,9.92271394200,53.59505662800
"02","3","08","320","2018","12","17","4","2","2","6","2","0","1","0","0","0","0","0",560654.10210000002,5940588.09150000010,9.91679383400,53.61059273800
"02","3","09","321","2018","01","14","4","3","5","3","0","0","1","0","0","0","0","0",561153.90740000003,5938535.12789999973,9.92394462100,53.59208393600
"02","3","08","320","2018","01","12","6","3","2","6","0","0","1","0","0","0","0","1",559769.43169999996,5940354.98969999980,9.90337906100,53.60859943800
"02","3","08","320","2018","01","18","5","3","5","3","2","0","1","0","0","0","0","1",558118.81339999998,5941461.89470000006,9.87864075600,53.61873338400
"02","3","08","320","2018","01","17","4","3","1","6","2","0","1","0","0","0","0","1",560093.90680000000,5938471.12600000016,9.90791948600,53.59163130400
"02","3","08","320","2018","02","13","2","3","5","3","0","0","1","0","0","0","1","1",558247.16700000002,5941019.76860000007,9.88049826500,53.61474554600
"02","3","08","320","2018","02","10","7","3","6","2","0","0","1","1","0","0","0","1",559720.61979999999,5940300.92989999987,9.90263103800,53.60811914800
"02","3","08","320","2018","02","08","2","3","1","5","0","0","1","0","0","0","0","1",558677.77379999997,5941642.21690000035,9.88712399700,53.62029168800
"02","3","09","321","2018","01","08","5","3","3","6","0","0","1","0","0","1","0","0",561418.42379999999,5938628.93329999968,9.92795896900,53.59289607500
"02","3","08","320","2018","02","11","4","3","5","2","0","1","1","0","0","0","0","0",559782.08620000002,5940368.41760000028,9.90357287600,53.60871867600
"02","3","08","320","2018","02","21","5","3","6","4","2","0","1","1","0","0","0","0",559962.88569999998,5941026.60180000030,9.90643187200,53.61461336500
"02","3","08","320","2018","02","09","4","2","5","3","0","1","1","0","0","0","0","0",559493.05870000005,5941700.03180000000,9.89945932700,53.62071931200
"02","3","08","320","2018","02","02","4","3","8","7","2","0","1","0","0","0","0","2",560125.05099999998,5938483.17289999966,9.90839228100,53.59173600300
"02","3","08","320","2018","02","12","3","3","5","2","0","1","1","0","0","0","0","1",559843.11309999996,5938609.61799999978,9.90415750100,53.59290467600
"02","3","09","321","2018","02","17","7","3","2","6","1","0","1","0","0","0","0","0",560655.46799999999,5939413.90990000032,9.91658594700,53.60003978600
"02","3","08","320","2018","02","23","6","3","3","6","2","0","1","0","0","0","0","1",559857.55359999998,5940463.84979999997,9.90473170100,53.60956774600
"02","3","07","319","2018","02","06","6","3","2","6","2","1","1","0","0","0","0","2",558918.74690000003,5942045.66349999979,9.89084303400,53.62389057000
"02","3","08","320","2018","02","15","2","3","5","2","0","0","1","0","0","0","0","1",560001.26540000003,5941216.03610000014,9.90704845400,53.61631148600
"02","3","08","320","2018","03","05","2","3","3","6","1","0","1","0","0","0","0","2",559924.61580000003,5938506.20270000026,9.90536887000,53.59196593000
"02","3","08","320","2018","02","14","3","3","5","2","0","0","1","0","0","0","0","1",560083.27899999998,5940090.51539999992,9.90807102600,53.60618661000
"02","3","08","320","2018","02","10","3","3","6","4","0","0","1","1","0","0","0","0",559722.22210000001,5940302.82089999970,9.90265561400,53.60813596000
"02","3","09","321","2018","02","10","3","3","0","7","0","0","0","0","1","0","0","1",560678.90819999995,5939392.44159999955,9.91693593200,53.59984412900
"02","3","08","320","2018","03","15","6","3","1","6","0","0","1","0","0","0","0","0",559694.94970000000,5940128.42030000035,9.90221005900,53.60657166100
"02","3","08","320","2018","04","05","3","3","1","5","2","0","1","0","0","0","0","1",559267.01390000002,5941536.31610000040,9.89601111600,53.61927356500
"02","3","08","320","2018","03","16","7","3","2","6","0","0","1","0","0","0","0","1",560543.30339999998,5939520.69539999962,9.91491196600,53.60101247700
"02","3","09","321","2018","03","13","5","3","2","7","0","0","1","0","0","0","1","0",560658.87100000004,5939410.71549999993,9.91663674200,53.60001068300
"02","3","09","321","2018","04","16","5","3","5","2","0","0","1","0","1","0","0","0",560868.09340000001,5939222.72800000012,9.91976122400,53.59829691400
"02","3","08","320","2018","04","20","5","3","0","7","2","1","0","0","0","0","0","0",559988.20539999998,5941214.19840000011,9.90685069700,53.61629646600
"02","3","09","321","2018","04","15","3","3","5","7","0","0","1","0","0","0","0","0",561076.92559999996,5938493.76099999994,9.92277360600,53.59172113100
"02","3","08","320","2018","05","12","4","3","0","4","0","0","0","1","0","0","1","0",558689.89229999995,5941622.34379999992,9.88730344100,53.62011172300
"02","3","09","321","2018","05","07","3","3","5","3","0","1","1","0","0","0","0","0",560962.94559999998,5939120.87530000042,9.92117439100,53.59737050300
"02","3","08","320","2018","05","13","4","3","6","4","0","0","1","1","0","0","0","0",559709.49439999997,5940369.76310000010,9.90247609900,53.60873904700
"02","3","08","320","2018","05","15","3","3","5","3","0","1","1","0","0","0","0","0",560282.54550000001,5939669.48929999955,9.91100079600,53.60237980300
"02","3","09","321","2018","05","08","2","3","5","3","0","0","1","0","0","0","0","0",561539.05149999994,5939102.97300000023,9.92987479300,53.59714228600
"02","3","08","320","2018","05","17","5","3","6","7","0","1","0","1","0","0","0","0",560439.42299999995,5939615.97109999973,9.91336084900,53.60188074500
"02","3","08","320","2018","05","18","7","2","0","3","0","0","1","0","1","0","0","0",559125.30000000005,5941001.20999999996,9.89376735200,53.61448037000
"02","3","08","320","2018","05","19","4","3","2","6","0","1","1","0","0","0","0","0",559872.29989999998,5938056.08540000021,9.90449217100,53.58792651700
"02","3","09","321","2018","05","12","3","2","5","3","0","0","1","0","0","0","1","0",561490.05169999995,5939994.37310000043,9.92931033200,53.60515934900
"02","3","08","320","2018","06","21","7","3","0","7","1","0","1","0","0","0","0","0",560298.82490000001,5941304.09800000023,9.91156313300,53.61706875900
"02","3","08","320","2018","05","13","6","3","5","3","0","0","1","0","1","0","0","0",558714.75289999996,5941581.59289999958,9.88767156300,53.61974269100
"02","3","08","320","2018","05","18","4","3","4","2","0","1","1","0","0","0","0","0",558710.84219999996,5941587.98759999964,9.88761365300,53.61980060100
"02","3","09","321","2018","05","16","4","3","5","3","0","0","1","0","0","0","0","0",561018.42850000004,5938461.59709999990,9.92188364300,53.59143887400
"02","3","09","321","2018","05","09","3","3","5","3","0","1","1","0","0","0","0","0",560961.92530000000,5939122.08069999982,9.92115921200,53.59738145500
"02","3","08","320","2018","05","19","5","3","3","7","0","0","1","0","0","0","0","0",559951.90229999996,5940969.77680000011,9.90625492600,53.61410391500
"02","3","08","320","2018","05","09","5","3","5","2","0","1","1","0","0","0","0","0",560553.96640000003,5939510.74230000004,9.91507114600,53.60092179200
"02","3","08","320","2018","05","12","2","3","5","3","0","1","1","0","0","0","0","0",559936.39899999998,5940889.57100000046,9.90600517100,53.61338484900
"02","3","07","319","2018","06","01","7","3","5","3","2","0","1","0","0","0","0","0",559257.70349999995,5942183.23880000040,9.89599351100,53.62508876300
"02","3","08","320","2018","06","07","6","3","4","7","0","0","1","0","0","0","1","0",559848.95460000006,5938513.83019999973,9.90422736600,53.59204312500
"02","3","09","321","2018","06","08","5","3","3","2","0","1","1","0","0","0","0","0",561803.61829999997,5938591.23099999968,9.93377047900,53.59251196200
"02","3","08","320","2018","06","17","4","3","2","6","0","0","1","0","0","0","0","0",560548.35279999999,5940574.41409999970,9.91519298700,53.61048204700
"02","3","06","318","2018","06","08","4","3","8","1","0","0","1","0","0","0","0","0",561696.72750000004,5941150.08210000023,9.93266227100,53.61552177400
"02","3","08","320","2018","06","23","4","3","4","2","2","0","1","0","0","0","0","0",560005.32369999995,5941211.93180000037,9.90710900500,53.61627413500
"02","3","09","321","2018","06","12","2","3","5","3","0","1","1","0","0","0","0","0",560960.67020000005,5939123.56350000016,9.92114053900,53.59739492800
"02","3","08","320","2018","06","07","4","3","5","3","0","1","1","0","0","0","0","0",560341.49930000002,5942009.42810000014,9.91234486000,53.62340289300
"02","3","08","320","2018","06","13","1","3","2","6","0","1","1","0","0","0","0","0",560323.98999999999,5940624.84549999982,9.91181196400,53.61096117500
"02","3","09","321","2018","06","09","3","3","2","6","0","0","1","0","0","0","0","0",560147.15110000002,5938461.45789999980,9.90872194400,53.59153830700
"02","3","08","320","2018","07","18","6","3","2","2","0","1","1","0","0","0","0","0",560059.35840000003,5939655.51630000025,9.90762572500,53.60227984800
"02","3","08","320","2018","06","12","7","3","0","5","0","0","1","0","0","0","1","0",559569.64049999998,5941566.98629999999,9.90059153600,53.61951487600
"02","3","08","320","2018","07","13","3","3","6","2","0","0","1","1","0","0","0","0",559763.50500000000,5940256.56869999971,9.90327061700,53.60771556700
"02","3","08","320","2018","06","06","6","3","0","6","0","1","0","0","0","0","1","0",559854.49439999997,5939965.70249999966,9.90458978400,53.60509105200
"02","3","09","321","2018","06","12","4","3","2","7","0","1","1","0","0","0","0","0",561271.25360000005,5939425.32019999996,9.92589221200,53.60007070600
"02","3","08","320","2018","07","18","4","3","4","2","0","0","1","0","0","0","0","1",559085.52800000005,5941046.12490000017,9.89317473900,53.61488852600
"02","3","09","321","2018","07","09","6","3","3","6","0","0","1","0","0","0","0","0",561001.65720000002,5939075.14350000024,9.92175030800,53.59695499100
"02","3","09","321","2018","08","08","4","3","1","5","0","1","1","0","0","0","0","0",560829.28170000005,5939653.94299999997,9.91925897500,53.60217690600
"02","3","08","320","2018","07","15","5","3","5","7","0","0","1","0","0","0","0","0",559897.29760000005,5938350.82510000002,9.90492635300,53.59057261000
"02","3","08","320","2018","08","07","4","3","5","2","0","1","0","0","0","0","1","0",559840.17980000004,5938587.69759999961,9.90410898200,53.59270800300
"02","3","09","321","2018","07","19","4","3","5","3","0","1","1","0","0","0","0","0",560885.37529999996,5939220.14599999972,9.92002182400,53.59827170200
"02","3","08","320","2018","07","09","4","3","0","7","0","0","0","0","0","1","0","0",560597.28830000001,5939470.30489999987,9.91571785900,53.60055335900
"02","3","08","320","2018","08","06","6","3","3","6","0","0","1","0","0","0","0","0",559937.41359999997,5940167.99810000043,9.90588169000,53.60689968300
"02","3","08","320","2018","08","15","3","3","5","3","0","1","1","0","0","0","0","0",559867.80929999996,5940382.30370000005,9.90487102400,53.60883368800
"02","3","08","320","2018","07","21","3","3","2","2","1","1","1","0","0","0","0","0",559940.42740000004,5940170.09920000006,9.90592763700,53.60691822200