ULAND,UREGBEZ,UKREIS,UGEMEINDE,UJAHR,UMONAT,USTUNDE,UWOCHENTAG,UKATEGORIE,UART,UTYP1,ULICHTVERH,IstRad,IstPKW,IstFuss,IstKrad,IstGkfz,IstSonstig,STRZUSTAND,LINREFX,LINREFY,XGCSWGS84,YGCSWGS84
"02","3","08","320","2018","08","03","6","2","5","3","2","0","1","0","0","0","1","0",560112.20990000002,5938467.74980000034,9.90819532700,53.59159886200
"02","3","08","320","2018","09","08","3","3","5","3","0","1","1","0","0","0","0","0",559805.50109999999,5938905.71329999994,9.90364609000,53.59557009800
"02","3","09","321","2018","08","21","5","3","5","3","2","1","1","0","0","0","0","0",561298.03650000005,5939285.73350000009,9.92626943500,53.59881306000
"02","3","08","320","2018","08","14","5","3","1","5","0","1","1","0","0","0","0","0",558702.82290000003,5941124.48249999993,9.88740505700,53.61563578800
"02","3","08","320","2018","09","22","6","3","5","3","2","0","1","0","0","0","0","0",560122.69110000005,5938474.09779999964,9.90835488200,53.59165471200
"02","3","08","320","2018","08","08","4","3","1","5","0","0","1","0","0","1","1","0",560057.93920000002,5940728.81080000009,9.90781113900,53.61192611700
"02","3","08","320","2018","09","21","7","2","6","4","2","0","1","1","0","0","0","0",559631.07169999997,5940520.37409999967,9.90131977000,53.61010157900
"02","3","09","321","2018","09","16","5","3","2","6","0","0","1","0","0","0","0","0",561625.09320000000,5938573.63690000027,9.93107011800,53.59237485400
"02","3","09","321","2018","09","18","2","3","5","2","1","1","0","0","0","0","1","1",560730.50910000002,5939347.50850000046,9.91770682400,53.59943432200
"02","3","08","320","2018","09","17","4","3","5","3","0","1","1","0","0","0","0","0",558788.86109999998,5941460.70959999971,9.88876898800,53.61864795000
"02","3","08","320","2018","09","15","1","3","5","3","0","0","1","0","0","0","0","1",559964.19449999998,5939605.74920000043,9.90617821900,53.60184346900
"02","3","08","320","2018","09","15","7","3","3","6","0","0","1","0","1","0","0","0",559996.31090000004,5941213.19189999998,9.90697301900,53.61628649200
"02","3","09","321","2018","10","14","3","3","5","3","0","0","1","0","1","0","1","0",561173.55409999995,5938491.67480000015,9.92423288900,53.59169111500
"02","3","08","320","2018","10","07","3","3","0","2","0","0","0","0","0","1","1","0",560028.77309999999,5938483.73890000023,9.90693798700,53.59175212300
"02","3","08","320","2018","09","12","1","3","4","2","0","0","1","0","0","0","0","0",560198.03289999999,5939646.73539999966,9.90971940800,53.60218502000
"02","3","08","320","2018","10","06","5","3","2","6","2","0","1","0","0","0","0","1",559874.84190000000,5940359.83179999981,9.90497298500,53.60863092100
"02","3","09","321","2018","10","14","7","3","3","2","0","1","1","0","0","0","0","0",560726.12150000001,5939351.52379999962,9.91764131400,53.59947091800
"02","3","08","320","2018","10","06","2","3","3","2","2","1","1","0","0","0","0","0",559963.14390000002,5941027.93809999991,9.90643603100,53.61462534500
"02","3","09","321","2018","11","08","6","3","5","3","0","1","1","0","0","0","0","0",560005.99459999998,5939211.95949999988,9.90673401600,53.59829954200
"02","3","09","321","2018","10","11","2","3","5","3","0","1","1","0","0","0","0","0",561782.95860000001,5939079.98869999964,9.93355521700,53.59690702600
"02","3","08","320","2018","10","23","6","3","2","2","2","0","1","0","0","0","0","0",559872.56480000005,5938794.13379999995,9.90463784300,53.59455963200
"02","3","08","320","2018","11","07","5","3","6","2","1","0","1","1","0","0","0","1",559938.11470000003,5940516.89560000040,9.90595940000,53.61003527800
"02","3","08","320","2018","11","17","6","3","5","3","2","1","1","0","0","0","0","0",558245.59250000003,5941015.26699999999,9.88047362500,53.61470526300
"02","3","08","320","2018","11","05","2","3","5","3","2","1","1","0","0","0","0","0",559881.68090000004,5938880.28820000030,9.90479210700,53.59533289500
"02","3","09","321","2018","11","17","6","3","1","1","1","0","1","0","0","0","0","0",561248.84409999999,5938798.92300000042,9.92543057500,53.59444367400
"02","3","08","320","2018","11","12","2","3","2","3","0","0","1","0","0","0","1","1",559809.70039999997,5940368.52780000027,9.90399021300,53.60871651500
"02","3","09","321","2018","11","06","2","3","6","2","2","0","1","1","0","0","0","1",560706.93420000002,5939368.55379999988,9.91735472900,53.59962619500
"02","3","08","320","2018","11","15","6","3","3","2","0","1","1","0","0","0","0","1",560112.96400000004,5940061.75270000007,9.90851406100,53.60592470400
"02","3","09","321","2018","11","15","6","3","5","2","0","1","1","0","0","0","0","0",559952.17680000002,5939034.89460000023,9.90588685600,53.59671434700
"02","3","08","320","2018","11","07","5","3","6","7","1","0","1","1","0","0","0","1",559939.66920000000,5940505.79879999999,9.90598075800,53.60993536900
"02","3","08","320","2018","11","19","7","3","2","6","2","0","1","0","0","0","0","0",559818.89709999994,5938527.83750000037,9.90377599100,53.59217244500
"02","3","09","321","2018","12","14","7","3","3","7","0","0","1","0","0","0","0","1",561031.96210000000,5938475.39809999987,9.92209078400,53.59156133300
"02","3","09","321","2018","12","06","3","3","4","2","1","1","1","0","0","0","0","1",561812.32250000001,5938602.12939999998,9.93390412900,53.59260888300
"02","3","08","320","2018","12","09","4","3","2","6","0","0","0","0","0","1","1","0",559882.53220000002,5938018.33660000004,9.90463948300,53.58758608400
"02","3","09","321","2018","12","16","5","3","4","2","2","1","1","0","0","0","0","1",561812.31869999995,5938602.12860000040,9.93390407100,53.59260887600
"02","3","09","321","2018","12","09","5","3","6","2","0","0","1","1","0","0","0","1",561497.24490000005,5938559.95370000042,9.92913608800,53.59226689100
"02","3","08","320","2018","12","12","7","3","5","3","0","0","1","0","0","0","0","1",559946.32149999996,5940940.90479999967,9.90616502000,53.61384507000
"02","3","09","321","2018","12","07","3","3","6","4","0","0","0","1","0","0","1","0",561187.63569999998,5939654.59119999968,9.92467381600,53.60214101300
"02","3","08","320","2018","12","18","3","3","0","6","2","0","1","0","0","0","1","0",559918.44819999998,5940251.27060000040,9.90561110200,53.60765025400
"02","3","08","320","2018","12","15","2","3","5","3","0","0","1","0","0","0","0","1",560001.30900000001,5939212.59300000034,9.90666334500,53.59830577200
"02","3","08","320","2018","12","17","6","3","6","4","2","0","0","1","1","0","0","1",560255.27969999996,5939651.59020000044,9.91058534700,53.60222207300
"02","3","09","321","2018","12","17","1","3","1","6","2","0","1","0","0","0","0","1",560660.61120000004,5939409.08200000040,9.91666271800,53.59999580100
"02","3","08","320","2018","12","12","7","3","5","3","0","0","1","0","0","0","0","0",559881.34230000002,5938021.71169999987,9.90462215800,53.58761655300
"02","3","09","321","2018","12","23","7","3","5","2","2","0","1","0","0","0","0","1",561470.64130000002,5938557.04760000017,9.92873363100,53.59224389300
"02","3","09","321","2018","12","13","6","3","3","7","0","0","1","0","0","0","0","0",560843.15280000004,5939194.62899999972,9.91937892300,53.59804727400
"02","3","04","316","2018","03","14","1","2","2","7","0","0","1","0","0","0","0","0",563889.49439999997,5937334.40299999993,9.96502309100,53.58096646000
"02","3","04","316","2018","03","19","7","3","2","6","2","0","1","0","0","0","0","0",563802.95140000002,5937167.04739999957,9.96368189000,53.57947292400
"02","3","04","316","2018","01","18","5","3","1","2","2","0","1","0","0","0","0","0",563795.65540000005,5937150.31060000043,9.96356828700,53.57932339300
"02","3","04","316","2018","01","17","3","3","2","6","2","0","1","0","0","0","0","0",563882.34199999995,5937326.02300000004,9.96491335900,53.58089201800
"02","3","04","316","2018","02","18","6","3","6","4","2","0","1","1","0","0","0","0",564129.71840000001,5937854.33169999998,9.96875784900,53.58560987500
"02","3","04","316","2018","04","06","4","3","4","2","0","0","1","0","1","0","0","0",564183.34820000001,5937674.95980000030,9.96953097000,53.58399125300
"02","3","04","316","2018","04","14","5","3","5","2","0","1","1","0","0","0","0","1",563793.33299999998,5937145.04509999976,9.96353213900,53.57927635300
"02","3","04","316","2018","03","09","5","3","0","6","0","0","1","0","0","0","0","0",564180.77819999994,5937698.66550000012,9.96949703000,53.58420461700
"02","3","01","305","2018","08","09","5","3","5","3","0","1","0","0","0","0","0","0",563698.18689999997,5936981.07220000029,9.96206181800,53.57781424600
"02","3","04","316","2018","11","03","1","3","2","6","2","0","1","0","0","0","0","0",563798.78070000000,5937157.68910000008,9.96361699200,53.57938932600
"02","3","04","316","2018","11","14","4","3","2","6","0","0","1","0","0","0","0","0",563841.87309999997,5937258.15220000036,9.96428830700,53.58028697200
"02","3","04","316","2018","06","10","2","3","2","6","0","0","1","0","0","0","0","0",564127.97199999995,5937862.10599999968,9.96873306900,53.58567995900
"02","3","04","316","2018","12","08","4","3","4","2","0","1","1","0","0","0","0","0",563703.15749999997,5936990.06140000001,9.96213871400,53.57789443100
"02","3","04","316","2018","07","09","3","3","3","2","0","1","1","0","0","0","0","1",563792.94570000004,5937144.29370000027,9.96352613600,53.57926964700
"02","3","04","316","2018","07","22","2","2","4","2","2","0","1","0","1","0","0","0",564184.49970000004,5937675.35149999987,9.96954844200,53.58399463200
"02","3","04","316","2018","10","16","6","3","7","1","0","1","0","0","0","0","0","0",564130.30279999995,5937851.73049999960,9.96876614100,53.58558642600
"02","3","04","316","2018","09","22","6","2","6","7","2","1","0","1","0","0","0","0",563840.40090000001,5937254.23859999981,9.96426527400,53.58025197900
"02","4","01","402","2018","08","21","5","3","4","6","2","1","0","0","1","0","0","0",564232.55000000005,5937693.62689999957,9.97027792000,53.58415299500
"02","3","04","316","2018","11","11","6","3","0","3","0","1","0","0","0","0","1","0",564176.80379999999,5937707.66559999995,9.96943885400,53.58428598900
"02","3","04","316","2018","06","05","5","3","5","3","0","1","0","0","0","0","0","0",564161.92090000003,5937686.15950000007,9.96920965000,53.58409453000
"02","3","04","316","2018","11","15","6","3","0","3","0","1","1","0","0","0","0","0",564007.51289999997,5937514.70619999990,9.96684241000,53.58257250300
"02","3","04","316","2018","08","16","2","2","2","7","0","0","1","0","1","0","0","0",563916.40319999994,5937365.79750000034,9.96543590300,53.58124533200
"02","3","04","316","2018","05","08","4","3","3","7","0","0","1","0","0","0","1","0",564126.00749999995,5937870.86980000045,9.96870519900,53.58575896100
"02","3","05","317","2018","10","14","4","3","3","2","0","1","1","0","0","0","0","0",564114.33999999997,5937922.64250000007,9.96853961300,53.58622568300
"02","4","01","402","2018","11","07","6","3","5","2","0","1","1","0","0","0","0","0",564211.39870000002,5937684.82870000042,9.96995665500,53.58407651300
"02","3","04","316","2018","11","08","5","3","5","2","0","1","1","0","0","0","0","1",563799.24849999999,5937158.79349999968,9.96362428200,53.57939919400
"02","3","04","316","2018","10","16","2","3","6","2","0","0","0","1","0","0","1","0",564180.27509999997,5937699.80470000021,9.96948966600,53.58421491600
"02","3","04","316","2018","08","13","7","3","6","4","0","0","1","1","1","0","0","0",563962.19750000001,5937423.52039999980,9.96613933300,53.58175852000
"02","3","04","316","2018","05","20","2","3","0","4","0","0","0","1","0","0","1","0",564143.59510000004,5937794.86409999989,9.96895521600,53.58507372800
"02","3","04","316","2018","01","22","3","3","6","2","2","0","1","1","0","0","0","0",563751.63699999999,5937349.40149999969,9.96294420200,53.58111803100
"02","3","04","316","2018","01","12","6","3","5","2","0","1","1","0","0","0","0","1",563889.99329999997,5937111.73840000015,9.96498504800,53.57896525100
"02","3","05","317","2018","02","14","3","2","5","3","0","1","0","0","0","0","1","2",564108.78630000004,5937914.45490000024,9.96845404700,53.58615277800
"02","3","04","316","2018","03","22","6","3","5","3","2","1","0","0","0","0","1","0",563836.56070000003,5937277.60730000027,9.96421205900,53.58046246700
"02","3","04","316","2018","02","14","5","3","2","6","0","0","1","0","0","0","0","1",564257.72300000000,5937579.73359999992,9.97063466300,53.58312632200
"02","3","04","315","2018","03","08","5","3","1","5","0","1","1","0","0","0","0","1",564072.33739999996,5936961.79250000045,9.96770793700,53.57759540400
"02","3","04","316","2018","04","08","6","3","5","3","0","1","1","0","0","0","0","0",563402.43200000003,5937275.16569999978,9.95765532500,53.58049318500
"02","3","04","315","2018","04","20","6","3","5","3","2","0","1","0","1","0","0","1",564057.47829999996,5937216.84960000031,9.96753589200,53.57988948600
"02","3","04","316","2018","04","17","1","3","5","2","0","0","1","0","1","0","0","0",564246.03639999998,5937597.16480000038,9.97046175000,53.58328441300
"02","3","04","316","2018","05","12","2","3","3","7","0","0","0","0","0","0","1","0",564240.15610000002,5937605.93460000027,9.97037474500,53.58336395000
"02","3","04","316","2018","05","22","7","3","1","5","2","1","1","0","0","0","0","0",563715.11029999994,5937179.45859999955,9.96235787400,53.57959514500
"02","3","04","316","2018","06","12","5","3","3","7","0","0","1","0","0","0","1","0",564127.97199999995,5937862.10599999968,9.96873306900,53.58567995900
"02","3","05","317","2018","07","17","2","3","5","2","0","1","1","0","0","0","0","0",564053.01690000005,5937897.22219999973,9.96760816600,53.58600471800
"02","3","04","316","2018","07","20","3","3","1","7","0","1","1","0","0","0","0","0",563780.82660000003,5937391.83129999973,9.96339370300,53.58149581100
"02","3","05","317","2018","07","10","3","2","4","6","0","0","0","0","1","0","1","1",563573.34230000002,5937585.76790000033,9.96029969500,53.58326396600
"02","3","04","316","2018","08","14","2","3","3","2","0","0","1","0","0","0","1","0",564276.62650000001,5937551.14149999991,9.97091427300,53.58286704100
"02","3","04","316","2018","08","11","3","3","3","7","0","0","1","0","0","0","1","0",564245.49809999997,5937597.96750000026,9.97045378500,53.58329169300
"02","3","04","315","2018","09","15","3","3","5","3","0","1","1","0","0","0","0","0",564247.29500000004,5937257.84829999972,9.97041090600,53.58023473400
"02","3","05","317","2018","08","14","2","3","5","3","0","0","1","0","0","0","0","1",563628.14820000005,5937620.00930000003,9.96113441200,53.58356505600
"02","3","04","316","2018","09","17","6","3","2","6","0","0","1","0","0","0","0","0",564305.09990000003,5937505.46239999961,9.97133489000,53.58245302100
"02","3","04","316","2018","09","18","3","3","2","2","0","1","1","0","0","0","0","0",563774.53070000000,5936947.79040000029,9.96320789300,53.57750585600
"02","3","04","316","2018","10","15","5","3","0","1","0","0","0","0","1","0","0","1",564030.28550000000,5937869.90749999974,9.96725922500,53.58576201000
"02","3","04","316","2018","10","13","2","3","1","5","0","1","1","0","0","0","0","1",564120.47270000004,5937404.79789999966,9.96852583400,53.58157092900
"02","3","04","316","2018","10","11","7","3","5","3","0","0","1","0","0","0","1","0",564352.10309999995,5937455.25030000042,9.97203441200,53.58199598700
"02","3","04","315","2018","11","17","3","3","3","2","2","1","1","0","0","0","0","1",564358.88800000004,5937459.20409999974,9.97213769700,53.58203068800
"02","3","04","316","2018","12","18","2","3","2","6","2","0","1","0","1","0","0","1",564104.30799999996,5937267.49660000019,9.96825350700,53.58033894200
"02","3","04","315","2018","12","19","5","3","0","4","2","1","0","1","0","0","0","1",564088.47750000004,5937179.65670000017,9.96799639900,53.57955143600
"02","3","04","316","2018","12","10","1","3","5","7","0","0","1","0","0","1","0","1",563655.91110000003,5937222.26549999975,9.96147259300,53.57998705100
"02","3","09","321","2018","03","08","6","3","1","6","0","0","1","0","0","0","0","0",562340.58530000004,5936396.12810000032,9.94144363800,53.57272026400
"02","3","01","304","2018","04","12","4","3","3","6","0","0","1","0","0","1","1","0",562128.08429999999,5936774.43499999959,9.93831028000,53.57614545100
"02","3","01","304","2018","01","17","1","3","2","6","2","0","1","0","0","0","0","0",562513.94250000000,5936409.73670000024,9.94406394700,53.57282194100
"02","3","09","321","2018","02","17","6","3","5","3","2","0","1","0","0","0","0","0",562064.20479999995,5936895.04210000020,9.93736963800,53.57723695100
"02","3","09","321","2018","06","16","6","3","3","2","0","1","1","0","0","0","0","0",562055.44609999994,5936912.02730000019,9.93724074900,53.57739063900
"02","3","01","304","2018","09","08","5","3","2","6","0","0","1","0","1","0","0","0",562449.18160000001,5936396.07660000026,9.94308336400,53.57270688600
"02","3","01","304","2018","08","18","5","3","0","7","1","0","0","0","1","0","0","0",562515.29240000003,5936387.68950000033,9.94407991600,53.57262363400
"02","3","01","304","2018","08","17","7","3","5","3","0","1","1","0","0","0","0","0",562531.06960000005,5936416.43620000035,9.94432389700,53.57288011000
"02","3","01","304","2018","06","11","7","3","2","6","0","0","1","0","0","0","1","0",562358.43570000003,5936371.14350000024,9.94170817900,53.57249359800
"02","3","09","321","2018","09","17","6","2","2","6","0","0","1","0","0","0","0","0",562099.85010000004,5936826.89599999972,9.93789436200,53.57662027900
"02","3","01","304","2018","06","16","2","3","5","3","0","1","1","0","0","0","0","0",562530.56999999995,5936416.24079999980,9.94431631500,53.57287841400
"02","3","09","321","2018","08","17","2","3","5","3","0","1","1","0","0","0","0","0",562107.06999999995,5936813.54000000004,9.93800073100,53.57649939000
"02","3","01","304","2018","05","13","3","3","5","3","0","0","1","0","0","0","1","0",562023.42310000001,5936974.03129999992,9.93676948700,53.57795167900
"02","3","09","321","2018","06","06","1","3","4","2","1","0","1","0","0","0","0","1",561962.48880000005,5937093.78469999973,9.93587307400,53.57903514700
"02","3","01","304","2018","12","18","5","3","4","6","2","1","0","0","0","0","0","1",562415.44200000004,5936396.02599999961,9.94257390700,53.57271044600
"02","3","09","321","2018","12","17","1","3","1","5","2","0","1","0","0","0","1","1",562192.56740000006,5936654.57359999977,9.93926013700,53.57506057300
"02","3","01","304","2018","09","09","2","3","0","6","0","0","0","0","1","0","1","0",562426.77810000000,5936395.79260000028,9.94274502800,53.57270700000
"02","3","09","321","2018","10","22","6","3","8","1","2","0","1","1","0","0","0","0",562083.61390000000,5936857.48570000008,9.93765526600,53.57689712200
"02","3","01","304","2018","05","14","3","3","5","1","0","1","1","0","0","0","0","0",562551.08869999996,5936406.28579999972,9.94462414100,53.57278649900
"02","3","09","321","2018","12","09","3","3","5","3","0","1","1","0","0","0","0","0",562152.27460000000,5936728.71499999985,9.93866646700,53.57573168300
"02","3","01","301","2018","01","17","6","3","6","7","2","0","1","1","0","0","0","1",562292.74719999998,5937038.64620000031,9.94084951100,53.57850047900
"02","3","01","303","2018","01","18","7","3","3","6","2","1","1","0","0","0","0","0",562617.93880000000,5937151.64879999962,9.94578303600,53.57947734800
"02","3","09","321","2018","02","19","4","3","0","5","2","1","1","0","0","0","0","0",562055.02309999999,5937388.15240000002,9.93732902000,53.58166979100
"02","3","01","304","2018","02","12","5","3","1","5","0","1","1","0","0","0","0","0",562394.17879999999,5936827.27450000029,9.94233902600,53.57658875300
"02","3","09","321","2018","02","14","2","3","3","6","0","0","1","0","0","0","0","1",562238.28780000005,5936402.08959999960,9.93990019700,53.57278598900
"02","3","09","321","2018","02","18","5","3","6","4","2","0","1","1","0","0","0","1",562157.58640000003,5938848.27199999988,9.93916891000,53.59478022200
"02","3","09","321","2018","03","09","3","3","5","3","0","0","1","0","0","0","0","0",562141.39630000002,5937459.62189999968,9.93864770900,53.58230188500
"02","3","01","301","2018","03","14","1","3","1","5","0","1","1","0","0","0","0","0",562418.03130000003,5937092.74370000046,9.94275229800,53.57897177700
"02","3","05","317","2018","03","07","6","3","4","2","0","0","1","0","0","0","0","0",562423.31819999998,5938699.91530000046,9.94315368700,53.59341531800
"02","3","09","321","2018","04","09","5","3","2","2","0","0","1","0","0","1","0","1",561986.79799999995,5936419.90620000008,9.93610638400,53.57297588800
"02","3","09","321","2018","04","15","7","3","5","3","0","1","1","0","0","0","0","1",562725.63699999999,5937539.55530000012,9.94748742900,53.58295071800
"02","3","01","301","2018","04","12","7","3","5","3","0","1","1","0","0","0","0","0",562610.38970000006,5937156.10450000037,9.94566992500,53.57951829400
"02","3","01","304","2018","04","07","2","3","5","3","0","1","0","0","0","0","0","0",562210.77800000005,5936883.17329999991,9.93958067400,53.57711291900
"02","3","05","317","2018","05","09","6","3","5","3","0","0","1","0","1","0","0","0",562329.91170000006,5939324.06309999991,9.94186738000,53.59903584200
"02","3","05","317","2018","05","08","4","3","4","2","0","1","1","0","0","0","0","0",562679.58790000004,5938380.31240000017,9.94696085700,53.59051237100
"02","3","09","321","2018","05","13","4","3","6","4","0","0","0","1","0","0","1","0",562067.35540000000,5936831.03839999996,9.93740449000,53.57666135500
"02","3","09","321","2018","05","17","3","3","3","2","0","1","1","0","0","0","0","0",561972.44900000002,5938597.05599999987,9.93632207000,53.59254438200
"02","3","01","304","2018","05","09","6","3","5","3","0","1","1","0","0","0","0","0",562338.10649999999,5936620.99450000003,9.94145110400,53.57474151100
"02","3","09","321","2018","04","12","6","3","3","6","0","1","0","0","1","0","0","0",562238.97629999998,5938661.73139999993,9.94036125800,53.59309406500
"02","3","09","321","2018","05","16","6","3","5","3","0","0","1","0","0","0","0","0",562566.90000000002,5937799.54999999981,9.94514215400,53.58530633600
"02","3","09","321","2018","05","14","3","2","6","4","0","0","1","1","0","0","0","0",562725.53460000001,5937542.55279999971,9.94748648500,53.58297767000
"02","3","01","303","2018","06","13","7","3","6","4","0","0","1","1","0","0","0","0",562697.08669999999,5937034.22099999990,9.94695472200,53.57841253100
"02","3","01","304","2018","06","16","6","3","3","2","0","1","1","0","0","0","0","0",562543.22950000002,5936713.62530000042,9.94456703500,53.57554959900
"02","3","05","317","2018","06","15","6","3","0","7","0","1","0","0","0","0","0","0",562577.06620000000,5938722.16390000004,9.94548078200,53.59359694200
"02","3","09","321","2018","06","15","5","3","5","2","0","1","0","0","0","0","1","0",561977.81660000002,5936423.87839999981,9.93597155800,53.57301264900
"02","3","01","304","2018","06","19","4","3","3","7","0","0","1","0","0","0","0","0",562263.09050000005,5936524.95019999985,9.94029920200,53.57388723700
"02","3","09","321","2018","06","15","5","3","5","3","0","1","1","0","0","0","0","1",562324.10979999998,5937683.25449999981,9.94145185700,53.58429006300
"02","3","09","321","2018","06","18","6","3","5","3","0","1","1","0","0","0","0","0",561958.65119999996,5938855.83590000030,9.93616504600,53.59487175300
"02","3","09","321","2018","07","15","4","3","2","6","0","0","1","0","0","0","0","1",561963.28280000004,5936430.30640000012,9.93575338000,53.57307213700
"02","3","05","317","2018","07","07","4","3","2","6","0","0","1","0","0","0","0","0",562706.08189999999,5938297.04299999960,9.94734432800,53.58976083500
"02","3","01","304","2018","06","08","4","3","2","6","0","0","1","0","0","0","0","0",562536.26329999999,5936727.32710000034,9.94446458700,53.57567357300
"02","3","05","317","2018","07","17","7","3","8","1","0","0","1","0","0","0","0","0",562719.44889999996,5938809.86629999988,9.94764936600,53.59436813400
"02","3","01","301","2018","07","06","5","3","0","3","0","0","1","0","1","0","0","0",562729.29390000005,5937475.77720000036,9.94752984000,53.58237708700
"02","3","01","304","2018","08","10","7","3","5","3","0","1","0","0","0","0","1","0",562328.81810000003,5936963.78610000014,9.94137928600,53.57782340000
"02","3","01","304","2018","08","09","2","3","2","6","0","0","1","0","1","0","0","1",562529.20999999996,5936734.67999999970,9.94435955200,53.57574049600
"02","3","01","303","2018","08","09","4","2","1","6","0","1","1","0","0","0","0","0",562633.08109999995,5937137.93879999965,9.94600896000,53.57935232400
"02","3","09","321","2018","08","22","2","3","4","2","2","1","1","0","0","0","0","0",562000.84539999999,5937439.48929999955,9.93652099600,53.58213758200
"02","3","09","321","2018","08","15","3","3","4","2","0","1","1","0","0","0","0","0",562011.47710000002,5936413.44149999972,9.93647774200,53.57291487100
"02","3","09","321","2018","08","08","5","3","5","3","0","1","1","0","0","0","0","0",561979.79599999997,5939221.77219999954,9.93655722500,53.59815804100
"02","3","01","303","2018","08","13","4","3","2","6","0","1","1","0","0","0","0","0",562725.11800000002,5936986.96490000002,9.94736853800,53.57798447400
"02","3","05","317","2018","09","00","1","3","0","7","2","1","0","0","0","0","0","0",562629.30420000001,5938506.34109999985,9.94622659200,53.59165103900
"02","3","01","301","2018","09","10","7","3","3","6","0","1","0","0","0","0","0","0",562716.44149999996,5937476.15380000044,9.94733580800,53.58238200900
"02","3","01","301","2018","09","11","2","3","5","5","0","1","1","0","0","0","0","0",562627.30279999995,5937164.79719999991,9.94592708700,53.57959439900
"02","3","05","317","2018","09","14","6","3","5","3","0","1","1","0","0","0","0","1",562342.81799999997,5939336.27960000001,9.94206482100,53.59914410100
"02","3","01","301","2018","09","08","1","3","1","6","0","0","1","0","0","0","0","0",562734.01220000000,5937401.27460000012,9.94758612300,53.58170694400
"02","3","09","321","2018","09","07","3","3","3","6","0","1","1","0","0","0","0","0",561957.73410000000,5937473.03149999958,9.93587655500,53.58244413200
"02","3","01","303","2018","09","23","7","3","8","5","2","0","1","0","0","0","0","0",562366.83950000000,5936922.79870000016,9.94194526600,53.57745051300
"02","3","01","301","2018","10","18","1","3","5","3","2","0","1","0","0","0","0","0",562302.74899999995,5937014.40110000037,9.94099571400,53.57828139200
"02","3","01","301","2018","10","09","3","3","6","4","0","0","1","1","0","0","0","1",562686.39630000002,5937282.62949999981,9.94684317100,53.58064633600
"02","3","09","321","2018","10","18","6","3","5","3","2","1","1","0","0","0","0","1",562725.69090000005,5937537.97829999961,9.94748792600,53.58293653900
"02","3","01","301","2018","10","17","6","2","5","3","0","1","1","0","0","0","0","0",562339.13219999999,5936970.61079999991,9.94153640400,53.57788351000
"02","3","09","321","2018","10","14","4","3","5","3","0","0","1","0","0","0","0","0",562152.21349999995,5939300.35190000013,9.93917785200,53.59884384500
"02","3","09","321","2018","11","16","3","3","2","6","1","0","1","0","0","0","0","0",562245.14989999996,5938445.39859999996,9.94041134700,53.59114908000
"02","3","01","301","2018","11","10","4","3","0","7","0","0","0","0","1","0","0","0",562444.93000000005,5937387.19560000021,9.94321742200,53.58161491200
"02","3","01","301","2018","11","08","3","3","6","4","0","0","1","1","0","0","0","0",562696.18059999996,5937280.26090000011,9.94699045900,53.58062387900
"02","3","09","321","2018","11","14","7","3","6","7","0","0","1","1","0","0","0","1",562649.59589999996,5937551.77120000031,9.94634143300,53.58306959600
"02","3","09","321","2018","11","15","1","3","5","3","0","1","1","0","0","0","0","0",562133.96970000002,5937316.59979999997,9.93850707200,53.58101737600
"02","3","05","317","2018","11","12","5","3","3","6","0","0","1","0","0","1","0","0",562566.25760000001,5938709.21810000017,9.94531490100,53.59348188400
"02","3","05","317","2018","04","20","4","3","6","3","0","1","0","1","0","0","0","0",563907.39619999996,5939173.95820000023,9.96567030700,53.59749683900
"02","3","05","317","2018","03","10","3","3","3","6","0","0","1","0","0","0","0","0",563785.81059999997,5939436.69099999964,9.96388713100,53.59987289500
"02","3","05","317","2018","04","14","2","3","3","2","0","0","1","0","0","0","1","0",563663.25150000001,5939800.09700000007,9.96210960900,53.60315381700
"02","3","05","317","2018","03","07","5","3","3","2","0","0","1","0","0","1","0","1",563792.81279999996,5939426.28160000034,9.96399079700,53.59977849100
"02","3","05","317","2018","04","18","2","3","5","3","0","1","1","0","0","0","0","0",563784.99219999998,5939437.90780000016,9.96387501500,53.59988393000
"02","3","05","317","2018","03","10","4","3","0","2","0","1","0","0","1","0","0","1",563974.18629999994,5938794.54970000032,9.96660154000,53.59407885400
"02","3","05","317","2018","05","05","3","3","3","2","0","1","1","0","0","0","0","0",564111.16489999997,5937936.51200000010,9.96849450600,53.58635072000
"02","3","05","317","2018","09","15","4","3","0","7","0","1","0","0","0","0","0","0",563953.00249999994,5938955.80300000031,9.96631458800,53.59553066200
"02","3","05","317","2018","08","09","2","3","5","3","0","1","1","0","0","0","0","0",564012.13199999998,5938551.51900000032,9.96712490000,53.59189004400
"02","3","05","317","2018","07","11","5","3","0","6","0","1","0","1","0","0","0","0",563769.41130000004,5939461.05329999980,9.96364433800,53.60009384000
"02","3","05","317","2018","09","17","6","2","6","4","0","0","1","1","0","0","0","0",564071.22979999997,5938190.45230000000,9.96794347300,53.58863782700
"02","3","05","317","2018","06","14","4","3","5","2","0","1","1","0","0","0","0","0",563658.75549999997,5939819.37530000042,9.96204561200,53.60332762200
"02","3","05","317","2018","12","00","1","3","6","4","2","1","0","1","0","0","0","1",564070.19960000005,5938197.88929999992,9.96792943900,53.58870479100
"02","3","05","317","2018","11","21","5","3","5","3","2","0","1","0","0","0","0","0",563675.65130000003,5939743.53980000038,9.96228541800,53.60264401700
"02","3","05","317","2018","09","15","4","3","5","3","0","1","0","0","0","0","0","0",563973.20950000000,5938801.54980000015,9.96658821900,53.59414188400