ULAND,UREGBEZ,UKREIS,UGEMEINDE,UJAHR,UMONAT,USTUNDE,UWOCHENTAG,UKATEGORIE,UART,UTYP1,ULICHTVERH,IstRad,IstPKW,IstFuss,IstKrad,IstGkfz,IstSonstig,STRZUSTAND,LINREFX,LINREFY,XGCSWGS84,YGCSWGS84
"02","3","07","319","2018","01","00","5","3","9","7","2","0","0","0","0","1","0","0",560233.15689999994,5943046.39719999954,9.91090767700,53.63273496200
"02","3","07","319","2018","04","11","3","3","0","3","0","0","1","0","0","0","1","0",560200.18999999994,5943725.75200000033,9.91054065700,53.63884434000
"02","3","07","319","2018","04","12","7","3","2","6","0","0","1","0","0","0","0","0",561142.46219999995,5943541.33569999970,9.92475444700,53.63707770300
"02","3","07","319","2018","03","12","5","3","0","4","0","0","1","1","0","0","0","1",559999.59660000005,5944668.25059999991,9.90768892500,53.64733791800
"02","3","07","319","2018","06","14","5","3","0","3","0","1","1","0","0","0","0","1",560195.35800000001,5943749.06099999975,9.91047209300,53.63905438200
"02","3","07","319","2018","12","08","2","2","2","2","0","0","1","0","0","0","0","1",560239.44649999996,5943539.94959999993,9.91109835200,53.63716995600
"02","3","07","319","2018","07","17","7","3","5","3","0","0","1","0","0","0","0","0",560250.80440000002,5943260.00850000046,9.91121589200,53.63465272600
"02","3","07","319","2018","09","11","1","3","2","6","0","0","1","0","0","0","0","0",560140.20719999995,5942220.34920000006,9.90934255700,53.62532167200
"02","3","07","319","2018","12","22","6","2","6","2","2","0","1","1","0","0","0","0",560167.85259999998,5942456.20899999980,9.90980610100,53.62743824900
"02","3","07","319","2018","10","11","7","3","5","3","0","1","1","0","0","0","0","0",560190.66769999999,5942648.89520000014,9.91018831000,53.62916736400
"02","3","07","319","2018","06","18","3","3","2","6","0","0","1","0","0","0","0","0",561157.17700000003,5943514.23369999975,9.92497164200,53.63683241000
"02","3","07","319","2018","07","16","2","3","5","2","0","0","1","0","1","0","0","0",559960.75589999999,5944854.37490000017,9.90713731700,53.64901513000
"02","3","07","319","2018","08","13","7","3","2","6","0","0","1","0","0","0","0","1",560975.98190000001,5942657.51590000000,9.92206364500,53.62915396600
"02","3","07","319","2018","11","08","6","3","5","3","0","0","1","0","0","1","0","0",560195.42520000006,5943748.74600000028,9.91047304900,53.63905154300
"02","3","07","319","2018","10","21","4","2","3","6","2","0","1","0","0","0","0","1",561126.44850000006,5943412.66260000039,9.92448699600,53.63592315000
"02","3","07","319","2018","11","06","4","3","2","6","2","0","1","0","0","1","0","0",561258.31790000002,5943775.04349999968,9.92655249400,53.63916455500
"02","3","07","319","2018","12","14","2","3","5","3","0","0","1","0","0","0","0","1",560230.16350000002,5943004.80310000014,9.91085436200,53.63236148600
"02","3","07","319","2018","12","07","5","3","2","6","1","0","1","0","0","0","1","1",561508.81469999999,5945298.08100000024,9.93064212600,53.65282311500
"02","3","07","319","2018","05","09","4","3","0","7","0","0","0","0","1","0","0","0",560232.79070000001,5943034.17420000024,9.91089977300,53.63262515200
"02","3","07","319","2018","08","11","7","3","5","6","0","0","1","0","1","0","0","0",560029.15500000003,5944521.98309999984,9.90810778600,53.64601997500
"02","3","07","319","2018","10","13","3","3","2","6","0","0","1","0","0","0","0","0",561065.70830000006,5943149.67229999974,9.92351685900,53.63356666700
"02","3","07","319","2018","05","13","4","3","4","3","0","0","1","0","0","0","0","0",561147.43270000000,5943126.53600000031,9.92474808000,53.63334919400
"02","3","07","319","2018","12","12","3","3","5","3","0","0","1","0","0","0","0","0",560138.07230000000,5944018.34109999985,9.90965782300,53.64148107500
"02","3","07","319","2018","08","07","6","3","5","3","0","0","1","0","0","0","0","1",560173.25349999999,5942503.91349999979,9.90989698100,53.62786636500
"02","3","07","319","2018","07","07","5","3","5","3","0","1","1","0","0","0","0","0",560256.43130000005,5943450.90840000007,9.91133795700,53.63636775900
"02","3","07","319","2018","01","15","2","3","5","3","0","1","1","0","0","0","0","0",559575.39610000001,5942491.62310000043,9.90085549000,53.62782427700
"02","3","07","319","2018","01","08","3","3","5","3","0","0","1","0","0","0","0","0",559783.60510000004,5943191.00189999957,9.90413781400,53.63408610900
"02","3","07","319","2018","01","07","2","3","1","5","1","1","1","0","0","0","0","1",561147.74970000004,5944854.61450000014,9.92509266700,53.64887989400
"02","3","07","319","2018","02","13","2","3","1","7","0","1","1","0","0","0","0","1",560857.19050000003,5943708.52440000046,9.92047315600,53.63861352600
"02","3","07","319","2018","02","13","4","3","5","3","0","1","1","0","0","0","0","0",560029.15969999996,5943026.01350000035,9.90781911600,53.63257520000
"02","3","07","319","2018","02","10","4","3","5","3","0","1","1","0","0","0","0","0",560549.19360000000,5943857.11720000021,9.91584424600,53.63998469900
"02","3","07","319","2018","02","18","2","3","6","2","1","0","1","1","0","0","0","1",560943.06519999995,5942958.01240000036,9.92162481000,53.63185845400
"02","3","07","319","2018","03","09","7","3","9","1","0","0","1","0","0","0","0","0",561068.39919999999,5943688.51829999965,9.92366333200,53.63840912300
"02","3","07","319","2018","03","11","6","3","0","3","0","1","1","0","0","0","0","0",561112.34230000002,5942904.92219999991,9.92417394700,53.63136158200
"02","3","07","319","2018","04","20","4","3","0","7","2","0","0","0","1","0","0","1",560046.67810000002,5943025.85390000045,9.90808397800,53.63257175600
"02","3","07","319","2018","03","15","5","3","5","3","0","0","1","0","0","0","0","0",560397.76340000005,5943195.74720000010,9.91342567100,53.63405825300
"02","3","07","319","2018","03","11","3","3","8","7","0","0","1","0","0","0","0","0",560507.66330000001,5942488.24619999994,9.91494993400,53.62768701800
"02","3","07","319","2018","03","16","3","3","4","2","0","0","1","0","0","0","0","0",560803.61219999997,5943566.21279999986,9.91963507200,53.63734075500
"02","3","07","319","2018","03","15","4","3","6","4","0","0","0","1","0","0","1","1",561206.13610000000,5945017.87399999984,9.92600800500,53.65034032300
"02","3","07","319","2018","04","07","2","3","5","3","0","1","1","0","0","0","0","0",560252.00300000003,5943078.16610000003,9.91119880000,53.63301831100
"02","3","07","319","2018","04","19","1","3","5","7","1","1","1","0","0","0","0","0",560678.55249999999,5943461.84360000025,9.91772349100,53.63641727100
"02","3","07","319","2018","04","14","6","2","1","5","0","0","1","0","0","0","0","0",560702.24569999997,5943840.59200000018,9.91815570300,53.63981845200
"02","3","07","319","2018","05","15","7","3","6","2","0","0","0","1","0","0","1","0",560945.72609999997,5942977.37110000011,9.92166883600,53.63203212700
"02","3","07","319","2018","04","05","1","3","1","5","0","0","1","0","0","1","0","0",560703.32059999998,5943837.37700000033,9.91817133100,53.63978943300
"02","3","07","319","2018","05","08","6","3","4","2","0","1","1","0","0","0","0","0",559996.82840000000,5943035.40639999975,9.90733204900,53.63266332300
"02","3","07","319","2018","06","15","3","3","2","6","0","0","1","0","0","0","1","0",561083.73640000005,5942921.72360000014,9.92374471300,53.63151592000
"02","3","07","319","2018","06","20","2","3","3","6","1","0","1","0","1","0","0","0",560498.83250000002,5943280.64759999979,9.91497048600,53.63480960800
"02","3","07","319","2018","06","10","5","3","2","6","0","0","1","0","0","0","0","0",561251.46719999996,5944042.00999999978,9.92650147000,53.64156466000
"02","3","07","319","2018","06","14","4","3","4","6","0","0","1","0","0","0","0","0",559655.23179999995,5942252.63129999954,9.90201673600,53.62566728000
"02","3","07","319","2018","08","11","5","3","3","2","0","1","1","0","0","0","0","0",560887.31999999995,5943613.95000000019,9.92091029000,53.63776005300
"02","3","07","319","2018","07","16","6","3","4","7","0","0","1","0","1","0","0","0",560801.57519999996,5943213.57650000043,9.91953534300,53.63417174100
"02","3","07","319","2018","08","09","7","3","5","3","0","1","1","0","0","0","0","0",561088.87300000002,5944318.15600000042,9.92409664300,53.64406546900
"02","3","07","319","2018","08","13","6","3","5","3","0","1","1","0","0","0","0","0",560766.94600000000,5943396.24799999967,9.91904738200,53.63581748800
"02","3","07","319","2018","08","14","6","3","5","3","0","0","1","0","0","1","0","0",561257.17920000001,5944052.53479999956,9.92658993200,53.64165858100
"02","3","07","319","2018","09","18","2","2","6","4","0","0","1","1","0","0","0","0",560739.39179999998,5943339.75760000013,9.91861967800,53.63531298900
"02","3","07","319","2018","10","16","6","3","0","6","0","0","1","0","1","0","0","0",559878.49439999997,5942974.57000000030,9.90553102200,53.63213011500
"02","3","07","319","2018","10","22","5","3","1","5","2","0","1","0","0","0","0","0",560431.25659999996,5943224.75200000033,9.91393776900,53.63431506300
"02","3","07","319","2018","10","16","5","3","1","5","0","0","1","0","0","0","0","0",560615.10389999999,5943606.13910000026,9.91679212700,53.63772145100
"02","3","07","319","2018","10","17","5","2","6","4","0","0","1","1","0","0","0","0",559843.27060000005,5942963.71399999969,9.90499632400,53.63203657600
"02","3","07","319","2018","10","11","4","2","5","3","0","1","1","0","0","0","0","0",560671.31830000004,5943326.71329999994,9.91758773900,53.63520365100
"02","3","07","319","2018","10","17","2","3","2","6","0","0","1","0","0","0","0","1",560950.67830000003,5943645.77479999978,9.92187467400,53.63803869700
"02","3","07","319","2018","10","12","3","3","3","2","0","1","1","0","0","0","0","0",560863.70059999998,5944744.99569999985,9.92077449000,53.64792784100
"02","3","07","319","2018","10","13","3","3","2","6","0","0","1","0","0","0","0","1",560916.30090000003,5943635.10670000035,9.92135270200,53.63794682200
"02","3","07","319","2018","11","18","1","3","4","2","2","0","1","0","0","0","0","0",560232.88600000006,5943056.04299999960,9.91090544800,53.63282168300
"02","3","07","319","2018","11","18","3","3","6","2","2","0","0","1","0","0","1","1",560792.87939999998,5942531.51059999969,9.91927059300,53.62804281000
"02","3","07","319","2018","11","19","1","3","6","4","2","0","1","1","0","0","0","1",560941.37540000002,5942983.26939999964,9.92160420600,53.63208564300
"02","3","07","319","2018","11","07","5","3","4","6","1","1","0","0","0","0","0","0",560295.87560000003,5942677.36930000037,9.91178453300,53.62941116400
"02","3","07","319","2018","12","16","7","3","5","3","2","0","1","0","0","0","0","1",560663.71990000003,5943433.18290000036,9.91749360000,53.63616140700
"02","3","07","319","2018","12","13","5","3","0","3","0","0","1","0","0","0","1","1",560872.92900000000,5943076.69500000030,9.92058753000,53.63293325200
"02","3","07","319","2018","12","12","3","3","5","3","0","1","1","0","0","0","0","0",560690.86129999999,5943316.12750000041,9.91788119900,53.63510624700
"02","3","07","319","2018","12","13","5","3","2","6","0","0","1","0","0","0","0","0",560387.00280000002,5943187.98309999984,9.91326144900,53.63398971600
"02","3","07","319","2018","12","09","4","2","5","3","0","1","1","0","0","0","0","2",560278.26650000003,5943750.00239999965,9.91172611600,53.63905330000
"02","3","07","319","2018","12","16","3","2","5","3","2","0","1","0","1","0","0","0",561225.66480000003,5942831.29059999995,9.92587293700,53.63068659200
"02","3","02","311","2018","01","13","1","3","5","3","0","0","1","0","0","0","0","0",564958.53599999996,5935802.21889999975,9.98084916100,53.56706503300
"02","3","02","311","2018","01","09","4","3","2","6","0","0","1","0","0","0","0","1",564952.16749999998,5935481.47059999965,9.98068632500,53.56418317400
"02","3","02","312","2018","02","20","2","3","3","3","2","0","1","0","0","0","1","1",565232.63040000002,5935454.58669999987,9.98491462100,53.56390677400
"02","3","02","311","2018","02","07","5","2","6","2","2","0","0","1","0","0","1","0",564517.04139999999,5936045.24220000021,9.97423402100,53.56930361700
"02","3","02","311","2018","02","17","7","3","0","7","0","1","1","0","0","0","0","0",564918.93180000002,5935749.95189999975,9.98024038600,53.56660019700
"02","3","02","311","2018","04","18","3","3","2","6","0","0","1","0","0","0","0","0",564949.97300000000,5935832.50069999974,9.98072618000,53.56733824300
"02","3","02","311","2018","04","14","4","3","1","5","0","1","1","0","0","0","0","0",564891.20889999997,5935974.82560000010,9.97986857000,53.56862462300
"02","3","02","311","2018","04","13","3","3","6","4","0","1","0","1","0","0","0","1",564942.91319999995,5936070.70849999972,9.98066912500,53.56947995000
"02","3","02","312","2018","05","08","5","3","1","5","0","1","1","0","0","0","0","0",565011.07400000002,5935877.58660000004,9.98165802300,53.56773587400
"02","3","02","311","2018","05","14","2","3","0","4","0","0","0","1","0","0","1","0",564977.26610000001,5935783.99289999995,9.98112814100,53.56689891200
"02","3","02","311","2018","04","15","7","3","2","6","0","1","1","0","0","0","0","0",564904.34600000002,5935943.52039999980,9.98006040500,53.56834165100
"02","3","01","309","2018","05","13","7","2","6","7","0","0","1","1","0","0","0","0",564285.12939999998,5935963.23110000044,9.97071572700,53.56859502700
"02","3","02","311","2018","05","09","2","2","0","7","0","0","0","1","0","1","0","0",565071.22120000003,5935932.10419999994,9.98257744800,53.56821838200
"02","3","01","309","2018","05","09","5","3","6","6","0","1","0","1","0","0","0","0",564269.32979999995,5935908.51219999976,9.97046592900,53.56810518800
"02","3","02","311","2018","05","18","5","3","2","6","1","0","1","0","0","0","0","0",564920.95010000002,5935752.09489999991,9.98027130200,53.56661920700
"02","3","02","311","2018","05","14","4","3","6","4","0","1","0","1","0","0","0","0",564973.55409999995,5935824.14389999956,9.98108045300,53.56726021900
"02","3","02","312","2018","06","08","5","3","0","5","0","1","0","0","0","0","1","1",565083.73510000005,5935944.09449999966,9.98276887600,53.56832459000
"02","3","02","311","2018","06","11","5","3","4","2","0","0","1","0","1","0","0","0",564738.77729999996,5935492.77830000035,9.97746729300,53.56431116800
"02","3","02","311","2018","06","12","1","3","1","6","0","0","1","0","1","0","0","0",564950.64839999995,5935830.85350000020,9.98073603400,53.56732335500
"02","3","02","311","2018","07","12","5","3","4","6","0","0","0","0","0","1","0","0",564613.13890000002,5936133.84420000017,9.97570323300,53.57008808100
"02","3","02","312","2018","07","14","6","3","3","6","0","1","1","0","0","0","0","0",565034.52029999997,5935903.69299999997,9.98201743700,53.56796759400
"02","3","02","311","2018","07","20","4","3","5","3","0","1","1","0","0","0","0","0",564796.57220000005,5936265.28309999965,9.97850003100,53.57124673400
"02","3","02","311","2018","08","16","6","3","3","2","0","1","0","0","0","0","1","0",564737.56149999995,5936278.84590000007,9.97761185800,53.57137591100
"02","3","02","311","2018","08","23","5","3","5","3","2","1","0","0","0","0","0","0",564517.34829999995,5936045.49199999962,9.97423870600,53.56930582500
"02","3","02","311","2018","09","19","3","3","3","2","0","1","1","0","0","0","0","0",564777.35759999999,5935756.65479999967,9.97810442600,53.56667793400
"02","3","02","311","2018","09","11","7","3","1","5","0","0","1","0","0","0","1","0",564849.33649999998,5936078.09509999957,9.97925783300,53.56955790900
"02","3","02","312","2018","08","19","5","3","1","6","0","1","1","0","0","0","0","0",565222.56720000005,5936197.29260000028,9.98491778600,53.57058290200
"02","3","02","311","2018","08","18","4","3","6","3","0","1","0","1","0","0","0","0",565163.40049999999,5935530.78610000014,9.98388541700,53.56460019800
"02","3","02","311","2018","08","17","4","3","3","2","0","1","1","0","0","0","0","0",564721.00309999997,5936275.98429999966,9.97736125400,53.57135223600
"02","3","02","311","2018","08","12","4","3","3","2","0","1","1","0","0","0","0","0",564778.72149999999,5936249.65699999966,9.97822726700,53.57110850300
"02","3","02","311","2018","10","16","3","3","0","7","0","1","1","0","0","0","0","0",565128.96360000002,5935576.78639999963,9.98337513700,53.56501788900
"02","3","02","311","2018","10","19","6","3","0","7","2","0","1","0","0","0","0","0",564438.32620000001,5935980.63870000001,9.97303224900,53.56873268200
"02","3","02","311","2018","10","13","4","3","2","6","0","1","1","0","0","0","0","0",564962.61540000001,5936024.22649999987,9.98095692200,53.56905976500
"02","3","02","311","2018","10","14","2","3","0","7","0","0","0","0","1","0","0","0",564497.89820000005,5936029.58849999961,9.97394176400,53.56916528700
"02","3","02","311","2018","11","14","6","3","5","2","0","0","1","0","0","0","0","0",564733.67660000001,5935493.23929999955,9.97739038700,53.56431594000
"02","3","02","311","2018","10","08","2","3","4","6","0","1","0","0","0","0","0","0",564742.91249999998,5935492.40450000018,9.97752964100,53.56430729800
"02","3","01","309","2018","11","11","5","3","3","6","0","1","0","0","0","0","0","0",564396.49069999997,5936161.67360000033,9.97243795100,53.57036482700
"02","3","01","309","2018","11","16","3","3","6","4","0","1","0","1","0","0","0","0",564497.91070000001,5936047.35929999966,9.97394562300,53.56932499600
"02","3","02","311","2018","11","21","2","3","4","2","2","0","1","0","0","0","0","0",564501.88710000005,5936032.86620000005,9.97400266500,53.56919425400
"02","3","02","311","2018","11","20","2","3","0","7","2","1","1","0","0","0","0","1",564509.68599999999,5936034.38169999979,9.97412072600,53.56920691600
"02","3","02","312","2018","11","10","6","3","5","3","0","1","1","0","0","0","0","1",565203.47230000002,5936139.74629999977,9.98461746900,53.57006809300
"02","3","02","311","2018","12","04","7","3","9","1","2","0","1","0","0","0","0","1",564952.79209999996,5935792.70179999992,9.98076046500,53.56698021100
"02","3","02","311","2018","12","19","2","3","2","6","2","0","1","0","0","0","0","1",564939.87170000002,5935772.67650000006,9.98056124100,53.56680183800
"02","3","01","303","2018","01","17","2","3","0","6","2","0","1","0","0","0","1","1",562974.00219999999,5936785.90479999967,9.95108643200,53.57614766100
"02","3","01","304","2018","03","22","4","2","6","3","2","0","1","1","0","0","0","1",562810.77200000000,5936506.31099999975,9.94856531600,53.57365443100
"02","3","01","304","2018","05","04","1","3","5","3","2","0","1","0","0","0","0","0",562815.06730000000,5936497.06680000015,9.94862831400,53.57357083600
"02","3","01","303","2018","09","11","7","3","2","6","0","0","1","0","0","0","0","0",562801.29949999996,5936866.96389999986,9.94849483000,53.57689687000
"02","3","01","303","2018","09","08","2","2","3","6","0","1","1","0","0","0","0","0",562916.16559999995,5936799.23680000007,9.95021575400,53.57627442000
"02","3","01","304","2018","03","20","7","3","4","1","2","0","1","0","0","0","0","1",562776.91260000004,5936477.66079999972,9.94804829000,53.57340099500
"02","3","01","304","2018","10","17","7","3","3","6","0","0","1","0","0","0","0","0",562774.26789999998,5936477.39630000014,9.94800830300,53.57339893500
"02","3","01","304","2018","07","05","3","3","0","6","1","0","1","0","1","0","0","0",562772.76300000004,5936477.24579999968,9.94798554900,53.57339776200
"02","3","01","306","2018","12","15","4","3","2","6","0","0","1","0","0","0","1","1",562901.94689999998,5936419.53309999965,9.94992454600,53.57286360600
"02","3","01","304","2018","06","03","1","3","1","5","2","0","0","0","0","0","1","1",562877.44030000002,5936439.53079999983,9.94955853800,53.57304626900
"02","3","01","306","2018","11","17","2","3","2","6","0","0","1","0","0","0","1","0",562859.72219999996,5936453.92650000006,9.94929390300,53.57317777100
"02","3","01","307","2018","01","14","3","3","2","6","0","0","1","0","0","1","0","1",563264.12170000002,5936167.55570000038,9.95534211000,53.57055545600
"02","3","01","306","2018","01","15","4","3","3","6","0","0","1","0","0","0","0","1",563390.48959999997,5936300.55119999964,9.95727707700,53.57173547400
"02","3","01","307","2018","04","15","2","3","2","6","0","0","1","0","0","0","0","1",563179.25459999999,5936208.34439999983,9.95406899200,53.57093226300
"02","3","01","307","2018","03","21","7","2","3","7","2","0","1","0","0","0","0","0",562970.23289999994,5936355.89329999965,9.95094279000,53.57228346200
"02","3","01","307","2018","10","06","3","3","4","2","2","0","1","0","0","0","0","1",563311.97490000003,5936150.58359999955,9.95606118300,53.57039715000
"02","3","01","306","2018","06","19","6","3","5","3","0","1","1","0","0","0","0","0",562926.81359999999,5936397.35180000030,9.95029554800,53.57266127300
"02","3","01","306","2018","09","17","7","3","2","6","0","0","1","0","0","0","0","0",562991.71320000000,5936336.05740000028,9.95126312300,53.57210261200
"02","3","01","306","2018","08","07","6","3","5","3","0","1","0","0","0","0","0","0",563325.20200000005,5936166.31460000016,9.95626408200,53.57053693300
"02","3","01","307","2018","07","15","1","3","2","6","0","0","1","0","0","0","0","0",563280.10400000005,5936161.98190000001,9.95558229000,53.57050343500
"02","3","01","307","2018","09","17","1","3","0","3","0","1","1","0","0","0","0","0",563281.59060000000,5936161.46339999977,9.95560463100,53.57049859600
"02","3","01","306","2018","07","16","4","3","3","2","0","1","1","0","0","0","0","0",563394.19960000005,5936309.36139999982,9.95733488300,53.57181420600
"02","3","01","307","2018","02","08","6","3","1","6","0","0","1","0","0","0","0","2",563228.73759999999,5936078.14350000024,9.95478976000,53.56975614500
"02","3","01","307","2018","05","15","3","3","0","3","0","0","1","0","1","0","0","1",563382.01029999997,5936018.29550000001,9.95709176400,53.56919977900
"02","3","01","307","2018","06","03","1","3","2","6","2","0","1","0","0","0","0","1",563305.00320000004,5936131.88609999977,9.95595213100,53.57022995100
"02","3","01","307","2018","07","17","4","3","2","6","0","0","1","0","0","0","1","0",563182.86499999999,5936036.02240000013,9.95408864200,53.56938311600
"02","3","01","307","2018","06","18","3","3","2","6","0","1","0","0","0","0","0","0",563275.06149999995,5936120.76329999976,9.95549780500,53.57013359800
"02","3","01","307","2018","08","08","6","3","5","3","0","1","0","0","0","0","0","0",563199.56120000000,5936051.76310000010,9.95434390900,53.56952257200
"02","3","01","307","2018","09","11","4","3","1","6","0","0","1","0","0","0","0","1",563170.00740000000,5936020.82280000020,9.95389144200,53.56924806000
"02","3","01","307","2018","09","19","1","3","4","6","0","1","1","0","0","0","0","0",563685.30519999994,5935938.80869999994,9.96165471500,53.56844868200
"02","3","01","307","2018","08","08","2","3","5","3","0","1","0","0","0","0","1","0",563200.21459999995,5936052.33899999969,9.95435389000,53.56952766900
"02","3","01","307","2018","09","11","3","3","3","6","0","0","1","0","0","0","1","0",563186.50970000005,5936022.31099999975,9.95414089600,53.56925944800
"02","3","01","307","2018","10","12","3","3","0","7","0","0","0","0","1","0","0","0",563741.06839999999,5935976.92410000041,9.96250439300,53.56878446500
"02","3","01","307","2018","10","17","2","3","1","5","0","1","1","0","0","0","0","0",563617.65800000005,5935906.85709999967,9.96062688500,53.56816973000
"02","3","01","307","2018","10","10","6","3","0","6","0","0","0","0","0","0","1","0",563168.72939999995,5935999.91239999980,9.95386791700,53.56906028600
"02","3","01","307","2018","11","07","2","3","2","6","0","0","1","0","0","0","0","0",563240.48950000003,5936018.87189999968,9.95495519100,53.56922203600
"02","3","01","307","2018","11","18","1","3","3","2","2","1","1","0","0","0","0","1",563332.03049999999,5936142.74189999979,9.95636240200,53.57032425300
"02","3","01","307","2018","12","17","4","3","5","3","2","1","0","0","0","0","0","0",563575.20799999998,5936020.79600000009,9.96000918100,53.56919887800
"02","3","01","306","2018","12","15","6","3","2","6","0","0","1","0","0","0","0","0",563339.45270000002,5936139.81809999980,9.95647387300,53.57029708000
"02","3","02","312","2018","03","08","6","3","3","2","0","0","1","0","0","0","0","0",565517.66969999997,5935541.04449999984,9.98923571400,53.56464828200
"02","3","02","312","2018","02","08","6","3","5","3","0","1","1","0","0","0","0","0",565732.33799999999,5935759.92190000042,9.99252246100,53.56658853700
"02","3","02","312","2018","03","10","2","3","0","5","0","0","1","0","1","0","0","0",565891.94230000000,5936249.16980000027,9.99503521500,53.57096549400
"02","3","02","312","2018","04","14","6","3","0","7","0","0","1","0","0","0","0","0",565475.83019999997,5935772.67389999982,9.98865264100,53.56673521100
"02","3","02","312","2018","04","17","1","3","3","2","0","0","1","0","1","0","0","0",565863.14580000006,5935428.94689999986,9.99442748200,53.56359759000
"02","3","02","312","2018","04","16","2","3","1","5","0","0","1","0","0","0","0","0",565944.11560000002,5935870.83550000004,9.99574307300,53.56755876900
"02","3","02","312","2018","05","11","5","3","2","6","0","0","1","0","0","0","0","0",565902.62609999999,5936173.95170000009,9.99518065200,53.57028815100
"02","3","02","312","2018","06","16","5","3","4","7","0","0","1","0","1","0","0","0",565864.27000000002,5935474.15000000037,9.99445398300,53.56400369900
"02","3","02","312","2018","07","08","2","3","3","2","0","0","1","0","1","0","0","0",565946.82660000003,5935752.54480000027,9.99575902800,53.56649532500
"02","3","02","312","2018","07","08","1","3","0","7","0","1","0","0","0","0","0","0",566118.18250000000,5935473.17430000007,9.99828684500,53.56396300100
"02","3","02","312","2018","08","17","7","3","6","7","0","0","1","1","0","0","0","0",565577.45349999995,5935457.44840000011,9.99012068000,53.56388951700
"02","3","02","312","2018","08","23","4","2","4","2","2","0","1","0","1","0","0","0",565863.94129999995,5935572.10869999975,9.99446967200,53.56488411700
"02","3","02","312","2018","11","22","1","3","3","7","2","1","1","0","0","0","0","1",565698.18940000003,5935166.64140000008,9.99188216300,53.56126086700
"02","3","02","312","2018","12","10","4","2","3","6","0","1","1","0","0","0","0","0",565930.29940000002,5935942.89319999982,9.99554969500,53.56820810300
"02","3","02","312","2018","12","16","7","2","1","4","2","0","1","1","0","0","0","1",565900.69949999999,5935644.00299999956,9.99503975300,53.56552563200
"02","3","02","312","2018","12","10","5","2","5","3","0","1","1","0","0","0","0","0",565743.83400000003,5936244.67300000042,9.99279805200,53.57094366000
"02","3","02","312","2018","12","17","6","3","6","7","2","0","1","1","0","0","0","1",566105.98589999997,5935568.22640000004,9.99812283800,53.56481879100
"02","3","01","306","2018","07","15","3","3","2","5","0","1","1","0","0","0","0","0",563211.94799999997,5936719.67729999963,9.95466613400,53.57552383400
"02","3","01","306","2018","09","10","7","3","6","7","0","0","1","1","0","0","0","0",563169.76470000006,5936493.55929999985,9.95398340400,53.57349672200
"02","3","01","305","2018","09","17","2","3","3","2","0","1","1","0","0","0","0","0",563031.04850000003,5936846.93750000000,9.95196018500,53.57668932900
"02","3","04","315","2018","05","22","7","3","3","5","2","0","1","0","1","0","0","0",564542.24250000005,5937174.24000000022,9.97484788800,53.57944711200
"02","3","04","315","2018","05","20","2","3","5","3","1","1","0","0","0","0","0","0",564494.38890000002,5937076.56190000009,9.97410503900,53.57857514100
"02","3","04","315","2018","09","09","4","3","3","2","0","1","0","0","0","1","0","0",564604.30070000002,5937123.08000000007,9.97577447900,53.57897968400
"02","3","04","315","2018","10","16","4","2","3","6","0","0","1","0","0","0","1","0",564525.77280000004,5937197.31450000033,9.97460393900,53.57965651500
"02","3","04","315","2018","10","13","2","3","0","4","0","0","0","1","0","0","1","0",564599.39679999999,5937094.31659999955,9.97569447000,53.57872178400
"02","3","04","315","2018","11","10","6","3","0","4","0","0","0","1","0","0","1","0",564514.22459999996,5937213.49430000037,9.97443288600,53.57980334700
"02","3","04","315","2018","12","13","1","3","0","7","0","0","1","0","0","0","0","1",564460.58920000005,5937288.63810000010,9.97363841600,53.58048527800
"02","3","01","309","2018","06","17","5","3","2","6","0","0","1","0","0","0","0","1",563945.25470000005,5936042.24710000027,9.96560054600,53.56934669700
"02","3","01","310","2018","09","06","4","2","1","5","1","1","1","0","0","0","0","0",563851.53680000000,5935943.98639999982,9.96416549800,53.56847501300
"02","3","01","309","2018","02","07","4","3","2","6","2","0","1","0","0","0","0","0",564012.20999999996,5936017.25000000000,9.96660631800,53.56911387700
"02","3","01","309","2018","03","14","5","3","3","6","0","0","1","0","0","0","0","0",564219.67429999996,5935868.88540000003,9.96970810300,53.56775513100
"02","3","01","309","2018","11","21","1","3","5","2","2","1","1","0","0","0","0","1",564236.35919999995,5935856.91390000004,9.96995754100,53.56764549700
"02","3","01","309","2018","11","22","1","3","1","6","2","0","1","0","0","0","0","0",564241.58799999999,5935839.27400000021,9.97003285400,53.56748632200
"02","3","01","309","2018","11","06","5","3","6","2","2","0","0","1","0","0","1","1",564002.26419999998,5936022.95210000034,9.96645732500,53.56916633600
"02","4","10","428","2018","01","19","7","3","5","3","2","1","1","0","0","0","0","0",569001.61569999997,5939340.90890000015,10.04266977600,53.59835136300
"02","4","10","428","2018","01","20","6","3","0","7","2","0","1","0","0","0","1","1",568993.48479999998,5939266.60140000004,10.04253049100,53.59768463000
"02","4","10","429","2018","01","19","7","3","6","4","2","0","1","1","0","0","0","1",569286.52579999994,5939832.45069999993,10.04708345600,53.60273127300
"02","4","10","429","2018","01","17","2","3","6","2","2","0","1","1","0","0","0","1",568882.37239999999,5939688.77840000018,10.04094510400,53.60149336400
"02","4","10","429","2018","02","20","6","3","5","2","2","0","1","0","0","0","0","0",568542.26029999997,5939614.00760000013,10.03578984100,53.60086598800