ULAND,UREGBEZ,UKREIS,UGEMEINDE,UJAHR,UMONAT,USTUNDE,UWOCHENTAG,UKATEGORIE,UART,UTYP1,ULICHTVERH,IstRad,IstPKW,IstFuss,IstKrad,IstGkfz,IstSonstig,STRZUSTAND,LINREFX,LINREFY,XGCSWGS84,YGCSWGS84
"02","4","10","429","2018","02","01","7","3","4","2","2","0","1","0","0","0","0","0",568540.89500000002,5939619.84599999990,10.03577049600,53.60091863600
"02","4","10","429","2018","02","20","6","3","6","4","2","0","1","1","0","0","0","0",569520.85640000005,5939692.00040000025,10.05059276900,53.60143801100
"02","4","10","429","2018","02","07","2","3","4","6","0","0","1","0","0","1","0","2",568773.38659999997,5940193.41550000012,10.03940976700,53.60604286800
"02","4","10","428","2018","02","22","7","3","8","5","2","0","1","0","0","0","0","0",569045.67579999997,5939270.66370000038,10.04331988200,53.59771426500
"02","4","10","429","2018","03","16","3","3","1","5","0","0","1","0","0","0","0","0",568442.29290000000,5940180.62270000018,10.03440385600,53.60597125000
"02","4","10","429","2018","03","18","3","3","5","3","0","0","1","0","0","0","1","0",568935.28229999996,5939388.90550000034,10.04167821900,53.59879143900
"02","5","08","516","2018","03","17","3","3","5","7","0","0","1","0","0","0","0","0",569167.09939999995,5940429.95760000031,10.04541158200,53.60811685200
"02","4","10","429","2018","04","19","5","3","4","2","0","1","1","0","0","0","0","0",568762.15370000002,5940251.90570000000,10.03925293500,53.60656999600
"02","4","10","429","2018","04","14","2","2","4","2","0","0","1","0","1","0","0","0",568528.24870000000,5939641.30869999994,10.03558414100,53.60111317600
"02","4","11","430","2018","04","14","2","3","2","6","0","0","1","0","0","0","0","0",568751.53509999998,5940263.38420000020,10.03909501000,53.60667454700
"02","4","10","428","2018","05","00","1","3","3","6","2","0","1","0","0","0","0","0",569067.44449999998,5939260.45150000043,10.04364649700,53.59761962000
"02","4","10","429","2018","04","12","6","3","3","2","0","0","1","0","1","0","0","0",568899.68599999999,5939525.27479999978,10.04117056100,53.60002167500
"02","4","10","429","2018","05","15","4","3","3","2","0","1","1","0","0","0","0","0",568815.64020000002,5939325.39589999989,10.03985662200,53.59823639800
"02","4","10","429","2018","05","13","7","3","1","6","0","0","1","0","0","0","0","0",568762.70100000000,5939481.52599999961,10.03909125100,53.59964649400
"02","4","10","428","2018","05","16","3","3","1","5","0","1","1","0","0","0","0","0",568737.58479999995,5939288.33849999961,10.03866918900,53.59791360400
"02","4","10","428","2018","05","17","5","3","0","7","0","0","1","0","0","0","1","0",569027.32050000003,5939191.62480000034,10.04302507500,53.59700635700
"02","4","10","428","2018","05","13","4","3","2","6","0","0","1","0","0","0","0","0",568971.90680000000,5939314.12550000008,10.04221500700,53.59811457000
"02","4","10","429","2018","05","17","5","3","1","6","0","0","1","0","0","0","0","0",568638.76199999999,5939574.81109999958,10.03723925200,53.60050109700
"02","4","10","429","2018","05","22","5","3","0","6","2","0","0","0","0","0","1","0",568855.91680000001,5939886.93279999960,10.04058915400,53.60327766100
"02","4","11","430","2018","05","12","4","3","5","3","0","1","1","0","0","0","0","0",568870.92009999999,5940431.02570000011,10.04093609200,53.60816546700
"02","4","10","429","2018","05","10","7","3","3","6","0","1","0","0","0","0","1","0",568900.28810000001,5939519.40550000034,10.04117836000,53.59996884900
"02","4","10","429","2018","05","07","3","3","3","2","0","0","0","0","1","0","1","0",568654.25619999995,5939561.93620000035,10.03747051600,53.60038336000
"02","4","10","429","2018","05","08","4","3","0","3","0","1","0","0","0","0","1","0",568941.70389999996,5939376.21960000042,10.04177243300,53.59867658600
"02","4","10","429","2018","05","15","3","3","3","2","0","1","1","0","0","0","0","0",568436.77460000000,5940215.50659999996,10.03432813100,53.60628547400
"02","4","11","430","2018","06","07","2","3","2","6","0","0","1","0","0","0","0","0",568542.75659999996,5940419.73720000032,10.03597453900,53.60810705000
"02","4","10","429","2018","06","18","5","3","1","7","0","0","1","0","0","0","0","0",568869.24210000003,5939805.85319999978,10.04077258200,53.60254724500
"02","4","10","428","2018","06","12","2","3","1","7","0","0","1","0","0","0","0","0",568998.41550000000,5939256.04449999984,10.04260264700,53.59758910500
"02","4","11","430","2018","06","14","3","3","5","3","0","0","1","0","0","0","0","0",568730.13859999995,5940367.54380000010,10.03879466000,53.60761343900
"02","4","10","429","2018","07","13","2","3","6","4","0","0","0","1","0","1","0","0",568880.58640000003,5939704.60109999962,10.04092161500,53.60163579800
"02","4","10","429","2018","07","12","4","3","5","2","0","0","1","0","0","0","0","1",568542.09730000002,5939614.70459999982,10.03578753100,53.60087227300
"02","4","10","429","2018","07","13","3","3","6","2","0","0","1","1","0","0","0","0",568438.38439999998,5940205.21119999979,10.03435019500,53.60619273900
"02","4","10","429","2018","07","08","4","3","0","7","0","1","0","0","0","0","0","0",568580.05570000003,5939221.47020000033,10.03627454300,53.59733329000
"02","4","10","429","2018","07","17","6","3","5","3","0","0","1","0","0","0","0","0",569280.56370000006,5939829.90039999969,10.04699280500,53.60270914100
"02","4","10","429","2018","08","07","4","3","5","2","0","1","1","0","0","0","0","0",568847.39190000005,5939891.26229999959,10.04046130000,53.60331769000
"02","4","11","430","2018","08","13","7","3","5","3","0","0","1","0","0","0","0","1",568707.34539999999,5940449.94620000012,10.03846839300,53.60835698200
"02","4","11","430","2018","08","04","3","3","5","3","1","1","1","0","0","0","0","0",568870.88219999999,5940430.84989999980,10.04093548000,53.60816389200
"02","5","08","516","2018","09","15","4","3","4","2","0","0","1","0","0","0","1","0",569013.20079999999,5940376.58349999972,10.04307411700,53.60765747200
"02","4","10","428","2018","09","14","3","2","2","6","0","0","1","0","0","0","1","0",569021.00040000002,5939208.23039999977,10.04293327000,53.59715642500
"02","4","10","429","2018","10","20","5","3","2","6","2","0","1","0","0","0","0","1",568812.49029999995,5940076.75270000007,10.03997489600,53.60498928200
"02","4","10","428","2018","10","14","6","3","2","6","0","0","1","0","0","0","0","0",569079.28980000003,5939253.32479999959,10.04382387500,53.59755401100
"02","4","11","430","2018","10","08","5","3","4","2","0","1","1","0","0","0","0","1",569004.46900000004,5940382.92920000013,10.04294357200,53.60771565100
"02","4","10","429","2018","10","20","3","3","2","6","2","0","1","0","0","0","1","1",568734.25430000003,5940345.02819999959,10.03885188700,53.60741055100
"02","4","11","430","2018","10","11","6","3","2","6","0","0","1","0","0","0","0","0",568949.30920000002,5940393.57469999976,10.04211238600,53.60781858400
"02","4","10","429","2018","10","18","2","3","5","3","2","0","1","0","0","0","0","0",568756.63710000005,5940245.24899999984,10.03916810500,53.60651089600
"02","4","11","430","2018","10","06","2","2","6","4","2","0","1","1","0","0","0","1",568736.22699999996,5940443.72369999997,10.03890346800,53.60829727200
"02","4","10","429","2018","11","02","6","3","0","7","2","0","1","0","0","0","0","1",568850.36069999996,5939916.29399999976,10.04051168800,53.60354226100
"02","4","10","428","2018","11","08","2","3","5","3","0","1","1","0","0","0","0","0",569130.45220000006,5939192.41239999980,10.04458331900,53.59699984400
"02","4","10","429","2018","11","18","6","2","3","2","2","1","1","0","0","0","0","0",568901.23109999998,5939510.21430000011,10.04119057600,53.59988612300
"02","4","10","429","2018","11","06","6","2","6","2","2","0","1","1","0","0","0","1",569443.33680000005,5939726.41830000002,10.04942918300,53.60175760300
"02","4","10","428","2018","11","06","5","3","5","2","2","1","0","0","0","0","1","1",568988.55429999996,5939302.09599999990,10.04246385500,53.59800427000
"02","4","10","429","2018","11","07","5","3","6","4","2","0","1","1","0","0","0","1",568886.42209999997,5939360.57259999961,10.04093376900,53.59854323400
"02","4","10","429","2018","12","07","6","3","6","2","1","0","1","1","0","0","0","1",568821.15359999996,5940101.13069999963,10.04011118600,53.60520723000
"02","4","10","429","2018","12","16","3","2","6","4","1","0","1","1","0","0","0","0",568852.57799999998,5939904.71300000045,10.04054263300,53.60343789000
"02","4","07","416","2018","01","05","3","3","6","2","2","0","1","1","0","0","0","1",567847.92559999996,5935653.43859999999,10.02443803000,53.56536228000
"02","4","07","416","2018","05","21","4","3","4","6","1","1","0","0","0","0","0","0",567341.06050000002,5935676.86099999957,10.01679123600,53.56563807000
"02","4","06","415","2018","06","08","4","3","5","2","0","1","0","0","0","0","0","0",567532.96400000004,5935698.93230000045,10.01969307900,53.56581176600
"02","4","06","415","2018","08","11","1","3","5","3","0","1","1","0","0","0","0","0",567555.57550000004,5935695.22730000038,10.02003363400,53.56577555800
"02","4","07","416","2018","08","09","5","2","0","7","0","1","0","0","0","0","0","0",567502.70959999994,5935635.12930000015,10.01922255500,53.56524225200
"02","4","07","416","2018","08","09","6","2","5","2","0","1","1","0","0","0","0","0",567847.74899999995,5935652.61280000024,10.02443518500,53.56535488100
"02","4","07","417","2018","08","18","2","3","5","3","0","1","0","0","1","0","0","0",567851.79290000000,5935669.34179999959,10.02449986700,53.56550470400
"02","4","07","416","2018","09","08","5","3","2","6","0","0","1","0","0","0","0","0",567843.44649999996,5935632.58449999988,10.02436588300,53.56517544000
"02","4","09","424","2018","01","12","6","3","5","3","0","0","1","0","0","0","0","1",570058.88289999997,5937142.18919999991,10.05814919000,53.57845120800
"02","4","09","424","2018","01","11","3","2","9","1","0","0","1","0","0","0","0","0",570082.09530000004,5937000.53579999972,10.05846791600,53.57717506500
"02","4","08","423","2018","02","15","4","3","1","6","0","0","1","0","0","0","0","0",569757.79090000002,5937245.18319999985,10.05362544700,53.57941694900
"02","4","09","424","2018","02","18","6","2","6","4","2","0","1","1","0","0","0","1",570066.05390000006,5937755.52859999985,10.05839517100,53.58396234000
"02","4","09","424","2018","03","10","3","3","5","3","0","1","1","0","0","0","0","0",570068.69299999997,5937081.76800000016,10.05828376900,53.57790689100
"02","4","09","424","2018","03","14","4","3","5","3","0","0","1","0","1","0","0","0",570266.05249999999,5937397.47070000041,10.06133509900,53.58071771200
"02","4","09","424","2018","02","12","5","3","5","3","0","0","1","0","0","0","1","0",570278.37109999999,5937265.64379999973,10.06149144800,53.57953133300
"02","4","09","424","2018","03","19","3","3","6","2","2","0","1","1","0","0","0","0",570084.61569999997,5936897.60300000012,10.05848286700,53.57624966900
"02","4","09","425","2018","03","21","7","2","5","3","2","0","1","0","0","0","0","1",570196.47660000005,5937865.19689999986,10.06038959500,53.58493048700
"02","4","09","424","2018","03","13","2","2","0","5","0","0","1","0","0","0","1","1",570024.26729999995,5937721.38709999993,10.05775641300,53.58366109100
"02","4","08","423","2018","04","15","2","3","6","7","0","1","0","1","0","0","1","0",569840.34719999996,5937415.54899999965,10.05491027100,53.58093704400
"02","4","09","424","2018","04","12","6","3","5","3","0","1","1","0","0","0","0","0",570253.04520000005,5937422.51750000007,10.06114430500,53.58094455100
"02","4","09","425","2018","04","07","2","3","3","2","0","1","1","0","0","0","0","0",570389.07120000001,5937497.78500000015,10.06321551000,53.58160274100
"02","4","09","424","2018","05","13","5","3","5","3","0","1","1","0","0","0","0","0",570200.43559999997,5937379.41899999976,10.06034011300,53.58056426800
"02","4","09","424","2018","04","18","5","3","5","3","0","0","1","0","0","0","0","1",569878.48999999999,5937603.45999999996,10.05552836900,53.58262072300
"02","4","09","424","2018","06","19","6","3","1","5","0","1","1","0","0","0","0","0",569930.68389999995,5937509.50279999990,10.05629556700,53.58176937100
"02","4","09","424","2018","07","12","2","3","0","6","0","0","1","0","1","0","0","0",570371.99430000002,5937096.81589999981,10.06286721300,53.57800152200
"02","4","09","424","2018","08","10","5","3","4","2","0","0","1","0","0","0","0","0",570073.70369999995,5936874.08239999972,10.05831281600,53.57603974700
"02","4","09","424","2018","07","11","5","3","2","6","0","0","1","0","0","0","0","0",569970.56700000004,5937391.98780000024,10.05687153900,53.58070794200
"02","4","09","424","2018","08","10","7","3","3","2","0","0","0","0","1","0","1","0",570083.12289999996,5936989.62430000026,10.05848098400,53.57707686600
"02","4","09","424","2018","08","16","5","2","5","2","0","0","1","0","1","0","0","0",570263.72649999999,5937404.26840000041,10.06130150300,53.58077911500
"02","4","09","424","2018","08","17","2","3","2","6","0","0","1","0","0","0","0","0",570317.15819999995,5937424.27410000004,10.06211291900,53.58095174500
"02","4","09","424","2018","09","18","2","3","5","2","0","1","1","0","0","0","0","0",570074.41570000001,5937360.67939999979,10.05843280000,53.58041270800
"02","4","09","424","2018","09","16","4","3","3","2","0","1","1","0","0","0","0","0",570100.02579999994,5936885.52269999962,10.05871284900,53.57613904400
"02","4","09","425","2018","09","15","4","3","5","3","0","0","1","0","1","0","0","1",570201.00439999998,5937861.45899999980,10.06045713800,53.58489628900
"02","4","09","424","2018","09","20","7","3","5","3","2","0","1","0","0","0","0","0",569855.98719999997,5937638.44070000015,10.05519635300,53.58293809400
"02","4","09","424","2018","09","13","6","2","5","3","0","0","0","0","1","0","1","1",569873.66729999997,5937610.95689999964,10.05545721300,53.58268874100
"02","4","09","424","2018","09","15","5","3","5","2","0","1","1","0","0","0","0","0",569997.83019999997,5937311.25169999991,10.05726515300,53.57997872700
"02","4","10","426","2018","09","15","5","3","3","6","0","0","1","0","0","0","0","0",569743.40119999996,5937813.67210000008,10.05353518700,53.58452788700
"02","4","09","424","2018","10","18","2","3","5","2","0","1","1","0","0","0","0","0",570099.68709999998,5936885.36390000023,10.05870769900,53.57613766200
"02","4","09","424","2018","10","17","2","3","5","3","0","0","1","0","0","0","0","1",570192.72080000001,5937278.93919999991,10.06020101100,53.57966228800
"02","4","09","424","2018","11","14","3","3","6","4","0","0","1","1","0","0","0","0",570130.57180000003,5937385.44039999973,10.05928640900,53.58062772900
"02","4","09","425","2018","11","15","3","3","5","2","0","1","1","0","0","0","0","1",570293.03240000003,5937924.66330000013,10.06186129000,53.58545197800
"02","4","09","424","2018","10","12","4","3","0","1","0","0","0","0","1","0","0","0",570296.28070000000,5937417.34420000017,10.06179607100,53.58089226500
"02","4","09","424","2018","10","14","5","3","0","6","0","0","1","0","1","0","0","1",569897.51980000001,5937575.95729999989,10.05580960400,53.58237102000
"02","4","09","424","2018","11","01","6","3","1","7","2","0","1","0","0","0","1","0",570460.93909999996,5937179.64850000013,10.06422903900,53.57873399800
"02","4","09","424","2018","12","19","4","3","2","7","2","0","1","0","0","0","0","1",570317.69790000003,5937051.18809999991,10.06203702200,53.57759874700
"02","4","09","424","2018","12","13","3","3","5","3","0","0","1","0","0","0","0","0",570279.68169999996,5937265.44739999995,10.06151119500,53.57952939200
"02","4","04","407","2018","05","15","3","3","2","6","0","0","1","0","0","0","0","0",565970.53709999996,5940750.40299999993,9.99717390100,53.61140897700
"02","4","04","407","2018","04","23","3","3","5","3","2","1","1","0","0","0","0","1",565365.40670000005,5939877.53070000000,9.98784548700,53.60364017600
"02","4","03","406","2018","05","10","7","3","5","3","0","1","1","0","0","0","0","0",565922.47180000006,5940710.98460000008,9.99643915200,53.61106076900
"02","4","04","407","2018","01","19","4","3","2","6","2","0","1","0","0","0","0","0",566185.17099999997,5940987.56250000000,10.00046803200,53.61351328900
"02","4","04","407","2018","04","08","3","3","2","6","0","0","1","0","0","0","0","0",566810.25899999996,5941772.18499999959,10.01008370100,53.62048541700
"02","4","04","407","2018","04","08","7","3","5","3","0","0","1","0","0","0","0","0",565353.70460000006,5939852.09879999980,9.98766333400,53.60341307500
"02","4","03","406","2018","01","14","3","3","3","2","0","1","1","0","0","0","0","0",565295.48999999999,5939840.26599999983,9.98678122500,53.60331398800
"02","4","04","407","2018","11","14","3","3","2","6","0","0","1","0","0","0","0","0",566825.90870000003,5941835.34790000040,10.01033382000,53.62105107100
"02","4","12","431","2018","09","17","7","3","3","6","1","0","1","0","0","0","0","0",566844.87970000005,5942134.46750000026,10.01068481500,53.62373686400
"02","4","04","407","2018","12","09","3","3","1","6","0","0","1","0","0","0","0","1",565591.94299999997,5940257.20779999997,9.99134840200,53.60702409100
"02","4","04","407","2018","07","00","6","2","6","4","2","0","1","1","1","0","0","0",566809.49179999996,5941769.41370000038,10.01007150900,53.62046060900
"02","4","03","406","2018","07","23","4","3","2","6","2","0","1","0","0","0","0","1",566799.85840000003,5941734.61689999979,10.00991842500,53.62014911600
"02","4","04","407","2018","12","08","6","3","5","3","0","0","1","0","0","0","0","0",566307.13670000003,5941139.53540000040,10.00234373100,53.61486366400
"02","4","04","407","2018","06","20","3","2","5","3","0","1","1","0","0","0","0","0",565503.02910000004,5940131.77369999979,9.98997842300,53.60590791700
"02","4","04","407","2018","06","08","2","3","2","6","0","0","1","0","0","0","0","0",565373.04299999995,5939896.51300000027,9.98796485500,53.60380982100
"02","4","03","406","2018","06","20","1","2","3","7","0","0","1","0","1","0","0","0",566871.77410000004,5942036.70000000019,10.01107038400,53.62285478600
"02","4","03","406","2018","12","15","2","3","3","6","0","0","1","0","0","0","0","0",566861.60100000002,5942003.88399999961,10.01090955000,53.62256116400
"02","4","04","407","2018","12","21","3","3","9","1","2","0","1","0","0","0","0","1",566150.33849999995,5940948.64539999980,9.99993332100,53.61316793500
"02","4","03","406","2018","09","19","3","3","3","2","1","1","1","0","0","0","0","0",565295.48999999999,5939840.26599999983,9.98678122500,53.60331398800
"02","4","04","407","2018","12","22","2","3","5","3","2","0","1","0","0","0","0","1",565342.59550000005,5939834.38360000029,9.98749176000,53.60325525000
"02","4","03","406","2018","10","07","6","3","2","6","1","0","1","0","0","0","1","0",566680.58559999999,5941543.55069999956,10.00807458300,53.61844718500
"02","4","03","406","2018","05","17","4","3","0","7","0","1","0","0","0","0","0","0",565302.53980000003,5939850.71870000008,9.98688993800,53.60340705000
"02","4","03","406","2018","12","12","2","3","4","2","0","1","1","0","0","0","0","1",565260.11860000005,5939792.73130000010,9.98623680800,53.60289119100
"02","4","04","407","2018","05","23","1","2","7","1","2","0","1","0","0","0","0","0",565632.97420000006,5940313.59920000006,9.99198031700,53.60752575200
"02","4","04","407","2018","07","03","1","3","5","3","2","1","1","0","0","0","0","0",565339.94530000002,5939831.00100000016,9.98745100600,53.60322518100
"02","4","03","406","2018","11","05","2","3","1","6","2","0","1","0","0","0","0","1",566618.05279999995,5941475.62889999989,10.00711484500,53.61784472200
"02","4","03","406","2018","09","11","6","3","2","6","0","0","1","0","0","0","0","0",566777.41859999998,5941675.85190000013,10.00956662200,53.61962385100
"02","4","03","406","2018","01","18","5","3","6","2","2","0","1","1","0","0","0","1",565959.11479999998,5941760.78560000006,9.99721525600,53.62049085900
"02","4","04","407","2018","01","09","5","3","1","6","0","0","1","0","0","0","0","0",566637.76830000000,5941307.26470000017,10.00737682200,53.61632910800
"02","4","03","406","2018","01","07","5","3","1","5","1","1","1","0","0","0","0","0",566617.26450000005,5942004.32859999966,10.00721604400,53.62259630000
"02","4","05","408","2018","01","12","5","3","4","2","0","0","1","0","0","0","0","0",565986.28579999995,5939705.62359999958,9.99719067700,53.60201740700
"02","4","04","407","2018","01","13","6","3","5","3","0","1","1","0","0","0","0","1",566505.91330000001,5940296.07589999959,10.00516800900,53.60725819300
"02","4","04","407","2018","01","18","4","3","1","7","2","1","1","0","0","0","0","1",565891.61239999998,5939845.05099999998,9.99578967600,53.60328237500
"02","4","04","407","2018","02","10","2","3","5","3","0","0","1","0","1","0","0","1",566644.90000000002,5940533.12999999989,10.00731899500,53.60937096600
"02","4","05","408","2018","02","12","4","3","4","2","0","1","1","0","0","0","0","0",565987.38260000001,5939705.43200000003,9.99720720900,53.60201554700
"02","4","04","407","2018","01","09","4","1","6","4","0","0","0","0","1","0","1","1",566805.97279999999,5941188.17119999975,10.00989362500,53.61523737600
"02","4","02","405","2018","02","14","5","3","5","3","0","0","1","0","1","0","0","0",564508.13789999997,5939644.79760000017,9.97484378000,53.60165478500
"02","4","04","407","2018","03","09","4","3","5","3","0","0","1","0","0","0","0","1",565366.28760000004,5939840.53399999999,9.98785103900,53.60330757000
"02","4","04","407","2018","04","17","5","3","6","4","0","0","1","1","0","0","0","1",566081.86760000000,5940155.80999999959,9.99873032700,53.60605125500
"02","4","05","408","2018","03","10","3","3","1","7","0","0","1","0","0","0","0","0",566177.59699999995,5939654.27570000011,10.00007040500,53.60153181200
"02","4","04","407","2018","04","12","6","3","5","2","0","0","1","0","0","0","0","0",566818.99369999999,5940787.65089999977,10.01000451100,53.61163619800
"02","4","04","407","2018","04","16","2","3","5","2","0","1","1","0","0","0","0","0",566623.83629999997,5941365.64240000024,10.00717873400,53.61685552600
"02","4","04","407","2018","04","19","7","3","3","2","0","1","1","0","0","0","0","0",566548.12630000000,5940182.47020000033,10.00578164600,53.60623184400
"02","4","04","407","2018","05","18","5","3","6","4","0","0","1","1","0","0","0","0",566773.77650000004,5941169.51979999989,10.00940300400,53.61507385900
"02","4","04","407","2018","05","20","2","3","5","3","0","0","1","0","0","0","0","0",566533.80119999999,5940184.97850000020,10.00556571400,53.60625620600
"02","4","03","406","2018","05","07","3","3","0","6","0","0","1","0","0","0","0","0",566213.41899999999,5941187.44500000030,10.00093745300,53.61530608800
"02","4","04","407","2018","06","11","1","3","4","2","0","0","1","0","0","0","0","0",565817.55070000002,5939724.31649999972,9.99464510700,53.60220662200
"02","4","04","407","2018","06","15","6","3","0","7","0","1","0","0","0","0","1","0",566368.93629999994,5940629.81919999979,10.00316918200,53.61027495500
"02","4","03","406","2018","06","07","6","3","2","6","0","0","1","0","0","0","0","1",565322.65370000002,5939856.72829999961,9.98719512100,53.60345855200
"02","4","04","407","2018","06","17","5","3","4","2","0","1","1","0","0","0","0","0",566674.96470000001,5941129.93630000018,10.00790107100,53.61473070500
"02","4","04","407","2018","06","16","5","3","1","5","0","1","1","0","0","0","0","0",566529.64950000006,5940521.10580000002,10.00557474400,53.60927755100
"02","4","04","407","2018","06","19","6","3","3","2","0","1","1","0","0","0","0","0",566505.52980000002,5941471.23029999994,10.00541309900,53.61781949100
"02","4","02","405","2018","06","19","6","3","5","3","0","1","1","0","0","0","0","0",564710.74390000000,5939634.29289999977,9.97790288200,53.60153539900
"02","4","04","407","2018","06","07","2","3","1","7","0","1","1","0","0","0","0","0",566596.23419999995,5940095.80059999973,10.00649008500,53.60544682200
"02","4","03","406","2018","07","10","7","3","5","3","0","0","1","0","0","0","0","0",566168.39989999996,5941884.05040000007,10.00040503900,53.62157225400
"02","4","04","407","2018","07","21","5","3","3","5","0","0","1","0","0","0","0","0",566846.35049999994,5940700.80319999997,10.01039931800,53.61085219900
"02","4","04","407","2018","08","12","6","3","5","3","0","0","1","0","0","0","0","0",565359.90810000000,5939842.47229999956,9.98775505100,53.60332578600
"02","4","04","407","2018","08","17","4","3","2","6","0","1","1","0","0","0","0","0",566282.67660000001,5940687.97559999954,10.00187795500,53.61080853500
"02","4","04","407","2018","07","18","5","3","2","6","0","0","1","0","1","0","0","0",566820.58920000005,5940815.11290000007,10.01003451400,53.61188279900
"02","4","03","406","2018","08","13","2","3","4","2","0","0","1","0","0","1","0","0",565974.11340000003,5941766.25930000003,9.99744313700,53.62053816300
"02","4","03","406","2018","08","07","6","3","5","2","0","1","1","0","0","0","0","0",566177.79740000004,5941881.61730000004,10.00054657900,53.62154920000
"02","4","04","407","2018","08","17","2","3","5","3","0","1","1","0","0","0","0","0",566641.91740000003,5941291.78299999982,10.00743622200,53.61618944400
"02","4","04","407","2018","08","13","5","3","0","2","0","0","1","0","0","0","0","0",566590.34479999996,5940107.69429999962,10.00640363300,53.60555446100
"02","4","03","406","2018","08","14","3","3","1","7","0","1","1","0","0","0","0","0",566163.25459999999,5941132.88310000021,10.00016766300,53.61482207200
"02","4","04","407","2018","08","15","4","3","5","7","0","0","1","0","0","0","0","0",566139.30149999994,5940890.06659999955,9.99975407500,53.61264287400
"02","4","03","406","2018","09","12","4","3","0","7","0","1","1","0","0","0","0","0",566077.90720000002,5941010.67040000018,9.99885178400,53.61373450400
"02","4","03","406","2018","09","13","4","3","5","3","0","1","1","0","0","0","0","0",566440.90020000003,5941531.57450000010,10.00444908600,53.61837001400
"02","4","04","407","2018","09","12","4","3","0","7","0","0","1","1","0","0","0","0",565782.79709999997,5940188.33939999994,9.99421793200,53.60638123400
"02","4","04","407","2018","09","11","4","3","5","3","0","0","1","0","0","0","0","0",565773.18270000000,5940189.20089999959,9.99407282900,53.60639018300
"02","4","03","406","2018","10","14","5","3","2","6","0","0","1","0","1","0","0","1",565233.44469999999,5939914.33100000024,9.98585921700,53.60398735100
"02","4","05","408","2018","10","13","2","3","5","7","0","0","1","0","0","0","0","0",566648.50179999997,5939979.91799999960,10.00725510600,53.60439872500
"02","4","03","406","2018","10","14","6","3","4","2","0","1","1","0","0","0","0","0",566596.98140000005,5942052.68080000021,10.00691977000,53.62303342500
"02","4","04","407","2018","12","14","6","3","2","6","0","0","1","0","0","0","0","0",565775.23300000001,5939709.95810000040,9.99400267200,53.60208289400
"02","4","04","407","2018","12","07","6","3","6","2","2","0","1","1","0","0","0","1",565807.93779999996,5939699.10340000037,9.99449453700,53.60198123500
"02","4","04","407","2018","12","18","3","3","5","2","2","1","1","0","0","0","0","0",565771.23999999999,5939680.66999999993,9.99393615900,53.60182017800
"02","4","04","407","2018","12","10","2","3","6","4","0","0","1","1","0","0","0","1",566719.65579999995,5941030.87270000018,10.00855531500,53.61383472000
"02","4","05","408","2018","01","19","5","3","2","6","2","0","1","0","0","0","0","1",567919.50760000001,5940282.71399999969,10.02652638100,53.60695677600
"02","4","05","408","2018","01","06","4","3","5","3","2","0","1","0","0","0","0","0",567013.47420000006,5940040.15299999993,10.01278292100,53.60489351700
"02","4","04","407","2018","01","20","2","3","2","6","2","0","1","0","0","0","0","1",567495.21129999997,5941035.14620000031,10.02027775100,53.61377377200
"02","4","05","408","2018","01","08","2","3","2","6","0","0","1","0","0","0","0","0",566994.83570000005,5940205.93759999983,10.01253692300,53.60638582400
"02","4","04","407","2018","01","18","4","2","6","4","2","1","0","1","0","0","0","1",567095.26560000004,5941354.73900000006,10.01430194300,53.61669736000
"02","4","05","408","2018","01","07","2","3","2","6","0","0","1","0","0","0","1","0",567839.83539999998,5940017.60159999970,10.02526472700,53.60458451400
"02","4","05","408","2018","02","11","5","3","2","6","0","0","1","0","0","0","0","0",567039.17139999999,5939839.77599999961,10.01312811900,53.60308942000
"02","4","04","407","2018","01","07","4","3","5","2","1","1","1","0","0","0","0","1",567375.43460000004,5941166.87060000002,10.01849597800,53.61497300800
"02","4","05","408","2018","03","19","6","2","6","4","2","0","1","1","0","0","0","0",567895.38580000005,5940161.30979999993,10.02613542100,53.60586883500
"02","4","11","430","2018","03","00","3","3","8","1","2","0","1","0","0","0","0","1",568305.94900000002,5942045.20000000019,10.03275248000,53.62274606900
"02","4","04","407","2018","04","15","6","2","4","2","0","0","1","0","1","0","0","0",567370.00509999995,5941152.42289999966,10.01841079100,53.61484386400
"02","4","04","407","2018","04","18","4","3","1","5","0","0","1","0","0","0","0","0",567169.79579999996,5940566.58359999955,10.01525849600,53.60960458500
"02","4","04","407","2018","04","18","7","2","1","7","0","1","1","0","0","0","0","0",567871.81909999996,5941578.75829999987,10.02608813300,53.61861058200
"02","4","04","407","2018","05","21","7","3","4","7","2","0","1","0","0","0","0","0",567079.87309999997,5941618.45959999971,10.01412609600,53.61906941000
"02","4","11","430","2018","05","18","4","3","4","6","0","0","1","0","0","0","1","0",567334.63390000002,5941475.28639999963,10.01794599300,53.61775001100
"02","4","05","408","2018","05","10","5","3","4","2","0","0","1","0","0","0","0","0",567826.32290000003,5939709.04669999983,10.02499340400,53.60181325700
"02","4","05","408","2018","05","17","5","3","5","3","0","0","1","0","0","0","0","0",567839.73380000005,5939978.25939999986,10.02525462800,53.60423095600
"02","4","05","408","2018","06","16","3","3","2","6","0","0","1","0","0","0","0","0",567844.15789999999,5939723.66239999980,10.02526606100,53.60194230000
"02","4","05","408","2018","06","02","5","3","9","7","2","0","1","0","0","0","0","0",567440.54839999997,5940236.31190000009,10.01927867700,53.60660162300