ULAND,UREGBEZ,UKREIS,UGEMEINDE,UJAHR,UMONAT,USTUNDE,UWOCHENTAG,UKATEGORIE,UART,UTYP1,ULICHTVERH,IstRad,IstPKW,IstFuss,IstKrad,IstGkfz,IstSonstig,STRZUSTAND,LINREFX,LINREFY,XGCSWGS84,YGCSWGS84
"02","4","05","408","2018","07","15","2","3","9","7","0","0","1","0","0","0","0","0",566335.04909999995,5939587.34320000000,10.00243516500,53.60091037400
"02","4","05","408","2018","07","16","4","3","5","2","0","0","1","0","1","0","0","0",567839.89590000000,5939968.92229999974,10.02525504500,53.60414702100
"02","4","04","407","2018","06","08","5","3","5","3","0","1","1","0","0","0","0","0",567391.85030000005,5941167.98859999981,10.01874432900,53.61498094400
"02","4","05","408","2018","06","16","5","3","5","3","0","0","1","0","0","0","0","0",567821.52480000001,5939984.57070000004,10.02498085900,53.60429003300
"02","4","05","408","2018","06","16","5","3","5","3","0","0","1","0","0","0","1","0",567839.74260000000,5939981.65149999969,10.02525549900,53.60426144000
"02","4","05","409","2018","06","15","5","3","5","3","0","1","1","0","0","0","0","0",568163.34230000002,5939542.10709999967,10.03004904500,53.60026923300
"02","4","05","408","2018","07","04","5","2","0","1","2","0","0","0","1","0","0","1",568105.62419999996,5939545.99230000004,10.02917784300,53.60031165300
"02","4","11","430","2018","06","15","3","3","5","2","0","0","1","0","0","0","0","0",568082.69559999998,5942026.93520000018,10.02937360300,53.62261099500
"02","4","05","408","2018","08","15","3","3","2","6","0","0","1","0","0","0","0","0",567839.79570000002,5940002.21250000037,10.02526077700,53.60444621600
"02","4","05","408","2018","07","15","6","2","0","7","0","0","0","0","0","0","1","0",566995.55550000002,5940200.87679999974,10.01254671200,53.60634025000
"02","4","04","407","2018","08","17","6","3","1","6","0","0","1","0","0","0","0","0",567082.25959999999,5941347.26310000010,10.01410375100,53.61663183900
"02","4","04","407","2018","08","15","1","3","6","4","0","1","1","1","0","0","0","0",567685.19209999999,5940745.85180000030,10.02308619800,53.61114935000
"02","4","04","407","2018","08","11","2","3","5","3","0","0","1","0","1","0","0","1",567590.75600000005,5941143.21740000043,10.02174523200,53.61473269500
"02","4","04","407","2018","08","08","4","3","5","2","0","1","1","0","0","0","0","0",567074.60589999997,5941629.45789999980,10.01404884800,53.61916892800
"02","4","05","408","2018","07","18","2","3","0","7","0","0","0","0","1","0","0","0",567306.74140000006,5939634.84979999997,10.01712681700,53.60121343000
"02","4","05","408","2018","08","23","3","3","3","6","2","1","0","0","0","0","0","0",567010.13040000002,5939933.96389999986,10.01270956300,53.60393961100
"02","4","11","430","2018","08","23","2","3","5","3","2","0","1","0","0","0","0","1",567862.93250000000,5942039.60080000013,10.02605425100,53.62275334700
"02","4","04","407","2018","08","00","7","3","1","5","2","0","1","0","0","0","0","0",567051.28449999995,5940781.54200000037,10.01351379200,53.61155161800
"02","4","05","408","2018","08","19","2","3","2","6","1","0","1","0","0","0","0","0",567825.24410000001,5939796.36050000042,10.02499610300,53.60259809200
"02","4","04","407","2018","08","08","4","3","5","2","0","1","1","0","0","0","0","0",567590.99269999994,5940369.31780000031,10.02158090500,53.60777757200
"02","4","04","407","2018","08","18","3","3","2","6","0","0","1","0","0","0","0","0",567652.91330000001,5940816.22910000011,10.02261366100,53.61178600500
"02","4","05","408","2018","07","15","1","3","5","3","0","0","1","0","0","0","0","0",567828.25989999995,5939553.83040000033,10.02498889800,53.60041806500
"02","4","04","407","2018","09","17","4","3","2","6","0","0","1","0","0","0","0","0",567407.43480000005,5941127.80810000002,10.01897117900,53.61461783400
"02","4","05","408","2018","08","19","3","3","0","2","0","1","1","0","0","0","0","0",567814.90319999994,5939554.99260000046,10.02478734600,53.60043023800
"02","4","04","407","2018","09","13","3","3","6","4","0","1","0","1","0","0","0","0",567076.78570000001,5941625.00250000041,10.01408083800,53.61912860700
"02","4","05","408","2018","09","17","2","3","5","3","0","0","1","0","0","0","1","0",567838.64670000004,5939976.76460000034,10.02523787600,53.60421766300
"02","4","04","407","2018","09","10","5","2","5","3","0","1","1","0","0","0","0","0",566968.21129999997,5940864.37799999956,10.01227612200,53.61230669900
"02","4","11","430","2018","09","04","1","3","0","6","2","0","0","1","0","0","1","0",568196.89300000004,5941000.16999999993,10.03087504600,53.61336855900
"02","4","04","407","2018","09","11","4","3","5","3","0","1","1","0","0","0","0","1",567276.57010000001,5941258.93130000029,10.01702161500,53.61581307200
"02","4","11","430","2018","09","18","2","3","0","7","0","1","1","0","0","0","0","0",567319.42189999996,5941468.23809999973,10.01771453800,53.61768862300
"02","4","05","408","2018","08","16","5","3","2","6","0","0","1","0","0","0","0","0",567787.78269999998,5940599.61519999988,10.02460480100,53.60982184800
"02","4","04","407","2018","09","17","2","3","3","2","0","1","0","0","0","1","0","0",567388.39720000001,5941165.37409999967,10.01869157300,53.61495789200
"02","4","11","430","2018","09","07","4","3","6","6","0","1","0","1","0","0","0","0",567777.36589999998,5941799.86450000014,10.02470856500,53.62060990700
"02","4","05","408","2018","09","17","1","3","2","6","1","0","1","0","0","0","0","1",567843.45609999995,5939779.73699999973,10.02526766100,53.60244633800
"02","4","04","407","2018","10","14","5","2","4","2","0","0","1","0","0","0","0","1",567373.05149999994,5941152.56479999982,10.01845686500,53.61484474700
"02","4","04","407","2018","10","05","7","3","1","6","2","0","1","0","0","0","0","0",567382.47739999997,5941156.65830000024,10.01860021500,53.61488032400
"02","4","05","408","2018","10","07","3","3","2","6","1","0","1","0","0","0","0","1",567448.55390000006,5939559.78170000017,10.01925324700,53.60052055400
"02","4","11","430","2018","10","12","4","3","4","6","0","1","0","0","0","0","0","0",567861.45750000002,5941972.29849999957,10.02601728400,53.62214869000
"02","4","05","408","2018","10","06","2","3","2","6","0","0","1","0","0","0","0","0",567907.11210000003,5939545.56570000015,10.02617846500,53.60033357800
"02","4","04","407","2018","10","14","5","3","4","2","0","1","1","0","0","0","0","0",567365.64170000004,5941146.52649999969,10.01834356700,53.61479143400
"02","4","05","408","2018","10","21","7","3","6","4","2","0","1","1","0","0","0","1",567839.92509999999,5940052.37579999957,10.02527365200,53.60489702000
"02","4","04","407","2018","11","13","4","3","4","2","0","0","1","0","0","0","0","0",566921.53460000001,5940504.13129999954,10.01149330600,53.60907509000
"02","4","11","430","2018","10","18","2","3","5","2","1","1","0","0","0","0","1","0",567186.02610000002,5941413.71030000038,10.01568648600,53.61721570500
"02","4","05","408","2018","10","16","2","3","5","2","0","0","1","0","0","0","0","0",567821.64749999996,5939980.02269999962,10.02498172400,53.60424914400
"02","4","05","408","2018","10","16","2","3","4","2","0","0","1","0","0","0","0","0",567826.33459999994,5939708.09970000014,10.02499337500,53.60180474400
"02","4","04","407","2018","10","16","3","3","6","3","0","1","0","1","0","0","0","0",567762.33420000004,5940644.55399999954,10.02422999200,53.61022900800
"02","4","05","408","2018","10","07","6","3","2","6","0","0","1","0","0","0","0","0",567983.48430000001,5940206.25470000040,10.02747646500,53.60626133500
"02","4","11","430","2018","10","13","5","3","2","2","0","0","1","0","0","0","0","1",567273.58889999997,5941446.95569999982,10.01701717100,53.61750324500
"02","4","05","408","2018","10","18","5","3","2","6","1","0","1","0","0","0","0","0",566995.26839999994,5940202.89539999980,10.01254280700,53.60635842800
"02","4","11","430","2018","11","10","4","3","2","6","0","0","1","0","0","0","0","1",567194.71129999997,5941410.22180000041,10.01581700900,53.61718324000
"02","4","11","430","2018","11","14","5","3","6","2","0","0","1","1","0","0","0","0",567214.51100000006,5941816.99170000013,10.01620408100,53.62083637200
"02","4","04","407","2018","11","15","3","3","0","7","0","1","0","0","0","0","1","0",567882.43790000002,5941400.06709999964,10.02620968900,53.61700329900
"02","4","05","408","2018","11","15","4","3","5","2","0","0","1","0","0","0","0","0",567826.32819999999,5939708.62179999985,10.02499339100,53.60180943700
"02","4","04","407","2018","12","07","6","2","6","2","2","0","0","1","0","0","1","1",567667.93480000005,5941040.94099999964,10.02288949300,53.61380356600
"02","4","05","408","2018","12","05","2","3","2","6","2","0","1","0","0","0","0","1",566995.51760000002,5940201.14290000033,10.01254619600,53.60634264600
"02","4","05","408","2018","12","11","7","3","2","6","0","0","1","0","0","1","0","1",567016.24199999997,5940017.04920000024,10.01281977600,53.60468552600
"02","4","05","408","2018","12","14","7","3","9","1","0","0","1","0","0","0","0","1",567860.22210000001,5940118.09130000044,10.02559465800,53.60548498200
"02","4","05","413","2018","01","18","5","3","2","6","2","0","1","0","0","0","0","1",566886.75509999995,5937588.66430000030,10.01034234600,53.58287785800
"02","4","05","413","2018","01","10","2","2","6","7","0","0","1","1","0","0","0","0",566913.44189999998,5937554.07050000038,10.01073797100,53.58256355400
"02","4","05","413","2018","02","20","7","2","6","4","2","0","0","1","1","0","0","0",566747.86250000005,5937389.91119999997,10.00820218500,53.58110933000
"02","4","05","413","2018","02","11","3","3","0","7","0","1","1","0","0","0","0","0",566942.71169999999,5937749.15249999985,10.01122186900,53.58431304900
"02","4","05","413","2018","03","07","3","3","5","3","0","1","1","0","0","0","0","0",566575.96629999997,5937310.31199999992,10.00558921600,53.58041580800
"02","4","05","413","2018","04","18","6","3","1","6","0","1","1","0","0","0","0","0",566994.17509999999,5937189.34489999991,10.01187896000,53.57927540500
"02","4","05","410","2018","03","09","4","3","5","3","0","1","1","0","0","0","0","0",566718.67370000004,5937908.93120000046,10.00787234000,53.58577755700
"02","4","05","410","2018","04","07","5","3","4","2","0","1","1","0","0","0","0","1",566687.51659999997,5938015.65830000024,10.00742456400,53.58674069200
"02","4","05","413","2018","04","18","1","2","0","7","0","1","1","0","0","0","0","0",567078.89280000003,5937434.06080000009,10.01321090900,53.58146387400
"02","4","05","410","2018","04","21","7","3","2","6","2","0","1","0","0","0","0","1",566775.95050000004,5938105.92679999955,10.00877959600,53.58754069400
"02","4","05","412","2018","04","19","2","3","0","7","0","1","0","0","0","0","0","0",567005.57039999997,5937370.92090000026,10.01209002600,53.58090580000
"02","4","05","413","2018","04","16","7","3","3","6","0","1","1","0","0","0","0","0",567003.24129999999,5937375.66640000045,10.01205587000,53.58094874600
"02","4","05","413","2018","04","23","7","2","6","4","2","0","1","1","0","0","0","0",566903.75049999997,5937557.52500000037,10.01059234600,53.58259583700
"02","4","05","410","2018","05","09","2","3","3","6","0","1","1","0","0","0","0","0",566501.63119999995,5938131.12600000016,10.00464154700,53.58780202700
"02","4","05","413","2018","05","21","2","3","1","7","0","1","1","0","0","0","0","0",566859.35259999998,5937440.81780000031,10.00989682000,53.58155263400
"02","4","05","413","2018","05","16","7","3","3","2","0","0","1","0","1","0","0","0",566836.54760000005,5937073.00210000016,10.00947365300,53.57824992400
"02","4","05","410","2018","05","11","1","3","3","2","0","0","1","0","1","0","0","0",566808.92370000004,5937832.74820000026,10.00921914000,53.58508139800
"02","4","05","413","2018","05","12","6","3","1","5","0","1","1","0","0","0","0","0",566853.00080000004,5937716.73809999973,10.00986000300,53.58403318100
"02","4","05","413","2018","06","23","4","3","3","6","2","1","0","0","0","0","0","0",566483.52249999996,5937326.84339999966,10.00419666600,53.58057610500
"02","4","06","414","2018","06","07","6","3","3","2","0","1","0","0","0","0","1","0",566951.70349999995,5936782.00850000046,10.01115021800,53.57562003300
"02","4","05","413","2018","06","11","6","3","0","7","0","1","1","0","0","0","0","0",566860.74089999998,5937096.04430000018,10.00984393200,53.57845392500
"02","4","05","413","2018","06","17","2","3","5","3","0","1","1","0","0","0","0","0",566576.76340000005,5937310.68499999959,10.00560133300,53.58041905900
"02","4","05","413","2018","06","12","7","3","0","2","0","0","1","0","0","0","1","0",566875.14599999995,5937609.93499999959,10.01017157500,53.58307050200
"02","4","05","413","2018","07","12","3","3","2","6","0","0","1","0","0","0","0","0",566845.33719999995,5937054.10059999954,10.00960233700,53.57807893300
"02","4","05","412","2018","06","09","5","3","6","7","0","1","0","0","0","0","1","0",567024.03590000002,5937333.29760000017,10.01236081200,53.58056531400
"02","4","05","413","2018","07","09","6","3","3","6","0","1","0","0","0","0","1","0",566911.94400000002,5937465.31589999981,10.01069631900,53.58176609500
"02","4","05","413","2018","06","12","4","3","2","6","0","0","1","0","1","0","0","0",566889.32209999999,5937583.96100000013,10.01038010600,53.58283526200
"02","4","06","414","2018","08","06","5","3","3","2","0","0","1","0","0","0","0","0",566960.79139999999,5936785.69940000027,10.01128823800,53.57565204400
"02","4","06","414","2018","07","09","3","3","4","2","0","0","1","0","1","0","0","0",567119.99829999998,5937140.27429999970,10.01376851400,53.57881831400
"02","4","05","410","2018","08","15","6","3","5","2","0","0","1","0","0","0","0","0",566605.93790000002,5937931.28039999958,10.00617437900,53.58599274400
"02","4","05","413","2018","08","00","4","3","3","6","2","1","0","0","0","0","0","0",566489.84950000001,5937325.11359999981,10.00429184700,53.58055975700
"02","4","05","413","2018","09","08","3","3","6","6","0","1","0","1","0","0","0","0",566590.95799999998,5937599.16590000037,10.00587725100,53.58300988100
"02","4","05","410","2018","09","08","3","3","5","3","0","1","1","0","0","0","0","1",566719.04709999997,5937900.75669999979,10.00787623200,53.58570404400
"02","4","05","413","2018","09","09","5","3","4","6","0","1","0","0","0","0","0","0",566807.88350000000,5937059.74060000014,10.00903795600,53.57813439300
"02","4","05","413","2018","09","20","2","3","5","3","2","0","1","0","0","0","0","1",566506.03529999999,5937773.95399999991,10.00463193500,53.58459150700
"02","4","05","413","2018","10","13","6","3","5","3","0","1","1","0","0","0","0","0",566700.50370000000,5937366.89829999954,10.00748205100,53.58090853500
"02","4","05","410","2018","10","13","5","2","1","7","0","0","1","0","0","0","0","1",566492.23210000002,5938154.41880000010,10.00450454300,53.58801255500
"02","4","05","410","2018","10","06","5","3","5","3","1","1","1","0","0","0","0","0",566046.65529999998,5938168.01319999993,9.99777717500,53.58819104600
"02","4","05","413","2018","10","05","4","3","6","4","2","0","0","1","0","0","1","1",566853.77439999999,5937649.09269999992,10.00985719400,53.58342514300
"02","4","05","410","2018","09","10","1","3","0","1","0","1","0","0","0","0","0","0",566616.96710000001,5937924.29619999975,10.00633947100,53.58592857500
"02","4","05","412","2018","11","17","4","3","4","6","2","1","1","0","0","0","0","0",567077.34010000003,5937224.42750000022,10.01314240700,53.57958006800
"02","4","05","413","2018","10","15","3","3","5","3","0","1","1","0","0","0","0","0",566314.10939999996,5937967.79470000044,10.00177441100,53.58635789200
"02","4","05","413","2018","11","17","4","3","1","5","2","1","1","0","0","0","0","0",566002.94689999998,5937992.65010000020,9.99707987500,53.58662053100
"02","4","05","410","2018","10","18","2","3","5","3","2","0","1","0","0","0","0","0",566523.33700000006,5938079.04899999965,10.00495829700,53.58733124900
"02","4","05","410","2018","11","17","7","3","5","3","2","0","1","0","1","0","0","0",566776.13000000000,5937874.58000000007,10.00873279300,53.58546152400
"02","4","05","413","2018","11","09","6","3","1","5","0","0","1","0","0","0","0","0",566891.69770000002,5937281.41299999971,10.01035113900,53.58011591500
"02","4","05","410","2018","11","09","5","3","0","2","0","0","1","0","0","0","1","1",566606.19090000005,5937931.62729999982,10.00617827500,53.58599583000
"02","4","05","413","2018","11","19","5","3","6","4","2","0","1","1","0","0","0","0",566753.13000000000,5937234.04000000004,10.00824839800,53.57970782000
"02","4","06","414","2018","12","18","1","3","0","7","2","0","0","0","1","0","0","1",566951.27919999999,5936781.94049999956,10.01114379700,53.57561947600
"02","4","05","413","2018","12","17","2","3","2","4","2","1","0","1","0","0","0","1",565996.54410000006,5937970.11720000021,9.99697840100,53.58641883000
"02","4","05","413","2018","12","00","3","3","0","7","2","0","1","1","0","0","0","1",566702.33089999994,5937369.17439999990,10.00751013100,53.58092875800
"02","4","05","410","2018","12","18","2","3","5","2","2","1","1","0","0","0","0","1",566608.23329999996,5937934.42810000014,10.00620972100,53.58602074100
"02","4","05","413","2018","12","15","7","3","5","3","0","0","1","0","0","0","0","1",566906.35569999996,5937552.75160000008,10.01063066800,53.58255260500
"02","4","10","427","2018","01","15","5","3","6","2","0","0","1","1","0","0","0","1",569202.43019999994,5938316.32290000003,10.04547633700,53.58911690100
"02","4","10","428","2018","01","22","2","3","5","3","2","0","1","0","0","0","0","0",568910.17799999996,5938761.37990000006,10.04116026100,53.59315514200
"02","4","10","427","2018","01","07","2","3","3","2","2","1","1","0","0","0","0","1",568996.42929999996,5938291.77460000012,10.04235931400,53.58892343300
"02","4","10","427","2018","02","12","7","3","2","6","0","0","1","0","0","0","0","1",568398.99100000004,5938233.79040000029,10.03332245800,53.58848060400
"02","4","10","427","2018","02","07","3","3","5","3","1","1","1","0","0","0","0","0",568415.25130000000,5938181.72039999999,10.03355664400,53.58801052500
"02","4","10","427","2018","02","12","5","3","5","3","0","1","1","0","0","0","0","0",569106.10699999996,5938709.79129999969,10.04410857200,53.59266572200
"02","4","08","421","2018","03","09","6","3","0","1","0","1","0","0","0","0","0","2",568991.80880000000,5937859.58270000014,10.04219395100,53.58503991000
"02","4","10","427","2018","02","16","2","3","5","3","0","1","1","0","0","0","0","0",569145.78150000004,5938033.52880000044,10.04455799500,53.58658289100
"02","4","10","428","2018","03","17","4","3","5","3","0","1","1","0","0","0","0","1",569117.02740000002,5938798.59480000008,10.04429321600,53.59346236200
"02","4","10","427","2018","02","06","5","3","6","2","2","0","1","1","0","0","0","0",569208.65029999998,5938255.43919999991,10.04555678300,53.58856891500
"02","4","10","427","2018","02","16","5","3","6","4","1","1","0","1","0","0","0","0",569115.67740000004,5938062.59210000001,10.04410974500,53.58684805400
"02","4","10","427","2018","03","15","6","3","1","7","0","0","1","0","0","0","1","0",569313.40390000003,5937848.38190000039,10.04704860600,53.58489683800
"02","4","10","426","2018","04","20","6","3","3","2","2","1","0","0","0","0","0","1",569499.42270000000,5938662.54250000045,10.05003946800,53.59218910100
"02","4","10","427","2018","04","07","4","3","5","3","0","1","1","0","0","0","0","1",568769.34820000001,5937993.79760000017,10.03886363900,53.58627532900
"02","4","10","427","2018","04","00","6","3","2","6","2","0","1","0","0","0","0","0",569138.22759999998,5938542.73340000026,10.04455675500,53.59116013100
"02","4","05","411","2018","05","18","5","3","5","3","0","1","1","0","0","0","0","0",568393.57660000003,5938093.67100000009,10.03320995800,53.58722204600
"02","4","10","427","2018","05","15","5","3","3","6","0","1","0","0","0","0","1","0",569104.87959999999,5938595.18240000028,10.04406463800,53.59163588900
"02","4","10","427","2018","05","14","7","3","3","2","0","1","1","0","0","0","0","0",569166.71640000003,5938452.24359999970,10.04496702700,53.59034313800
"02","4","10","426","2018","05","18","7","3","0","7","0","0","1","0","0","0","0","0",569482.64110000001,5938582.50169999991,10.04976813700,53.59147199700
"02","4","10","427","2018","05","13","2","3","0","1","0","0","1","0","0","0","0","0",569258.89700000000,5938128.14780000038,10.04628747700,53.58741830800
"02","4","10","427","2018","05","08","2","3","3","6","0","0","1","0","0","0","0","0",569208.73300000001,5938319.14599999972,10.04557216500,53.58914144000
"02","4","10","427","2018","05","20","4","3","3","2","0","1","0","0","0","0","1","0",568408.91850000003,5938154.24700000044,10.03345496700,53.58776444600
"02","4","10","427","2018","06","20","4","3","3","5","0","0","1","0","1","0","0","0",568935.64720000001,5938090.51929999981,10.04139674800,53.58712273600
"02","4","10","428","2018","06","14","2","3","1","5","0","1","1","0","0","0","0","0",568730.38939999999,5938639.44940000027,10.03841746600,53.59208294800
"02","4","05","411","2018","06","17","3","3","0","3","0","1","0","1","0","0","0","0",568400.34629999998,5938024.97250000015,10.03329714700,53.58660376500
"02","4","08","421","2018","06","08","3","3","2","6","0","0","1","0","0","1","0","0",568436.09800000000,5937764.05599999987,10.03377991100,53.58425422300
"02","4","10","428","2018","06","11","2","3","0","2","0","0","1","0","0","0","1","0",569116.86510000005,5938800.16870000027,10.04429111300,53.59347652800
"02","4","10","427","2018","07","11","6","3","2","6","0","0","1","0","0","0","0","0",569496.57550000004,5938408.44919999968,10.04993984600,53.58990593600
"02","4","08","423","2018","07","06","5","3","5","2","0","1","0","0","0","0","1","0",569302.71920000005,5937741.37029999960,10.04686346600,53.58393653200
"02","4","10","426","2018","06","15","4","3","3","2","0","0","1","0","1","0","0","0",569497.86129999999,5938759.91009999998,10.05003757800,53.59306435300
"02","4","10","426","2018","08","20","7","3","0","7","0","1","0","0","0","0","0","0",569497.08550000004,5938606.24469999969,10.04999161800,53.59168346100
"02","4","10","427","2018","08","08","3","3","1","5","0","0","1","0","0","0","0","0",569114.94570000004,5938001.09570000041,10.04408507100,53.58629547900
"02","4","10","427","2018","08","18","2","3","2","6","0","0","1","0","1","0","0","0",568399.12879999995,5938232.44990000036,10.03332424600,53.58846853900
"02","4","10","427","2018","08","17","3","3","5","7","0","0","1","0","0","1","0","0",569118.91480000003,5938646.18479999993,10.04428795100,53.59209239900
"02","4","10","427","2018","09","17","6","3","3","6","0","0","1","0","1","0","0","1",569224.84479999996,5938256.00250000041,10.04580151800,53.58857184000
"02","4","08","421","2018","09","09","6","3","4","2","0","1","1","0","0","0","0","0",569153.78570000001,5937732.35140000004,10.04461214000,53.58387514000
"02","4","10","427","2018","09","08","2","2","2","6","0","0","1","0","0","0","0","1",568371.65040000004,5938479.04339999985,10.03296324400,53.59068827700
"02","4","10","427","2018","10","19","2","3","2","6","1","0","1","0","0","0","0","1",568373.47519999999,5938464.89800000004,10.03298770800,53.59056091300
"02","4","08","421","2018","10","18","2","3","4","2","0","1","1","0","0","0","0","1",568970.06140000001,5937821.11340000015,10.04185699000,53.58469704500
"02","4","10","427","2018","10","02","2","2","0","7","2","0","1","1","0","0","0","0",569314.52509999997,5937736.82830000017,10.04704076100,53.58389415300
"02","4","10","427","2018","11","06","2","3","6","4","2","0","1","1","0","0","0","1",569112.39789999998,5938063.18279999960,10.04406034300,53.58685379400
"02","4","10","426","2018","11","18","3","3","6","2","2","0","1","1","0","0","0","0",569501.27890000003,5938606.12040000036,10.05005493500,53.59168178800
"02","4","10","427","2018","12","20","2","3","6","4","2","0","1","1","0","0","0","1",569260.19940000004,5938115.97609999962,10.04630444700,53.58730874800
"02","4","10","427","2018","12","14","2","3","2","6","0","0","1","0","0","0","0","1",569272.87589999998,5938134.95990000013,10.04650012900,53.58747768200
"02","4","05","411","2018","04","07","5","3","2","6","0","0","1","0","0","0","0","0",567309.78000000003,5938120.34360000025,10.01684584100,53.58760200300
"02","4","05","412","2018","05","17","3","3","4","7","0","0","1","0","0","0","0","0",567362.13710000005,5937995.03780000005,10.01760960600,53.58646914100
"02","4","05","410","2018","04","13","6","3","2","6","0","0","1","0","0","0","0","0",567143.11309999996,5938329.95349999983,10.01437355900,53.58950716300
"02","4","05","410","2018","08","21","7","3","4","7","2","0","1","0","1","0","0","0",567126.63080000004,5938340.73460000008,10.01412691400,53.58960616500
"02","4","05","412","2018","08","15","2","2","3","2","0","1","1","0","0","0","0","0",567401.76130000001,5937892.97589999996,10.01818603900,53.58554680600
"02","4","05","410","2018","06","14","6","3","3","2","0","1","1","0","0","0","0","0",567064.77469999995,5938380.40039999969,10.01320110100,53.58997056200
"02","4","05","412","2018","07","06","5","3","0","1","0","1","0","0","0","0","0","0",567357.35170000000,5938006.99519999977,10.01753990900,53.58657721800
"02","4","05","412","2018","10","18","5","2","6","4","1","0","1","1","0","0","0","0",567438.71669999999,5937794.65010000020,10.01872294700,53.58465838900
"02","4","05","409","2018","05","17","6","2","4","2","0","1","1","0","1","0","0","0",566825.21230000001,5938474.79910000041,10.00960268200,53.59084952500
"02","4","05","412","2018","07","12","5","3","5","2","0","1","0","0","0","0","1","0",567359.12300000002,5938002.95999999996,10.01756579100,53.58654072600
"02","4","05","410","2018","08","20","7","3","3","6","0","0","1","0","0","0","0","0",567128.27379999997,5938339.65990000032,10.01415150000,53.58959629600
"02","4","05","410","2018","09","11","1","3","2","6","0","0","1","0","0","0","0","0",567282.10800000001,5938183.03000000026,10.01644139300,53.58816892500
"02","4","05","412","2018","05","15","6","3","2","6","0","0","1","0","0","0","0","0",567347.70200000005,5938028.97840000037,10.01739890500,53.58677602400
"02","4","05","410","2018","01","14","3","3","0","7","0","0","0","0","1","0","0","1",566836.57759999996,5938316.64269999973,10.00974047400,53.58942670300
"02","4","05","412","2018","02","13","5","3","5","3","0","1","1","0","0","0","0","0",567310.21939999994,5938087.24739999976,10.01684533700,53.58730450700
"02","4","05","410","2018","02","20","3","3","3","6","2","1","1","0","0","0","0","0",566431.65570000000,5938314.60149999987,10.00362367400,53.58945982100
"02","4","05","411","2018","03","08","4","3","3","6","0","0","1","0","0","0","1","0",567559.85380000004,5937720.66089999955,10.02053649500,53.58397784700
"02","4","05","410","2018","03","14","6","3","5","2","0","0","1","0","1","0","0","0",566473.59640000004,5938194.87210000027,10.00423167800,53.58837847800
"02","4","05","409","2018","05","18","5","3","2","6","0","0","1","0","0","0","0","0",566338.63970000006,5938467.33210000023,10.00225114200,53.59084421200
"02","4","05","410","2018","05","20","1","3","1","5","0","1","1","0","0","0","0","0",567143.59140000003,5938393.62249999959,10.01439448900,53.59007930300
"02","4","05","410","2018","05","09","2","3","5","3","0","1","0","0","0","0","0","0",567470.35829999996,5938341.57290000003,10.01931911600,53.58956957800
"02","4","05","410","2018","05","22","3","3","3","6","2","1","1","0","0","0","0","0",566496.55689999997,5938227.83220000006,10.00458551500,53.58867178400
"02","4","05","412","2018","06","13","4","3","0","7","0","0","1","0","0","0","0","0",567209.35129999998,5937822.49100000039,10.01526477100,53.58493804600
"02","4","05","410","2018","07","16","5","3","0","7","0","1","0","0","0","0","0","0",567489.52200000000,5938397.48099999968,10.01962068000,53.59006956400
"02","4","05","410","2018","07","14","2","3","0","7","0","1","1","0","0","0","0","0",566223.74080000003,5938381.91739999969,10.00049739500,53.59009110200
"02","4","05","410","2018","09","14","5","3","1","5","0","1","1","0","0","0","0","0",566606.28650000005,5938222.04860000033,10.00624172100,53.58860587800
"02","4","05","411","2018","10","00","5","3","1","5","2","1","1","0","0","0","0","0",567608.86869999999,5937739.24930000026,10.02128079600,53.58413858600
"02","4","05","411","2018","11","16","3","3","1","5","0","1","1","0","0","0","0","0",567543.56579999998,5938275.09900000039,10.02041052400,53.58896274400
"02","4","05","410","2018","11","14","4","3","8","1","0","1","0","0","0","0","0","0",567164.36930000002,5938381.19629999995,10.01470566800,53.58996496600
"02","4","05","410","2018","11","11","6","3","5","3","0","1","1","0","0","0","0","1",566754.73329999996,5938314.69359999988,10.00850379600,53.58941961300
"02","4","05","410","2018","12","17","4","3","5","3","2","1","1","0","0","0","0","1",566248.83109999995,5938313.56589999981,10.00086187500,53.58947364600
"02","4","05","411","2018","07","11","4","2","4","6","0","1","0","0","0","0","0","0",567485.84909999999,5937563.20660000015,10.01938474900,53.58257231500
"02","4","08","418","2018","10","10","6","3","5","3","0","1","1","0","0","0","0","0",567474.70799999998,5937332.89840000030,10.01916669800,53.58050394000
"02","4","06","414","2018","07","09","6","3","5","7","0","0","1","0","0","0","0","0",567471.80079999997,5937320.73460000008,10.01912016400,53.58039499600
"02","4","05","412","2018","12","09","6","3","4","2","0","0","1","0","1","0","0","0",567473.61529999995,5937636.24509999994,10.01921577900,53.58323029500
"02","4","06","414","2018","01","10","6","3","5","3","0","1","1","0","0","0","0","1",567457.25240000000,5937326.62029999960,10.01890173000,53.58044976300
"02","4","05","412","2018","04","08","4","3","5","3","0","1","1","0","0","0","0","0",567397.07999999996,5937619.58000000007,10.01805628500,53.58309036500
"02","4","12","431","2018","01","16","5","3","2","6","2","0","1","0","0","0","0","1",567373.49950000003,5943187.82160000037,10.01890412000,53.63313567000
"02","4","12","431","2018","01","16","6","3","5","3","2","0","1","0","0","0","0","1",568258.88399999996,5943455.61359999981,10.03235036400,53.63542761600