ULAND,UREGBEZ,UKREIS,UGEMEINDE,UJAHR,UMONAT,USTUNDE,UWOCHENTAG,UKATEGORIE,UART,UTYP1,ULICHTVERH,IstRad,IstPKW,IstFuss,IstKrad,IstGkfz,IstSonstig,STRZUSTAND,LINREFX,LINREFY,XGCSWGS84,YGCSWGS84
"02","4","12","431","2018","01","12","6","3","0","6","0","0","1","0","0","0","0","1",568091.19880000001,5942940.81620000023,10.02970207200,53.63082296400
"02","5","12","520","2018","01","14","2","3","6","4","0","0","1","1","0","0","0","0",568463.87490000005,5943758.98739999998,10.03551687100,53.63812726300
"02","4","12","431","2018","01","08","2","3","4","2","1","0","1","0","0","0","0","0",568362.25199999998,5943212.47800000012,10.03386000000,53.63322906600
"02","5","07","515","2018","01","14","7","3","5","7","0","0","1","0","0","0","0","0",571591.89379999996,5941914.03619999997,10.08239467200,53.62112840000
"02","4","12","431","2018","01","18","4","3","2","6","2","0","1","0","0","0","0","1",567916.31909999996,5942981.59999999963,10.02706684100,53.63121220600
"02","5","07","515","2018","01","14","5","3","2","6","0","0","1","0","0","0","0","1",570867.49159999995,5940516.19199999981,10.07112653800,53.60866460600
"02","4","12","431","2018","01","08","4","3","6","2","0","0","1","1","0","0","0","0",567000.45230000000,5942535.29380000010,10.01312292300,53.62731923800
"02","5","07","515","2018","01","16","6","3","4","2","0","0","1","0","1","0","0","1",571267.59979999997,5941439.39780000038,10.07738401200,53.61690710300
"02","4","12","431","2018","01","19","3","3","2","6","2","0","1","0","0","0","0","0",567092.35479999997,5942963.96380000003,10.01460477100,53.63115995500
"02","4","12","431","2018","01","15","2","3","5","3","0","0","1","0","0","0","0","1",567157.89850000001,5943502.89219999965,10.01571211800,53.63599493100
"02","5","07","515","2018","02","17","6","2","5","3","2","1","1","0","0","0","0","1",571468.40130000003,5940506.86519999988,10.08020508000,53.60849916400
"02","5","07","515","2018","02","16","6","3","3","6","0","0","1","0","0","0","0","0",571163.39240000001,5941073.44330000039,10.07572535400,53.61363247100
"02","4","11","430","2018","02","19","5","3","6","4","2","0","1","1","0","0","0","1",567403.87390000001,5942123.06790000014,10.01913279300,53.62356276000
"02","5","07","515","2018","01","17","1","3","2","6","2","0","1","0","0","0","0","1",571400.04819999996,5941607.08829999994,10.07942435000,53.61839608200
"02","5","09","517","2018","01","18","4","2","6","2","2","0","1","1","0","0","0","1",570489.18449999997,5943388.37779999990,10.06605997400,53.63452777600
"02","4","12","431","2018","01","00","7","3","8","7","2","0","1","0","0","0","0","1",567000.38000000000,5942575.41000000015,10.01313046600,53.62767977500
"02","5","07","515","2018","02","18","6","3","6","2","2","0","1","1","0","0","0","1",571554.75939999998,5940828.35199999996,10.08158391200,53.61137654700
"02","5","07","515","2018","02","10","6","3","2","6","0","1","0","0","0","0","0","0",570653.60999999999,5940638.84999999963,10.06792225700,53.60979581200
"02","5","07","515","2018","01","08","4","3","5","3","1","0","1","0","0","0","1","1",570515.09950000001,5940504.11060000025,10.06579858900,53.60860357700
"02","5","08","516","2018","03","07","5","3","5","3","0","0","1","0","0","0","0","0",569883.14000000001,5940288.31799999997,10.05620025100,53.60674892500
"02","4","12","431","2018","03","15","4","2","5","3","0","0","1","0","0","1","0","1",568262.45979999995,5943450.98440000042,10.03240341900,53.63538554700
"02","5","08","516","2018","02","07","6","3","6","4","0","0","1","1","0","0","0","0",570032.35649999999,5940680.97039999999,10.05854330900,53.61025775900
"02","4","11","430","2018","02","07","2","3","2","2","0","0","1","0","0","0","0","0",568276.64009999996,5942167.83330000006,10.03233631800,53.62385200000
"02","4","12","431","2018","02","13","1","3","2","6","0","0","1","0","0","0","0","0",567895.44579999999,5942788.85520000011,10.02670918500,53.62948271000
"02","5","07","515","2018","02","15","3","3","2","6","0","0","1","0","0","0","1","1",570691.57180000003,5940502.31799999997,10.06846495900,53.60856368600
"02","4","12","431","2018","03","13","4","3","5","3","0","0","1","0","0","0","1","1",568259.87620000006,5943457.24179999996,10.03236572400,53.63544212000
"02","5","07","515","2018","02","06","5","3","5","7","2","0","1","0","0","0","0","1",571167.97860000003,5941085.40440000035,10.07579740000,53.61373934100
"02","4","12","431","2018","02","07","7","2","0","1","1","0","1","0","0","0","0","0",567861.57169999997,5942782.85589999985,10.02619572600,53.62943318600
"02","5","07","515","2018","03","12","3","3","5","3","0","0","1","0","0","0","0","0",571580.39229999995,5941890.25619999971,10.08221534800,53.62091626400
"02","4","11","430","2018","02","18","5","2","2","6","2","0","1","0","0","0","0","0",568643.92409999995,5940646.50050000008,10.03755329600,53.61013173400
"02","5","07","515","2018","03","07","3","3","2","6","0","0","1","0","0","0","1","1",571564.63800000004,5941857.69139999989,10.08196972300,53.62062576100
"02","5","07","515","2018","04","09","5","3","1","6","0","0","1","0","0","0","0","0",571006.25480000000,5940527.09879999980,10.07322595500,53.60874383700
"02","4","11","430","2018","03","17","6","3","4","2","0","1","1","0","0","0","0","0",568603.08299999998,5940794.88939999975,10.03696876900,53.61147066000
"02","4","12","431","2018","03","11","2","3","1","6","0","0","1","0","0","0","0","0",567656.21219999995,5942763.65919999965,10.02308667300,53.62928724300
"02","4","11","430","2018","04","09","4","3","0","3","0","1","1","0","0","0","0","0",569753.68370000005,5943004.24880000018,10.05485241800,53.63117415900
"02","5","07","515","2018","03","08","6","3","5","3","0","0","1","0","0","0","1","0",571468.68000000005,5940435.21999999974,10.08019285900,53.60785525700
"02","5","07","515","2018","03","09","3","3","6","2","0","0","1","1","0","0","0","0",571219.85620000004,5941330.28320000041,10.07663743800,53.61593299400
"02","4","12","431","2018","04","07","5","3","5","3","0","1","1","0","0","0","0","1",567695.55319999997,5942448.17470000032,10.02361285500,53.62644688500
"02","5","08","516","2018","03","07","5","3","6","4","1","0","0","1","0","0","1","0",570112.18339999998,5940609.90570000000,10.05973367900,53.60960842600
"02","4","12","431","2018","03","12","1","3","2","6","0","0","1","0","0","0","0","0",567097.01919999998,5942981.54569999967,10.01467908800,53.63131736700
"02","5","07","515","2018","03","11","7","3","3","6","0","0","1","0","0","0","0","1",571506.47279999999,5941750.58179999981,10.08106591100,53.61967112400
"02","4","11","430","2018","03","15","6","3","3","7","0","0","1","0","0","0","0","0",568153.09310000006,5942403.82349999994,10.03052030000,53.62598894400
"02","4","11","430","2018","03","12","5","3","2","6","0","0","1","0","0","0","0","0",569502.79630000005,5943406.07760000043,10.05114883100,53.63481874600
"02","4","12","431","2018","03","19","5","3","6","4","2","0","1","1","0","0","0","1",566987.38230000006,5942523.22670000046,10.01292272700,53.62721246300
"02","5","07","515","2018","04","17","6","3","5","2","0","0","1","0","0","0","0","0",571678.41940000001,5942079.28880000021,10.08374063700,53.62260166900
"02","4","12","431","2018","04","07","5","3","3","5","0","1","1","0","0","0","0","0",566992.81050000002,5942748.48400000017,10.01305328100,53.62923617200
"02","4","11","430","2018","04","08","3","3","3","2","0","1","1","0","0","0","0","0",568374.01710000006,5941748.41339999996,10.03371627600,53.62006995700
"02","5","08","516","2018","04","19","1","3","0","7","0","0","1","0","0","0","0","0",570267.01540000003,5940537.12550000008,10.06205708400,53.60893361000
"02","5","09","517","2018","05","07","4","3","1","5","0","1","1","0","0","0","0","0",571496.40079999994,5943450.57019999996,10.08130418100,53.63495008700
"02","5","07","515","2018","05","14","3","3","2","6","0","0","1","0","0","0","0","0",571189.77769999998,5941180.46490000002,10.07614858400,53.61459068000
"02","5","07","515","2018","05","15","1","3","5","2","0","1","1","0","0","0","0","0",571264.67989999999,5941441.42609999981,10.07734034300,53.61692572900
"02","4","12","431","2018","05","17","3","3","2","6","0","0","1","0","0","0","0","1",567154.99899999995,5943496.39259999990,10.01566686900,53.63593689100
"02","5","07","515","2018","05","09","2","3","3","5","0","0","1","0","0","0","1","0",571042.96450000000,5940764.39859999996,10.07383480700,53.61087145600
"02","5","07","515","2018","05","10","2","2","0","6","0","0","1","0","1","0","0","0",570632.27119999996,5940536.70729999989,10.06757662900,53.60888073900
"02","5","07","515","2018","04","15","2","3","0","7","0","1","1","0","0","0","0","1",571207.70120000001,5941287.90249999985,10.07644403600,53.61555377500
"02","4","12","431","2018","04","11","2","3","2","2","0","0","1","0","0","0","1","1",568471.04110000003,5943300.44460000005,10.03552431000,53.63400540300
"02","5","07","515","2018","05","21","7","3","2","6","1","0","1","0","0","0","0","0",571052.74820000003,5940808.51389999967,10.07399272300,53.61126659000
"02","5","07","515","2018","05","09","2","2","4","6","0","0","1","0","0","0","1","0",570908.18359999999,5940385.21549999993,10.07171165300,53.60748202300
"02","4","12","431","2018","05","14","1","3","1","7","0","1","1","0","0","0","0","0",568074.18610000005,5943180.20280000009,10.02949721800,53.63297654800
"02","4","12","431","2018","05","19","2","3","5","3","0","0","1","0","0","0","0","0",568267.70079999999,5943447.94099999964,10.03248200200,53.63535751300
"02","4","12","431","2018","05","16","3","3","6","4","0","0","1","1","0","0","0","0",567776.98109999998,5942559.40099999961,10.02486811700,53.62743594600
"02","4","12","431","2018","05","08","3","3","2","6","0","0","1","0","0","0","0","0",567878.15440000000,5942650.59750000015,10.02641759700,53.62824242500
"02","4","12","431","2018","05","13","3","3","2","2","0","0","1","0","0","0","0","0",566922.12329999998,5942235.03270000033,10.01187414600,53.62463078600
"02","5","07","515","2018","05","12","3","3","2","6","0","0","1","0","0","0","0","0",571466.91440000001,5940486.87179999985,10.08017802500,53.60831968700
"02","4","12","431","2018","05","07","3","3","2","6","0","0","1","0","0","0","0","0",567132.97670000000,5943131.30030000024,10.01525507400,53.63265861100
"02","5","07","515","2018","05","11","5","3","4","2","0","1","1","0","0","0","0","0",571476.40159999998,5941674.92709999997,10.08059400400,53.61899532800
"02","4","11","430","2018","05","13","1","3","2","6","0","0","1","0","0","0","0","0",568349.77430000005,5941850.58339999989,10.03337225300,53.62099132600
"02","4","11","430","2018","05","17","4","3","5","2","0","1","0","0","0","0","1","0",568367.33200000005,5941740.23520000000,10.03361342900,53.61999733200
"02","5","07","515","2018","06","13","6","3","1","7","0","0","1","0","1","0","0","0",571485.22900000005,5941714.23469999991,10.08073645600,53.61934737600
"02","4","11","430","2018","05","14","6","2","3","6","0","1","0","0","0","0","0","0",568422.11280000000,5941522.25540000014,10.03439359000,53.61803118800
"02","4","12","431","2018","05","23","6","3","7","7","2","0","0","0","1","0","1","0",567678.13089999999,5942735.34999999963,10.02341190900,53.62902999400
"02","5","07","515","2018","05","12","5","3","2","6","0","0","1","0","0","0","0","0",570718.75309999997,5940504.48280000035,10.06887620300,53.60857947300
"02","5","07","515","2018","05","07","3","3","3","6","0","1","0","0","0","0","0","0",571204.61390000000,5941273.97520000022,10.07639419100,53.61542903200
"02","4","12","431","2018","06","18","2","3","2","6","0","0","1","0","0","0","0","0",567368.97190000000,5942208.39580000006,10.01862364000,53.62433409900
"02","5","07","515","2018","06","15","4","3","5","2","0","0","1","0","0","0","0","0",570960.32889999996,5940519.27759999968,10.07253015900,53.60867977100
"02","5","07","515","2018","06","16","5","3","2","2","0","0","1","0","0","0","0","1",571212.06240000005,5941332.41559999995,10.07652012900,53.61595321800
"02","5","07","515","2018","06","18","3","3","0","6","0","1","1","0","0","0","0","0",571142.09420000005,5941018.90440000035,10.07539101100,53.61314522700
"02","5","07","515","2018","06","07","6","3","3","2","0","1","1","0","0","0","0","0",571264.48459999997,5941441.56180000026,10.07733742200,53.61692697500
"02","5","07","515","2018","06","16","5","3","4","6","0","1","0","0","0","0","0","0",571499.84719999996,5941739.24569999985,10.08096315900,53.61957015200
"02","5","07","515","2018","06","15","3","3","1","5","0","1","1","0","0","0","0","0",571764.63170000003,5941125.25490000006,10.08482400600,53.61401607300
"02","4","11","430","2018","06","20","2","3","2","6","0","0","1","0","0","0","0","0",568509.78209999995,5941116.97290000040,10.03562957000,53.61437744400
"02","5","07","515","2018","06","17","2","3","2","6","0","0","1","0","0","0","0","0",570988.65740000003,5940577.56049999967,10.07297152700,53.60919971700
"02","5","07","515","2018","06","10","1","2","1","5","0","0","1","0","0","0","1","0",571471.47300000000,5940596.74069999997,10.08027211400,53.60930644700
"02","5","08","516","2018","07","14","2","3","6","2","0","0","1","1","0","0","0","0",569476.33340000000,5940692.29810000025,10.05014307100,53.61043359200
"02","5","07","515","2018","07","17","2","3","5","3","0","0","1","0","0","0","1","0",571250.88000000000,5941459.91000000015,10.07713599300,53.61709371900
"02","5","07","515","2018","07","19","1","3","4","6","0","1","0","0","0","0","0","0",571662.76870000002,5941594.23749999981,10.08339241600,53.61824471300
"02","4","12","431","2018","07","22","6","3","0","7","2","1","0","0","0","0","0","0",567289.85789999994,5943320.26999999955,10.01766805600,53.63433674900
"02","5","07","515","2018","07","17","5","2","6","4","0","0","1","1","0","0","0","0",571269.23210000002,5940518.52460000012,10.07719800100,53.60863107600
"02","5","08","516","2018","07","13","5","3","3","6","0","0","1","0","0","0","1","0",569643.74340000004,5940468.33059999999,10.05262296200,53.60839857100
"02","5","09","517","2018","06","19","5","3","5","3","0","1","1","0","0","0","0","0",571600.38809999998,5943466.33409999963,10.08288019400,53.63507754100
"02","4","11","430","2018","07","16","5","3","5","3","0","1","1","0","0","0","0","0",569062.45710000000,5940689.66970000044,10.04388784300,53.61046469200
"02","4","12","431","2018","06","14","5","2","2","6","0","0","1","0","0","0","0","0",567131.97270000004,5943127.15010000020,10.01523899800,53.63262144200
"02","5","08","516","2018","07","18","2","3","2","6","0","0","1","0","0","0","0","0",569566.98890000000,5940477.33910000045,10.05146509000,53.60848972700
"02","5","08","516","2018","07","15","2","3","5","2","0","0","0","0","1","0","1","0",569441.98999999999,5940560.69000000041,10.04959472900,53.60925538300
"02","5","07","515","2018","06","14","4","2","2","6","0","0","1","0","0","1","0","0",571472.10629999998,5940698.20390000008,10.08030495900,53.61021820100
"02","5","07","515","2018","06","15","4","3","3","6","0","1","1","0","0","0","0","0",571499.01119999995,5940847.92050000001,10.08074590800,53.61156001900
"02","5","08","516","2018","07","19","5","3","5","3","0","0","1","0","0","0","0","0",569474.98780000000,5940710.60450000037,10.05012681800,53.61059828900
"02","4","11","430","2018","07","22","6","2","3","2","2","1","0","0","0","0","0","0",568715.48389999999,5940452.89049999975,10.03859202800,53.60838237500
"02","4","11","430","2018","08","14","3","3","0","6","0","1","1","0","0","0","0","0",569756.95849999995,5943135.52419999987,10.05493136200,53.63235348700
"02","5","07","515","2018","08","16","6","3","3","2","0","1","1","0","0","0","0","0",570621.61760000000,5940337.31989999954,10.06737044600,53.60709029100
"02","4","11","430","2018","08","16","7","3","9","2","0","0","1","0","1","0","0","0",569518.90610000002,5943415.04409999959,10.05139443200,53.63489718800
"02","5","08","516","2018","07","09","4","3","5","3","0","1","0","0","0","0","1","0",569894.09809999994,5940482.70150000043,10.05640943900,53.60849438400
"02","4","12","431","2018","07","05","4","3","3","6","0","1","1","0","0","0","0","0",567999.72510000004,5942409.59609999973,10.02820294600,53.62606076300
"02","4","12","431","2018","08","01","7","3","5","3","2","0","1","0","0","0","0","0",568259.48899999994,5943456.60639999993,10.03235973000,53.63543646000
"02","5","07","515","2018","08","19","4","3","6","4","0","1","0","1","0","0","0","0",571325.53980000003,5940622.92920000013,10.07807279700,53.60956168800
"02","5","07","515","2018","08","18","3","3","2","2","0","0","1","0","0","0","0","0",571352.14460000000,5941546.71449999977,10.07868645200,53.61786003700
"02","5","12","520","2018","08","06","4","3","4","6","0","1","0","0","0","0","0","1",568705.03520000004,5943458.51219999976,10.03909739800,53.63539529500
"02","5","07","515","2018","07","18","3","3","2","6","0","0","1","0","0","0","0","0",570533.13829999999,5940503.03149999958,10.06607094000,53.60859145100
"02","5","09","517","2018","08","13","3","2","5","3","0","1","1","0","0","0","0","0",571152.25679999997,5943409.24019999988,10.07609094200,53.63462555300
"02","5","07","515","2018","07","11","2","2","6","4","0","0","1","1","0","0","0","0",570641.25989999995,5940599.86359999981,10.06772678300,53.60944710900
"02","4","11","430","2018","08","17","7","3","2","6","0","0","1","0","0","0","0","1",569585.56510000001,5943451.89460000023,10.05241062900,53.63521950400
"02","5","09","517","2018","08","07","2","3","2","6","0","1","1","0","0","0","0","0",571587.48069999996,5943460.69189999998,10.08268372300,53.63502860100
"02","4","12","431","2018","08","14","3","3","2","6","0","0","1","0","0","0","1","1",567158.15940000000,5943231.21549999993,10.01565741500,53.63355332400
"02","4","12","431","2018","08","10","2","3","1","7","0","1","1","0","0","0","0","0",567628.87329999998,5942798.96740000043,10.02268100300,53.62960809100
"02","4","11","430","2018","09","05","7","3","2","6","2","1","1","0","0","0","0","0",568954.84149999998,5943102.74590000045,10.04279594000,53.63216518100
"02","4","11","430","2018","09","15","6","3","2","6","0","0","1","0","0","0","0","1",569187.07750000001,5943231.26539999992,10.04633595400,53.63328954000
"02","4","12","431","2018","09","08","4","3","5","3","0","1","1","0","0","0","0","0",567697.20209999999,5942436.42879999988,10.02363522900,53.62634111000
"02","4","12","431","2018","09","18","6","3","5","3","0","1","1","0","0","0","0","0",567048.17500000005,5942217.10159999970,10.01377588000,53.62445351300
"02","4","12","431","2018","08","09","4","3","5","2","0","1","1","0","0","0","0","0",568343.11369999999,5943598.86180000007,10.03365550100,53.63670399700
"02","4","12","431","2018","08","08","5","3","3","2","0","1","1","0","0","0","0","0",567183.60800000001,5943421.92860000022,10.01608340200,53.63526400800
"02","4","11","430","2018","08","07","4","3","6","4","0","1","1","1","0","0","0","0",568617.97470000002,5940463.68900000025,10.03712088100,53.60849220100
"02","5","07","515","2018","08","14","4","3","5","3","0","1","1","0","0","0","0","0",571188.36690000002,5940875.13570000045,10.07605748400,53.61184690400
"02","5","08","516","2018","08","06","3","3","2","6","0","0","1","0","0","0","1","0",570424.15139999997,5940954.32079999987,10.06452598500,53.61266182700
"02","5","07","515","2018","09","16","2","3","5","3","0","0","1","0","1","0","0","0",571431.69039999996,5940954.77520000003,10.07975301800,53.61252949600
"02","5","07","515","2018","09","11","6","3","1","7","0","1","1","0","0","0","0","0",571593.62419999996,5941917.61390000023,10.08242165100,53.62116031600
"02","5","07","515","2018","09","07","3","3","4","6","0","0","1","0","1","0","0","0",571732.88520000002,5943090.49230000004,10.08479702400,53.63168176300
"02","5","07","515","2018","09","16","5","3","1","6","0","0","1","0","0","0","0","0",571468.15079999994,5940474.08129999973,10.08019377500,53.60820457200
"02","4","12","431","2018","09","17","5","2","6","4","0","0","1","1","0","0","0","0",566980.83929999999,5943542.07259999961,10.01304312900,53.63636973600
"02","5","07","515","2018","09","14","4","3","5","3","0","0","1","0","0","0","0","0",571467.15520000004,5940684.78399999999,10.08022705900,53.61009827300
"02","5","08","516","2018","09","19","5","3","5","3","1","1","1","0","0","0","0","0",570266.28489999997,5940764.84910000023,10.06209740200,53.61098025100
"02","4","11","430","2018","09","16","2","3","2","6","0","0","1","0","0","0","0","0",568436.08920000005,5941440.00260000024,10.03458676900,53.61729015400
"02","5","08","516","2018","09","09","3","3","0","3","0","0","1","0","1","0","0","0",570238.27460000000,5940743.09759999998,10.06166919400,53.61078852800
"02","4","11","430","2018","09","09","3","3","4","2","0","1","1","0","0","0","0","0",568491.74569999997,5941212.67300000042,10.03537801500,53.61523986200
"02","4","12","431","2018","09","14","6","3","4","6","0","1","0","0","0","0","0","0",567325.55180000002,5943281.72099999990,10.01819944200,53.63398571700
"02","5","08","516","2018","09","00","1","3","4","6","2","0","1","0","0","0","0","0",569079.56649999996,5940859.17300000042,10.04418399100,53.61198576400
"02","5","08","516","2018","09","16","7","3","2","2","0","0","1","0","0","0","0","0",569748.16760000004,5940517.71410000045,10.05421203100,53.60882848900
"02","5","09","517","2018","10","12","1","3","2","6","0","0","1","0","0","0","0","0",569923.37659999996,5943619.23070000019,10.05755634200,53.63667832400
"02","4","12","431","2018","10","07","2","3","5","3","0","1","1","0","0","0","0","1",568345.91290000000,5943598.15139999986,10.03369767400,53.63669724700
"02","5","07","515","2018","10","11","5","2","3","2","0","1","1","0","0","0","0","1",571264.43440000003,5941441.59659999982,10.07733667100,53.61692729400
"02","4","12","431","2018","10","05","6","3","3","6","2","0","1","0","1","0","0","0",567878.95420000004,5942678.36259999964,10.02643574500,53.62849184800
"02","4","11","430","2018","10","18","1","3","2","6","2","0","1","0","0","0","0","0",568616.71169999999,5940722.60319999978,10.03715881500,53.61081923600
"02","5","12","520","2018","10","18","2","3","2","6","0","0","1","0","0","0","0","0",568359.97380000004,5943610.32730000000,10.03391297600,53.63680483600
"02","4","11","430","2018","10","13","7","3","2","6","0","0","1","0","0","0","0","0",567877.62769999995,5942436.18979999982,10.02636287400,53.62631560400
"02","5","12","520","2018","10","13","1","3","8","7","0","0","1","0","0","0","0","0",569386.40070000000,5943771.95199999958,10.04947042000,53.63812228500
"02","4","12","431","2018","10","16","5","3","4","2","0","1","1","0","0","0","0","0",567861.99179999996,5943028.95210000034,10.02625574700,53.63164480600
"02","4","11","430","2018","11","09","6","3","1","6","0","1","0","0","0","0","0","1",567885.92220000003,5942303.91700000037,10.02645942300,53.62512578800
"02","4","11","430","2018","10","10","4","3","1","6","0","0","1","0","0","0","0","0",568604.49760000000,5942863.76979999989,10.03744600000,53.63006353400
"02","5","07","515","2018","11","17","3","3","4","6","2","0","1","0","0","0","0","1",571342.18969999999,5940509.47860000003,10.07829843200,53.60853985100
"02","5","07","515","2018","10","18","6","3","3","6","2","0","1","0","0","0","0","1",571391.32510000002,5941597.64219999965,10.07929033400,53.61831238000
"02","5","07","515","2018","10","18","4","2","6","6","2","1","0","1","0","0","0","0",571752.39339999994,5942330.59339999966,10.08491678800,53.62484998100
"02","4","12","431","2018","10","07","2","3","0","2","2","1","1","0","0","0","0","1",568043.73129999998,5942910.82569999993,10.02897781900,53.63055961000
"02","5","08","516","2018","11","17","3","3","5","2","2","1","1","0","0","0","0","0",569960.22999999998,5940475.76130000036,10.05740724000,53.60842318700
"02","5","07","515","2018","10","20","5","3","3","2","2","1","1","0","0","0","0","0",570936.23400000005,5940522.38329999987,10.07216675400,53.60871094400
"02","4","12","431","2018","11","07","4","3","5","3","1","0","1","0","1","0","0","1",567465.15850000002,5942796.76470000017,10.02020527000,53.62960941800
"02","5","07","515","2018","11","07","2","3","6","4","0","0","1","1","0","0","0","0",571679.20970000001,5941587.35479999986,10.08363933700,53.61818060900
"02","5","07","515","2018","11","17","3","3","0","1","2","0","0","0","1","0","0","1",571469.82160000002,5940561.96740000043,10.08023918200,53.60899416800
"02","5","07","515","2018","11","02","3","3","2","6","2","0","1","0","1","0","0","0",570928.74800000002,5940521.65340000018,10.07205346200,53.60870539800
"02","4","12","431","2018","11","07","2","3","2","6","1","0","1","0","0","0","0","1",568230.73959999997,5943059.45749999955,10.03183790200,53.63187102700
"02","5","07","515","2018","11","13","7","2","6","4","0","0","1","1","0","0","0","1",570999.55570000003,5940526.77740000002,10.07312464800,53.60874185600
"02","5","07","515","2018","11","14","5","3","4","2","0","1","1","0","0","0","0","0",571457.13480000000,5940493.67320000008,10.08003180100,53.60838214500
"02","4","12","431","2018","11","21","2","3","3","5","2","0","1","0","0","0","0","0",568190.14069999999,5943022.44720000029,10.03121593300,53.63154370500
"02","4","12","431","2018","11","11","4","3","3","7","0","0","1","0","0","0","0","0",568005.20039999997,5942886.52309999987,10.02838993500,53.63034620900
"02","4","12","431","2018","11","07","4","3","1","5","1","1","1","0","0","0","0","1",568296.63399999996,5943517.56250000000,10.03293479500,53.63597942700
"02","4","12","431","2018","12","07","3","3","5","3","1","1","1","0","0","0","0","0",567858.29740000004,5943021.75329999998,10.02619831700,53.63158058900
"02","5","07","515","2018","12","11","4","2","3","2","0","1","0","0","0","1","0","0",571187.45360000001,5941106.79910000041,10.07609662200,53.61392896700
"02","4","12","431","2018","12","18","6","3","6","4","2","0","1","1","0","0","0","1",567005.00560000003,5942594.47339999955,10.01320450300,53.62785050700
"02","5","07","515","2018","12","18","5","3","5","3","2","0","1","0","0","0","0","1",570961.21459999995,5940524.81919999979,10.07254480600,53.60872945300
"02","5","07","515","2018","12","16","5","2","6","4","2","0","1","1","0","0","0","1",570979.17169999995,5940525.79949999973,10.07281639000,53.60873583000
"02","4","12","431","2018","12","18","5","3","6","4","2","0","1","1","0","0","0","1",567185.84580000001,5943339.23940000031,10.01609938200,53.63452058800
"02","4","12","431","2018","12","15","5","3","3","2","0","0","1","0","1","0","0","1",567039.57499999995,5942730.17190000042,10.01375637900,53.62906561400
"02","5","07","515","2018","12","11","3","2","5","2","0","1","1","0","0","0","0","0",571472.05709999998,5941691.69809999969,10.08053218500,53.61914664000
"02","5","07","515","2018","12","13","3","3","2","6","0","0","1","0","0","0","0","0",571447.53989999997,5941659.62839999981,10.08015424300,53.61886177800
"02","4","12","431","2018","12","15","3","3","0","1","0","1","0","0","0","0","0","1",568305.76540000003,5943532.54729999974,10.03307616600,53.63611290400
"02","5","07","515","2018","12","18","1","3","2","2","2","0","1","0","0","0","0","1",570974.39960000000,5940525.57050000038,10.07274422400,53.60873441800
"02","4","11","430","2018","12","11","4","3","0","1","0","0","0","0","1","0","0","1",568233.11769999994,5942355.01510000043,10.03171941100,53.62553988000
"02","4","12","431","2018","12","06","2","2","1","5","2","0","1","0","0","1","0","1",568210.63139999995,5943376.05119999964,10.03160327400,53.63471887900
"02","5","08","516","2018","12","14","1","3","5","3","0","0","1","0","0","0","0","1",569810.22270000004,5940878.78679999989,10.05523069700,53.61206517700
"02","5","07","515","2018","12","14","7","3","1","6","0","0","1","0","0","0","1","1",570607.97089999996,5940498.55520000029,10.06720076500,53.60854114300
"02","5","08","516","2018","12","16","7","3","2","6","2","0","1","1","0","0","0","1",569740.25480000000,5940630.91700000037,10.05411779400,53.60984689500
"02","4","11","430","2018","12","12","6","3","2","6","0","0","1","0","0","0","0","0",568596.37150000001,5940828.55570000038,10.03687475200,53.61177409800
"02","4","08","423","2018","01","17","5","3","3","6","2","0","1","0","0","0","0","1",569027.61939999997,5937206.26819999982,10.04259030800,53.57916382200
"02","4","08","420","2018","02","07","6","3","5","2","0","1","1","0","0","0","0","0",568609.21669999999,5936807.49359999970,10.03618426800,53.57563489900
"02","4","08","423","2018","01","17","4","3","6","4","2","1","0","1","0","0","0","1",568795.84820000001,5937083.35549999960,10.03906319000,53.57808964800
"02","4","08","423","2018","03","17","5","3","6","7","1","1","0","1","0","0","0","0",569055.11309999996,5937433.44089999981,10.04305575700,53.58120181700
"02","4","08","423","2018","02","19","4","3","2","6","2","0","1","0","0","0","0","2",568956.39740000002,5937288.40629999992,10.04153291500,53.57991137100
"02","4","08","421","2018","03","09","5","3","5","3","0","1","1","0","0","0","0","1",568767.99509999994,5937090.15789999999,10.03864408300,53.57815443400
"02","4","08","421","2018","04","16","5","3","2","6","0","0","1","0","0","0","1","0",568924.08089999994,5937321.14219999965,10.04105211700,53.58020981800
"02","4","08","421","2018","04","13","4","3","5","3","0","0","1","0","0","0","0","0",569271.44550000003,5937651.99069999997,10.04637130200,53.58313740600
"02","4","08","423","2018","04","19","3","3","6","7","0","0","1","1","0","0","0","0",569000.15749999997,5937179.42270000000,10.04216966600,53.57892617300
"02","4","08","419","2018","05","11","5","3","3","6","0","0","1","0","0","0","1","0",568337.00970000005,5937264.71630000044,10.03217403300,53.57977953500
"02","4","08","423","2018","05","02","3","3","3","6","2","0","1","0","0","0","0","0",569098.44070000004,5937498.17019999959,10.04372441900,53.58177783700
"02","4","08","423","2018","05","17","2","3","2","6","0","0","1","0","0","0","0","0",568928.49589999998,5937276.76850000024,10.04110899100,53.57981044900
"02","4","08","421","2018","05","21","7","3","5","3","1","1","1","0","0","0","0","0",568776.73459999997,5937088.83320000023,10.03877576500,53.57814138300
"02","4","08","423","2018","05","17","5","3","5","3","0","0","1","0","1","0","0","0",569087.46160000004,5937475.49220000021,10.04355359100,53.58157547500