ULAND,UREGBEZ,UKREIS,UGEMEINDE,UJAHR,UMONAT,USTUNDE,UWOCHENTAG,UKATEGORIE,UART,UTYP1,ULICHTVERH,IstRad,IstPKW,IstFuss,IstKrad,IstGkfz,IstSonstig,STRZUSTAND,LINREFX,LINREFY,XGCSWGS84,YGCSWGS84
"02","4","13","432","2018","05","17","2","3","2","2","0","0","1","0","0","0","0","0",567401.51320000004,5945421.70920000039,10.01981193500,53.65320808100
"02","4","13","432","2018","05","13","7","3","1","5","0","1","1","0","0","0","0","0",567474.74739999999,5946350.46700000018,10.02112151900,53.66154539100
"02","4","13","432","2018","05","11","6","3","2","6","0","0","1","0","0","0","0","0",567413.15009999997,5944635.91849999968,10.01981754600,53.64614466400
"02","4","13","432","2018","05","16","3","3","2","6","0","0","1","0","0","0","0","0",567933.95999999996,5947919.57000000030,10.02841307400,53.67558741500
"02","4","13","432","2018","05","14","6","3","1","6","0","0","1","0","0","0","1","0",567298.81519999995,5945004.58349999972,10.01816801700,53.64947258500
"02","4","13","432","2018","05","13","2","3","5","3","0","1","1","0","0","0","0","0",566232.89599999995,5947511.65880000032,10.00257898900,53.67213983500
"02","5","12","520","2018","04","15","5","3","4","2","0","1","1","0","0","0","0","0",568600.13639999996,5944911.61569999997,10.03783175200,53.64846806800
"02","4","13","432","2018","05","12","7","3","2","6","0","0","1","0","0","0","1","0",566549.85259999998,5944872.45610000007,10.00681056100,53.64838095900
"02","4","13","432","2018","05","17","5","3","6","6","0","0","0","1","0","0","1","0",565906.34999999998,5945564.03340000007,9.99722351300,53.65467767900
"02","4","13","432","2018","05","15","3","3","5","7","0","0","1","0","0","0","0","0",566220.24990000005,5947287.40550000034,10.00233975600,53.67012606500
"02","4","13","432","2018","05","18","2","2","0","7","0","0","0","0","1","0","0","0",566467.55599999998,5944900.04059999995,10.00557163300,53.64863932400
"02","4","13","432","2018","05","15","2","3","3","6","0","1","1","0","0","0","0","0",567467.71589999995,5947150.23909999989,10.02118889000,53.66873384400
"02","4","13","432","2018","05","14","3","3","4","2","0","0","1","0","0","0","0","0",566330.48190000001,5945992.19149999972,10.00373134700,53.65847194600
"02","4","13","432","2018","05","13","1","3","8","7","0","0","1","0","0","0","0","0",566194.94149999996,5947648.75189999957,10.00203379900,53.67337670300
"02","4","13","432","2018","05","17","6","3","1","5","0","1","1","0","0","0","0","0",568006.01390000002,5948361.48880000040,10.02960051500,53.67954954700
"02","4","13","432","2018","05","11","6","3","2","6","0","0","1","0","1","0","1","0",566103.90339999995,5948170.72489999980,10.00076711600,53.67807921400
"02","4","13","432","2018","05","12","7","3","2","6","0","0","1","0","0","0","0","0",566516.16370000003,5944885.35599999968,10.00630374000,53.64850117500
"02","4","13","432","2018","05","07","5","3","5","3","0","0","1","0","1","0","0","0",567417.58189999999,5945941.22919999994,10.02016774300,53.65787494200
"02","5","12","520","2018","05","08","5","3","1","6","0","0","1","0","1","0","0","0",568871.08609999996,5944838.29530000035,10.04191388400,53.64777354300
"02","5","12","520","2018","05","12","6","2","5","2","0","1","1","0","0","0","0","0",568600.57149999996,5944911.46040000021,10.03783829900,53.64846661500
"02","4","13","432","2018","05","17","3","3","4","6","0","1","0","0","0","0","0","0",565784.29290000000,5946732.38339999970,9.99562441600,53.66519309000
"02","4","13","432","2018","05","08","3","3","5","3","0","1","1","0","0","0","0","0",566857.90919999999,5944962.06749999989,10.01148952400,53.64914702400
"02","4","13","432","2018","06","16","6","3","0","7","0","1","0","0","0","0","0","0",567463.76850000001,5947223.96140000038,10.02114517300,53.66939689500
"02","4","13","432","2018","06","12","2","3","4","2","0","0","1","0","0","0","0","0",567080.36369999999,5944991.79710000008,10.01486086200,53.64938572900
"02","4","13","432","2018","06","11","2","3","6","4","0","0","1","1","0","0","0","0",566760.40560000006,5944952.39340000041,10.01001257200,53.64907253400
"02","4","13","432","2018","06","22","5","2","6","4","2","0","0","1","1","0","0","0",566726.98250000004,5944881.61780000012,10.00949181000,53.64844073400
"02","5","12","520","2018","06","16","6","3","5","3","0","0","1","0","1","0","0","0",567814.52229999995,5943900.70289999992,10.02572804400,53.63948540400
"02","4","13","432","2018","06","08","6","3","3","2","0","0","1","0","1","0","0","0",568038.12699999998,5948141.38980000000,10.03003835300,53.67756734900
"02","4","13","432","2018","06","13","6","3","5","2","0","1","1","0","0","0","0","0",567638.30889999995,5946678.48520000000,10.02366776200,53.66447215600
"02","4","13","432","2018","06","14","2","3","2","6","0","0","1","0","0","0","0","0",567377.14760000003,5945603.38339999970,10.01948273000,53.65484392800
"02","4","13","432","2018","06","19","6","3","0","4","0","0","1","1","0","0","0","0",567136.99739999999,5944858.17050000001,10.01568866600,53.64817755800
"02","4","13","432","2018","06","14","5","3","2","6","0","0","1","0","1","0","0","0",565528.58299999998,5946817.09190000035,9.99177284200,53.66598648200
"02","4","12","431","2018","06","07","2","3","5","3","0","1","1","0","0","0","0","0",567183.57369999995,5943915.38800000027,10.01618946600,53.63969875600
"02","4","13","432","2018","06","14","4","3","0","4","0","0","0","1","0","0","1","0",568160.66780000005,5945078.51609999966,10.03122094500,53.65002543900
"02","4","13","432","2018","06","07","4","2","5","3","0","1","1","0","0","0","0","0",567739.21490000002,5947256.38219999988,10.02532072700,53.66965264200
"02","4","13","432","2018","06","16","4","3","2","6","0","0","1","0","0","0","0","0",566129.17689999996,5948025.20309999958,10.00111866200,53.67676820700
"02","4","13","432","2018","06","21","7","3","2","6","1","0","1","0","0","0","0","1",566350.28599999996,5945954.66999999993,10.00402296400,53.65813222700
"02","4","13","432","2018","06","13","5","3","1","6","0","0","1","0","0","0","0","1",565849.18999999994,5944867.66610000003,9.99621122600,53.64842656800
"02","4","13","432","2018","06","12","1","3","0","1","0","1","0","0","0","0","0","0",567432.16980000003,5946047.08509999979,10.02041142700,53.65882438900
"02","4","13","432","2018","07","11","6","3","1","5","0","0","1","0","0","0","0","0",567172.88800000004,5944929.22900000028,10.01624690200,53.64881155600
"02","4","13","432","2018","07","18","1","3","3","2","0","1","1","0","0","0","0","0",566906.15670000005,5944677.71490000002,10.01215813100,53.64658536700
"02","4","13","432","2018","07","16","2","3","5","3","0","0","1","0","0","0","0","0",566734.53370000003,5945434.51580000017,10.00972474900,53.65340869100
"02","4","13","432","2018","07","21","7","3","3","7","1","0","1","0","0","0","0","0",566871.80130000005,5943862.92229999974,10.01146326100,53.63926717400
"02","4","13","432","2018","07","00","1","3","6","4","2","0","1","1","0","0","0","0",565293.87879999995,5944972.56489999965,9.98783351600,53.64943890400
"02","5","12","520","2018","07","18","4","3","5","3","0","0","1","0","0","0","0","1",568782.14670000004,5944189.72200000007,10.04042512800,53.64195653400
"02","5","12","520","2018","06","23","4","3","3","3","2","0","1","0","0","0","0","0",568840.00360000005,5944827.16239999980,10.04144127300,53.64767758200
"02","4","13","432","2018","06","06","4","3","6","4","0","0","1","1","0","0","0","0",566571.95759999997,5945363.59920000006,10.00725012300,53.65279207600
"02","4","13","432","2018","07","09","3","3","3","6","0","0","1","0","1","0","0","0",566736.32999999996,5944997.11000000034,10.00965799800,53.64947747600
"02","4","13","432","2018","06","16","3","3","4","6","0","1","0","0","0","0","0","0",567407.31839999999,5945887.38949999958,10.02000078100,53.65739240700
"02","5","12","520","2018","08","16","2","3","2","6","0","0","1","0","0","1","0","0",568689.51619999995,5944879.57249999978,10.03917662800,53.64816836900
"02","4","13","432","2018","07","15","6","3","6","4","0","0","0","1","1","0","0","0",566352.86360000004,5944904.99729999993,10.00383783000,53.64869842900
"02","4","13","432","2018","08","18","3","3","5","3","0","1","1","0","0","0","0","0",566963.97970000003,5944426.07369999960,10.01297852800,53.64431645900
"02","4","13","432","2018","08","17","5","3","3","6","0","1","1","0","0","0","0","0",567580.10369999998,5944296.78050000034,10.02226904300,53.64307528600
"02","4","13","432","2018","07","16","4","3","1","6","0","0","1","0","1","0","0","0",567816.37040000001,5947426.54980000015,10.02652554300,53.67117193000
"02","4","13","432","2018","07","17","4","3","8","1","0","0","0","0","1","0","0","1",567876.86849999998,5945073.23639999982,10.02692687700,53.65001489000
"02","4","13","432","2018","08","16","1","2","1","5","0","0","1","0","0","0","0","0",567135.57539999997,5944303.65240000002,10.01554741200,53.64319426500
"02","4","13","432","2018","07","17","1","1","6","4","0","0","1","1","0","0","0","0",566964.99670000002,5944293.64389999956,10.01296538800,53.64312617500
"02","4","13","432","2018","08","16","3","3","5","2","0","1","1","0","0","0","0","0",566734.45470000000,5945000.83590000030,10.00963043100,53.64951120000
"02","4","13","432","2018","09","18","6","2","0","7","0","0","0","0","1","0","0","1",566623.65119999996,5947046.41540000029,10.00839306800,53.66790902600
"02","4","13","432","2018","09","13","6","2","0","2","0","1","1","0","0","0","0","0",567780.36849999998,5947244.57010000013,10.02594095100,53.66954115300
"02","4","13","432","2018","08","13","5","3","0","1","0","0","0","0","1","0","0","1",566942.71389999997,5944607.62299999967,10.01269598100,53.64595077200
"02","4","13","432","2018","08","05","5","3","6","4","2","1","0","1","0","0","0","1",567257.10519999999,5947918.82670000009,10.01816818600,53.67566827200
"02","4","13","432","2018","09","17","5","2","5","3","0","1","0","0","0","0","1","0",568044.67330000002,5948132.55059999973,10.03013550200,53.67748705900
"02","4","13","432","2018","08","07","6","3","3","2","0","1","1","0","0","0","0","0",566976.31240000005,5943926.47510000039,10.01305744900,53.63982496200
"02","4","13","432","2018","09","14","1","3","3","6","0","1","1","0","0","0","0","0",566674.91469999996,5945122.05099999998,10.00875580300,53.65060815800
"02","4","13","432","2018","09","13","7","3","5","3","0","1","1","0","0","0","0","0",566803.70070000004,5944919.73029999994,10.01066044800,53.64877346300
"02","4","13","432","2018","09","12","5","3","5","2","0","1","1","0","0","0","0","0",566194.78260000004,5947042.94539999962,10.00190221300,53.66793231700
"02","4","13","432","2018","08","07","3","3","6","4","0","0","1","1","0","0","0","0",567893.31889999995,5947756.82249999978,10.02776233700,53.67413009000
"02","4","13","432","2018","09","07","5","3","4","2","0","1","0","0","0","0","1","0",566201.08420000004,5947106.01840000041,10.00201102500,53.66849835900
"02","4","13","432","2018","09","08","2","3","1","6","0","0","1","0","0","0","0","0",567342.39029999997,5945319.90830000024,10.01889547700,53.65230080900
"02","4","13","432","2018","10","12","6","3","2","2","0","0","1","0","0","0","0","0",566508.94600000000,5945528.81900000013,10.00633226600,53.65428493100
"02","4","13","432","2018","10","20","5","3","6","4","2","0","1","1","0","0","0","1",566454.05949999997,5944901.58050000016,10.00536781100,53.64865487800
"02","4","12","431","2018","10","06","4","3","4","6","2","1","0","0","0","0","0","0",566978.70149999997,5943950.91779999994,10.01309884400,53.64004432400
"02","4","13","432","2018","10","08","4","2","5","7","0","0","1","0","0","0","1","0",566681.25020000001,5944854.75140000042,10.00879429500,53.64820511500
"02","4","13","432","2018","11","19","3","3","2","7","2","0","1","0","0","0","0","0",568057.10999999999,5948400.85989999957,10.03038260100,53.67989672100
"02","5","12","520","2018","10","06","4","3","5","3","2","0","0","0","1","0","1","1",568193.67200000002,5944751.50800000038,10.03164844500,53.64708232000
"02","4","13","432","2018","10","11","3","3","1","6","0","0","1","0","0","0","0","0",566681.20719999995,5944856.37609999999,10.00879399300,53.64821972200
"02","5","12","520","2018","10","20","3","3","5","3","2","0","1","0","0","0","0","1",568504.66529999999,5943993.26180000044,10.03618531700,53.64022734700
"02","4","13","432","2018","10","19","3","3","4","2","2","0","1","0","0","0","0","1",567490.63639999996,5944958.66849999968,10.02105961700,53.64903523600
"02","4","13","432","2018","11","19","4","3","3","2","2","1","1","0","0","0","0","0",567526.70200000005,5946298.47250000015,10.02189632600,53.66107141000
"02","4","13","432","2018","11","10","4","3","2","6","0","0","1","0","0","0","1","1",566087.82849999995,5948259.93699999992,10.00054279600,53.67888299900
"02","4","13","432","2018","11","16","3","3","5","3","1","0","1","0","0","0","0","1",567757.30799999996,5945141.98049999960,10.02513332000,53.65064819200
"02","5","12","520","2018","11","09","6","3","1","6","0","0","1","0","0","0","0","1",568489.27659999998,5944950.50140000042,10.03616345600,53.64883205700
"02","4","13","432","2018","11","17","6","2","6","2","2","0","1","1","0","0","0","0",567293.68460000004,5946332.14890000038,10.01837793300,53.66140409700
"02","4","13","432","2018","11","13","6","3","0","1","0","0","0","0","1","0","0","1",565995.78319999995,5944856.45729999989,9.99842623800,53.64830736200
"02","4","13","432","2018","11","08","5","3","2","6","0","0","1","0","0","0","0","0",566123.63009999995,5948055.67989999987,10.00104119900,53.67704280500
"02","4","13","432","2018","11","11","5","3","0","4","0","0","1","1","0","0","0","0",566129.66170000006,5947501.63559999969,10.00101444100,53.67206282700
"02","4","13","432","2018","11","22","5","3","3","6","2","0","1","0","1","0","0","0",566196.23049999995,5947057.43910000008,10.00192721500,53.66806239000
"02","4","13","432","2018","11","15","4","3","5","3","0","0","1","0","0","0","0","0",565839.97129999998,5947764.16569999978,9.99668577600,53.67445876600
"02","5","12","520","2018","12","15","5","3","2","6","1","0","1","0","0","0","0","1",568810.84030000004,5944839.71090000030,10.04100293600,53.64779419200
"02","4","13","432","2018","12","13","6","3","2","6","0","0","1","0","0","0","0","1",567507.49459999998,5944969.62280000001,10.02131699700,53.64913150700
"02","4","13","432","2018","12","19","6","3","1","5","2","0","1","0","0","0","1","1",567867.93680000002,5945083.82120000012,10.02679408200,53.65011117400
"02","4","13","432","2018","12","15","6","3","0","3","0","1","1","0","0","0","0","0",567461.09250000003,5947233.78710000031,10.02110681100,53.66948554400
"02","4","13","432","2018","12","14","5","3","4","6","0","0","1","0","0","0","0","0",568012.28139999998,5946980.65579999983,10.02939280800,53.66713924400
"02","4","13","432","2018","12","13","3","3","6","4","0","0","0","1","0","0","1","1",566161.96499999997,5947838.17839999963,10.00157507900,53.67508326100
"02","4","13","432","2018","12","12","4","3","0","7","0","1","1","0","0","0","0","1",566743.96499999997,5945729.27699999977,10.00993074000,53.65605651900
"02","4","13","432","2018","12","07","2","3","3","6","1","0","1","0","0","0","0","1",566128.14780000004,5948030.52869999968,10.00110422000,53.67681619900
"02","4","13","432","2018","12","03","2","3","1","1","2","0","1","0","0","0","1","1",567392.77740000002,5945789.49710000027,10.01975955100,53.65651452100
"02","4","10","426","2018","01","18","4","3","5","3","2","0","1","0","1","0","0","0",569587.79559999995,5938046.17729999963,10.05123691700,53.58663809000
"02","4","10","426","2018","01","17","7","3","6","2","2","0","1","1","0","0","0","0",569725.35329999996,5937841.86419999972,10.05326890700,53.58478365000
"02","4","10","426","2018","01","19","2","3","1","6","2","0","1","0","0","0","1","1",569721.27579999994,5938338.90799999982,10.05331839900,53.58925113500
"02","4","10","426","2018","01","14","6","3","5","2","0","1","0","0","0","0","1","0",570067.81350000005,5938447.14309999999,10.05857707000,53.59017764800
"02","4","09","425","2018","03","11","3","3","3","6","0","0","1","0","0","0","1","0",570617.42749999999,5937776.15469999984,10.06672713000,53.58407374800
"02","4","10","426","2018","03","17","4","3","2","6","0","0","1","0","0","0","0","1",570060.86950000003,5938464.18620000035,10.05847600900,53.59033174200
"02","4","10","426","2018","03","13","6","3","5","3","0","0","1","0","0","0","0","0",569513.94120000000,5937939.25260000024,10.05009761000,53.58568695100
"02","4","10","426","2018","05","06","3","3","5","3","0","1","1","0","0","0","0","0",569676.02579999994,5938223.85500000045,10.05260921200,53.58822316700
"02","4","09","425","2018","06","23","4","3","1","6","2","0","1","0","0","0","0","0",570534.10820000002,5937948.89410000015,10.06550781900,53.58563736800
"02","4","10","426","2018","06","16","7","3","0","1","0","0","0","0","1","0","0","1",569675.67319999996,5938215.23550000042,10.05260196100,53.58814575000
"02","4","09","425","2018","06","13","3","3","5","3","0","1","1","0","0","0","0","0",570326.62439999997,5937968.34119999968,10.06237848700,53.58584000700
"02","4","10","426","2018","07","07","3","3","5","2","0","1","1","0","0","0","0","0",569718.23019999999,5938331.44560000021,10.05327072800,53.58918447500
"02","4","10","426","2018","07","16","5","3","6","7","0","1","0","1","0","0","0","0",570057.08479999995,5938140.37939999998,10.05834612200,53.58742219500
"02","4","10","426","2018","08","21","3","3","0","1","2","0","0","0","1","0","0","1",569666.07590000005,5938199.43819999974,10.05245347200,53.58800505500
"02","4","10","426","2018","08","08","4","3","2","6","0","0","1","0","0","0","0","0",570269.68729999999,5938294.64340000041,10.06159203100,53.58878011600
"02","4","10","426","2018","08","16","2","3","2","6","0","0","1","0","0","0","0","0",570211.66940000001,5938349.35470000003,10.06072801100,53.58927957900
"02","4","10","426","2018","08","12","4","3","5","3","0","0","1","0","0","0","0","0",570255.36670000001,5938309.53550000023,10.06137907900,53.58891587000
"02","4","09","425","2018","09","18","7","2","5","3","0","1","1","0","0","0","0","0",570466.59360000002,5938044.73249999993,10.06450976300,53.58650774400
"02","4","10","426","2018","09","09","6","2","5","3","0","0","1","0","1","0","0","0",569737.62000000000,5938378.79200000037,10.05357419000,53.58960740000
"02","4","10","426","2018","09","00","3","2","5","3","2","0","1","0","0","0","0","0",569588.17139999999,5938046.83530000038,10.05124274000,53.58664395400
"02","4","10","426","2018","11","08","5","3","2","6","0","0","1","0","0","0","0","0",569523.40870000003,5938140.80520000029,10.05028551400,53.58749705500
"02","4","10","426","2018","10","11","3","3","3","2","0","0","1","0","0","0","0","0",569514.17319999996,5937939.49039999954,10.05010116700,53.58568905700
"02","4","10","426","2018","12","16","3","3","4","2","2","1","1","0","0","0","0","1",569684.32470000000,5938211.15859999973,10.05273172600,53.58810796100
"02","4","10","426","2018","12","07","3","3","3","6","2","0","1","0","1","0","0","1",569515.79009999998,5937941.14800000004,10.05012595700,53.58570374000
"02","4","05","411","2018","03","15","5","3","5","3","0","1","1","0","0","0","0","1",568232.54249999998,5938011.54590000026,10.03075971600,53.58650496100
"02","4","05","411","2018","08","18","4","3","1","5","0","1","1","0","0","0","0","1",568195.67619999999,5938032.56940000039,10.03020748700,53.58669869700
"02","4","05","411","2018","07","21","3","3","0","7","2","0","0","0","1","0","0","0",568328.91680000001,5937875.73739999998,10.03218560100,53.58527188900
"02","4","05","411","2018","08","15","3","2","5","3","0","1","1","0","0","0","0","0",568049.71180000005,5938229.01109999977,10.02804569400,53.58848310000
"02","4","05","411","2018","08","10","5","3","6","4","0","0","0","1","0","0","1","1",568199.03440000000,5937993.93429999985,10.03024976400,53.58635104300
"02","4","05","411","2018","10","16","2","3","3","2","0","1","1","0","0","0","0","0",567729.94799999997,5937785.20799999963,10.02311944200,53.58453599800
"02","4","05","411","2018","10","22","4","3","0","1","2","0","0","0","1","0","0","1",568177.12690000003,5937854.08690000046,10.02988832000,53.58509707100
"02","4","01","402","2018","04","16","6","3","5","7","0","1","1","0","0","0","0","0",564595.31129999994,5937793.69790000003,9.97577753000,53.58500779700
"02","4","01","401","2018","11","13","5","1","6","7","0","0","1","1","0","0","0","0",564533.16980000003,5937560.79409999959,9.97479080400,53.58292228500
"02","4","05","409","2018","04","09","6","2","6","4","0","0","0","1","0","0","1","0",566084.95609999995,5938864.72599999979,9.99850330700,53.59444769500
"02","4","05","409","2018","03","10","5","3","3","6","0","0","1","0","0","0","0","1",566568.52209999994,5938571.91139999963,10.00574596200,53.59175494300
"02","4","05","409","2018","05","18","7","3","0","7","0","1","1","0","0","0","0","0",566047.54059999995,5938858.05080000032,9.99793666300,53.59439242000
"02","4","05","409","2018","02","07","5","3","2","6","1","0","1","0","0","0","0","1",566401.90689999994,5938634.74569999985,10.00324246900,53.59234077500
"02","4","05","409","2018","01","08","4","3","3","2","0","1","1","0","0","0","0","1",566401.21889999998,5938635.01020000037,10.00323213300,53.59234323900
"02","4","05","409","2018","01","15","1","3","2","6","0","0","1","0","0","0","0","1",566130.11959999998,5938873.09169999976,9.99918736000,53.59451718400
"02","4","05","409","2018","05","15","1","3","4","6","0","1","0","0","0","0","0","0",566051.30570000003,5938858.59810000006,9.99799365700,53.59439686400
"02","4","05","409","2018","04","18","5","3","5","3","0","1","1","0","0","0","0","1",566070.22400000005,5938861.34800000023,9.99828003600,53.59441919400
"02","4","05","409","2018","09","09","5","3","0","1","0","1","0","0","0","0","0","0",566525.98780000000,5938587.38229999971,10.00510674400,53.59189938200
"02","4","05","409","2018","09","17","5","3","2","6","0","0","1","0","0","0","0","0",566185.54530000000,5938858.01699999999,10.00002147100,53.59437471000
"02","4","05","409","2018","06","12","4","3","2","6","0","0","1","0","0","0","0","0",566542.81409999996,5938581.20459999982,10.00535960300,53.59184172600
"02","4","05","409","2018","07","11","3","3","5","3","0","1","1","0","0","0","0","0",566209.28899999999,5938758.16100000031,10.00035896300,53.59347429000
"02","4","05","409","2018","09","11","3","3","5","2","0","1","1","0","0","0","0","0",566089.89000000001,5938865.81769999955,9.99857807500,53.59445688400
"02","4","05","409","2018","11","14","4","3","5","5","0","1","1","0","0","0","0","0",566190.55870000005,5938849.63210000005,10.00009542800,53.59429872000
"02","4","02","405","2018","06","16","3","3","0","1","0","1","0","0","0","0","0","0",565696.72450000001,5938659.44099999964,9.99259509100,53.59265156100
"02","4","05","409","2018","06","18","3","3","6","4","0","0","0","1","0","0","1","0",566089.03769999999,5938865.63339999970,9.99856516000,53.59445533600
"02","4","05","409","2018","06","16","7","3","4","6","0","1","1","0","0","0","0","0",566042.07840000000,5938857.25690000039,9.99785397800,53.59438597300
"02","4","05","409","2018","11","11","7","3","2","6","0","0","1","0","1","0","0","1",566408.88260000001,5938632.04580000043,10.00334727000,53.59231562700
"02","4","05","409","2018","06","08","6","3","2","6","0","0","1","0","1","0","0","1",566035.86899999995,5938856.35429999977,9.99775998200,53.59437864300
"02","4","02","405","2018","11","11","7","3","6","4","0","0","1","1","0","0","0","0",565677.77919999999,5938659.36500000022,9.99230888300,53.59265325200
"02","4","05","409","2018","09","18","7","2","5","7","0","0","1","0","1","0","0","0",566200.30469999998,5938800.03660000023,10.00023213100,53.59385176700
"02","4","05","409","2018","11","12","6","3","2","6","0","0","1","0","1","0","0","1",566155.18279999995,5938874.81329999957,9.99956635200,53.59452949300
"02","4","05","409","2018","08","15","7","3","5","3","0","0","1","0","0","0","0","1",566178.21160000004,5938864.53749999963,9.99991206500,53.59443423600
"02","4","05","409","2018","10","10","2","2","6","4","0","0","0","1","0","0","1","0",566419.54370000004,5938627.90029999986,10.00350743500,53.59227702000
"02","4","05","409","2018","06","16","7","3","3","6","0","0","1","0","0","0","0","1",566715.42449999996,5938516.38970000017,10.00795317400,53.59123728800
"02","4","05","409","2018","08","11","2","3","6","3","0","1","0","1","0","0","0","0",566354.21360000002,5938653.07519999985,10.00252590900,53.59251154300
"02","4","05","409","2018","11","17","5","3","3","2","2","1","1","0","0","0","0","0",566565.30110000004,5938573.00939999986,10.00569754000,53.59176522000
"02","4","05","409","2018","01","07","3","3","2","6","0","0","1","0","0","0","1","1",568274.39410000003,5939072.55219999980,10.03162408100,53.59603485800
"02","4","05","409","2018","01","08","2","3","4","2","0","1","1","0","0","0","0","0",566318.10279999999,5938584.39460000023,10.00196581000,53.59189887000
"02","4","05","408","2018","01","19","4","3","2","6","2","0","1","0","0","0","0","1",566608.21569999994,5939428.30219999980,10.00652849600,53.59944640500
"02","4","05","409","2018","02","13","3","3","1","5","0","1","1","0","0","0","0","0",565934.87939999998,5938590.50690000039,9.99617814400,53.59200214000
"02","4","05","409","2018","02","07","4","3","2","6","0","0","1","0","0","0","1","2",566322.48410000000,5939055.86060000025,10.00213225900,53.59613545300
"02","4","05","408","2018","02","15","6","3","4","3","0","1","1","0","0","0","0","0",567055.13390000002,5939491.10529999994,10.01329430700,53.59995383500
"02","4","02","404","2018","03","16","5","3","0","7","0","0","1","0","0","0","1","0",565701.16240000003,5938608.38800000027,9.99265137700,53.59219218300
"02","4","05","408","2018","03","01","1","3","1","5","2","1","1","0","0","0","0","1",566474.73060000001,5939505.85570000019,10.00452825700,53.60016033700
"02","4","05","408","2018","03","16","3","2","6","4","0","1","0","1","0","0","0","0",565972.29020000005,5939308.40969999973,9.99689515000,53.59844934500
"02","4","05","409","2018","04","20","6","3","2","6","2","0","1","0","0","0","0","0",568352.06039999996,5938519.94159999955,10.03267629200,53.59105838600
"02","4","05","409","2018","04","07","5","3","5","3","0","0","1","0","0","0","0","0",568439.33340000000,5939159.63530000020,10.03413497700,53.59679596900
"02","4","05","409","2018","04","16","1","3","3","6","0","0","1","0","1","0","0","0",567361.98210000002,5939530.83160000015,10.01793898300,53.60027151100
"02","4","05","409","2018","05","17","3","2","6","4","0","0","1","1","0","0","0","0",568275.37500000000,5939065.19699999969,10.03163728900,53.59596862800
"02","4","05","409","2018","05","11","3","3","1","5","0","0","1","0","0","0","0","1",567080.66150000005,5939012.94460000005,10.01357712300,53.59565328300
"02","4","05","409","2018","05","15","1","3","0","6","0","0","0","0","1","0","1","1",567661.96010000003,5939537.38790000044,10.02247272400,53.60029179100
"02","4","05","409","2018","04","17","5","3","6","2","0","0","1","1","0","0","0","0",568475.96979999996,5938934.90680000000,10.03463911300,53.59477153600
"02","4","05","409","2018","04","06","5","3","2","6","0","0","1","0","0","0","0","1",568351.74939999997,5938598.04700000025,10.03268871000,53.59176036600
"02","4","02","404","2018","04","13","5","3","5","3","0","1","1","0","0","0","0","1",565715.38419999997,5938598.37990000006,9.99286410400,53.59210045500
"02","4","05","409","2018","05","09","2","3","0","7","0","1","1","0","0","0","0","0",567214.81759999995,5938571.29569999967,10.01550866300,53.59166694700
"02","4","05","409","2018","05","23","5","3","5","7","2","0","1","0","0","0","0","0",566537.82590000005,5939362.70799999963,10.00545100400,53.59886584200
"02","4","05","409","2018","05","15","3","3","2","7","0","0","1","0","1","0","0","0",566205.87080000003,5938935.69170000032,10.00034501500,53.59507021800
"02","4","05","409","2018","05","12","4","3","6","7","0","0","1","1","0","0","0","0",566327.18920000002,5939023.21119999979,10.00219639700,53.59584143200
"02","4","05","409","2018","05","13","6","3","5","7","0","0","1","0","0","0","0","0",565825.32869999995,5939101.85010000039,9.99463120200,53.59661143600
"02","4","02","404","2018","05","06","6","3","1","5","0","1","1","0","0","0","0","0",565641.25439999998,5938469.59690000024,9.99171719200,53.59095234600
"02","4","05","409","2018","05","17","5","3","6","4","0","1","0","1","0","0","0","0",568438.98400000005,5939163.21320000011,10.03413048300,53.59682817000
"02","4","05","408","2018","05","08","3","2","5","3","0","0","1","0","1","0","0","0",565959.66139999998,5939403.31329999957,9.99672442900,53.59930384800
"02","4","05","409","2018","05","15","4","3","2","6","0","0","1","0","0","0","0","0",565802.14529999997,5939211.44419999979,9.99430408300,53.59759928800
"02","4","05","409","2018","06","15","2","2","5","2","0","0","1","0","0","0","0","0",565773.83120000002,5939392.19589999970,9.99391444600,53.59922728800
"02","4","05","409","2018","06","13","6","3","5","3","0","1","1","0","0","0","0","0",565940.46089999995,5938800.17609999981,9.99630678800,53.59388577100
"02","4","05","409","2018","06","07","6","3","5","2","0","1","1","0","0","0","0","0",567097.07970000000,5939483.07940000016,10.01392632900,53.59987633700
"02","4","05","409","2018","06","18","5","3","2","6","0","0","1","0","0","0","0","1",567018.82810000004,5939471.20700000040,10.01274149400,53.59977965100
"02","4","05","409","2018","06","15","6","3","2","6","0","0","1","0","0","0","0","0",568243.41359999997,5939398.72939999960,10.03122744100,53.59897026800
"02","4","05","409","2018","06","07","6","3","0","6","0","0","0","0","1","0","1","0",568088.09560000000,5939520.05300000031,10.02890734100,53.60008081200
"02","4","05","409","2018","07","18","2","3","1","2","0","0","0","0","1","0","0","0",568264.64220000000,5939323.18439999968,10.03153162800,53.59828857600
"02","4","05","409","2018","07","08","2","3","5","3","0","1","1","0","0","0","0","0",567094.21129999997,5939046.23469999991,10.01378898600,53.59595073100