ULAND,UREGBEZ,UKREIS,UGEMEINDE,UJAHR,UMONAT,USTUNDE,UWOCHENTAG,UKATEGORIE,UART,UTYP1,ULICHTVERH,IstRad,IstPKW,IstFuss,IstKrad,IstGkfz,IstSonstig,STRZUSTAND,LINREFX,LINREFY,XGCSWGS84,YGCSWGS84
"02","5","01","504","2018","08","12","7","3","3","2","0","1","1","0","0","0","0","0",569815.06319999998,5936664.93389999960,10.05436056700,53.57419460900
"02","5","01","504","2018","08","07","6","3","0","5","0","1","1","0","0","0","0","0",569862.94570000004,5936690.29399999976,10.05508923700,53.57441614600
"02","4","08","423","2018","10","15","5","3","5","3","0","0","1","0","0","0","0","0",569401.05550000002,5937484.57359999977,10.04829152000,53.58161568500
"02","4","06","414","2018","03","12","6","3","2","6","0","0","1","0","0","0","0","0",567509.21340000001,5937463.86479999963,10.01971612000,53.58167651100
"02","4","08","419","2018","04","19","6","3","2","6","1","0","1","0","0","0","0","0",567511.18429999996,5937457.24029999971,10.01974445200,53.58161672200
"02","4","08","419","2018","10","07","4","3","3","7","2","0","1","0","0","0","0","1",567497.63600000006,5937503.51809999999,10.01954985100,53.58203437000
"02","4","06","414","2018","12","07","2","3","5","2","1","1","1","0","0","0","0","1",567514.93000000005,5937444.65000000037,10.01979829600,53.58150308900
"02","4","06","415","2018","03","11","4","3","0","2","0","0","1","1","0","0","0","1",567312.21210000000,5935906.91959999967,10.01640530000,53.56770934400
"02","4","06","415","2018","02","10","5","3","1","6","0","0","1","0","0","0","0","1",567288.81960000005,5936339.56120000035,10.01614535000,53.57160056000
"02","4","06","414","2018","04","09","2","3","6","7","0","0","1","1","0","0","0","0",567133.27839999995,5936663.17599999998,10.01386646300,53.57452886200
"02","4","06","414","2018","05","22","4","3","1","7","2","0","1","0","1","0","0","0",567207.68539999996,5936640.81049999967,10.01498517200,53.57431833200
"02","4","06","414","2018","05","08","2","3","6","4","0","1","0","1","0","0","0","0",567039.98170000000,5936595.48670000024,10.01244317700,53.57393245900
"02","4","06","414","2018","07","11","6","3","3","2","0","0","1","0","1","0","0","0",567183.42700000003,5936810.43589999992,10.01465538000,53.57584588800
"02","4","06","415","2018","08","18","2","3","3","2","0","1","1","0","0","0","0","0",567359.33230000001,5936170.28019999992,10.01717348300,53.57007015800
"02","4","06","414","2018","08","18","5","3","2","6","0","0","1","0","0","0","0","0",567191.51540000003,5936755.91320000030,10.01476578200,53.57535484800
"02","4","06","415","2018","07","18","6","3","0","7","0","1","1","0","0","0","0","0",567216.72320000001,5935985.62700000033,10.01498061700,53.56842894000
"02","4","06","414","2018","07","21","5","3","3","2","0","0","1","0","0","0","0","0",567017.01529999997,5936644.57129999995,10.01210693200,53.57437652400
"02","4","06","414","2018","08","16","6","3","4","3","0","1","1","0","0","0","0","0",567196.20409999997,5937057.31400000025,10.01490145600,53.57806298000
"02","4","06","414","2018","08","20","1","3","0","7","0","1","0","0","0","0","0","0",567153.75829999999,5937017.91550000012,10.01425200800,53.57771433600
"02","4","06","414","2018","09","10","2","3","6","2","0","0","1","1","0","0","0","0",567247.22080000001,5936433.12679999974,10.01553741300,53.57244678100
"02","4","06","414","2018","09","13","2","3","0","4","0","1","0","1","0","0","0","0",567126.91460000002,5937149.22420000006,10.01387488300,53.57889786300
"02","4","06","415","2018","10","15","6","3","4","6","0","1","1","0","0","0","0","0",567312.22300000000,5935996.11129999999,10.01642468500,53.56851092200
"02","4","06","414","2018","11","15","1","3","5","3","0","1","0","0","0","0","0","0",567507.03139999998,5937442.33359999955,10.01967850900,53.58148328800
"02","4","06","414","2018","11","07","4","3","5","2","1","1","1","0","0","0","0","0",567205.36670000001,5936658.36149999965,10.01495393800,53.57447636300
"02","4","06","415","2018","12","19","6","3","0","5","2","0","1","0","0","0","1","1",567441.53559999994,5935966.49120000005,10.01837059100,53.56822811600
"02","4","06","414","2018","12","20","6","3","5","3","2","0","1","0","0","0","0","1",567177.85499999998,5936819.71349999961,10.01457323800,53.57592998100
"02","4","08","419","2018","02","20","3","3","6","4","2","0","1","1","0","0","0","0",568213.58750000002,5937298.49859999958,10.03031755800,53.58009920600
"02","5","02","507","2018","01","15","3","3","8","1","1","0","0","0","1","0","0","0",571162.62020000000,5937266.26869999990,10.07484480900,53.57941772000
"02","5","02","507","2018","01","22","7","3","4","2","2","0","1","0","0","0","0","0",570827.99479999999,5937269.71140000038,10.06979235700,53.57949395400
"02","4","09","425","2018","01","16","2","3","2","6","1","0","1","0","0","0","0","1",570676.59120000002,5937617.11319999956,10.06758465000,53.58263647400
"02","4","09","425","2018","01","14","3","3","5","3","0","1","1","0","0","0","0","1",570680.49060000002,5937605.81180000026,10.06764098100,53.58253438300
"02","4","09","425","2018","02","13","6","3","3","7","0","0","1","0","0","0","0","1",571163.14800000004,5938282.68800000008,10.07508457400,53.58855216900
"02","4","09","425","2018","03","20","4","3","6","2","1","0","1","1","0","0","0","0",570701.39830000000,5937588.78409999982,10.06795287700,53.58237853700
"02","4","09","425","2018","04","06","3","3","5","6","0","0","1","0","0","0","0","1",570688.57499999995,5937582.88169999979,10.06775788000,53.58232722100
"02","4","09","425","2018","06","22","2","3","4","2","1","0","1","0","1","0","0","0",570745.11510000005,5937418.58829999994,10.06857451900,53.58084309400
"02","5","02","506","2018","06","08","3","3","0","7","0","1","0","0","0","0","0","0",570853.54949999996,5937272.49639999960,10.07017889600,53.57951553100
"02","5","02","506","2018","07","20","6","3","1","6","0","0","1","0","0","0","0","0",570802.18620000000,5937320.91029999964,10.06941423000,53.57995756300
"02","5","02","506","2018","09","05","5","3","5","3","1","0","1","0","0","0","0","0",570790.83470000001,5937343.74450000003,10.06924798600,53.58016430500
"02","4","09","425","2018","09","23","4","3","8","1","2","0","1","0","0","0","0","0",570960.05870000005,5938251.04540000018,10.07200983200,53.58829532300
"02","4","09","425","2018","08","10","4","3","2","2","0","1","1","0","0","0","0","0",570701.26489999995,5937588.73680000007,10.06795085200,53.58237813000
"02","5","02","505","2018","08","08","5","3","5","3","0","1","1","0","0","0","0","0",570646.11089999997,5937233.07809999958,10.06703740000,53.57918926100
"02","4","09","425","2018","09","14","7","3","5","3","0","0","1","0","1","0","0","0",570679.09129999997,5937580.90230000019,10.06761420600,53.58231071000
"02","5","02","507","2018","09","13","5","2","3","6","0","0","1","0","0","0","0","0",570824.75249999994,5937243.07830000017,10.06973735200,53.57925504100
"02","4","09","425","2018","09","16","6","3","4","2","0","0","1","0","0","0","0","0",570744.72809999995,5937418.43360000011,10.06856863900,53.58084175600
"02","4","09","425","2018","09","07","6","3","4","2","0","0","1","0","0","0","0","0",570684.58700000006,5937582.73099999968,10.06769761800,53.58232640400
"02","5","02","506","2018","10","19","1","2","5","3","2","0","1","0","0","0","0","0",571005.49750000006,5937272.00870000012,10.07247338100,53.57949060000
"02","5","02","507","2018","10","20","7","3","4","2","2","0","1","0","0","0","0","0",570825.20259999996,5937269.39219999965,10.06975011900,53.57949146300
"02","4","09","425","2018","11","16","2","3","2","7","2","0","1","0","0","0","0","0",570596.61910000001,5937548.12820000015,10.06636128000,53.58202727800
"02","5","02","506","2018","11","14","4","3","0","4","0","0","0","1","0","1","0","0",570815.37100000004,5937288.07400000002,10.06960588900,53.57966068300
"02","4","06","415","2018","02","11","4","3","2","6","0","0","1","0","0","0","1","0",568026.24430000002,5936184.52060000040,10.02724565700,53.57011209400
"02","4","06","415","2018","02","14","3","3","5","3","0","1","0","0","0","0","1","0",568175.01699999999,5935992.91000000015,10.02945001000,53.56837075700
"02","4","06","415","2018","11","13","4","3","2","2","0","0","1","0","0","0","0","0",568086.13910000003,5936106.80599999987,10.02813301000,53.56940589400
"02","4","06","415","2018","11","16","5","3","6","3","2","1","0","1","0","0","0","0",568098.03049999999,5936092.12449999992,10.02830934300,53.56927240700
"02","4","06","415","2018","05","17","5","3","2","6","0","0","1","0","0","0","0","0",568039.48320000002,5936167.28619999997,10.02744178400,53.56995548900
"02","4","06","415","2018","01","04","7","2","6","4","2","0","1","1","0","0","0","1",568041.75269999995,5936184.35269999970,10.02747976700,53.57010857400
"02","4","06","415","2018","02","16","6","3","5","2","1","1","1","0","0","0","0","0",567997.63540000003,5936188.52180000022,10.02681458900,53.57015176100
"02","4","06","415","2018","02","13","4","3","1","5","0","1","1","0","0","0","0","0",568449.61510000005,5935971.59889999963,10.03359106000,53.56814348100
"02","4","06","415","2018","02","20","6","2","8","1","2","0","1","0","0","0","0","0",568006.48620000004,5936163.23110000044,10.02694271200,53.56992332400
"02","4","06","415","2018","04","11","6","3","3","6","0","0","1","0","0","1","0","0",567990.03469999996,5936069.42279999983,10.02667390600,53.56908238900
"02","4","06","415","2018","04","12","5","3","3","6","0","0","1","0","0","0","0","0",567992.04509999999,5936079.39340000041,10.02670642900,53.56917173600
"02","4","06","415","2018","05","16","5","3","4","6","0","0","1","0","0","0","0","0",567673.43059999996,5935828.36459999997,10.02184168100,53.56695689600
"02","4","06","415","2018","06","13","2","3","5","3","0","1","1","0","0","0","0","0",567953.74939999997,5935976.79140000045,10.02610592800,53.56825460000
"02","4","06","415","2018","06","10","3","3","6","3","0","0","1","1","0","0","0","0",568089.81000000006,5936092.23419999983,10.02818525600,53.56927445900
"02","4","06","415","2018","07","17","2","3","4","2","0","1","1","0","0","0","0","0",567583.88879999996,5935739.41339999996,10.02047062600,53.56616901900
"02","4","06","415","2018","07","17","1","2","2","6","0","0","1","0","1","0","0","0",567815.59600000002,5935986.30680000037,10.02402223600,53.56835799000
"02","4","06","415","2018","07","15","5","3","2","6","0","0","1","0","0","0","0","0",568074.00109999999,5936081.69780000020,10.02794428000,53.56918181900
"02","4","06","415","2018","07","16","3","3","2","6","0","0","1","0","0","0","0","0",567818.50120000006,5935989.62440000009,10.02406681700,53.56838743000
"02","4","06","415","2018","08","20","2","3","2","6","0","0","1","0","0","0","0","0",568042.89330000000,5936185.29090000037,10.02749719300,53.57011685700
"02","4","06","415","2018","07","23","6","3","4","6","2","1","0","0","0","0","0","0",567956.04070000001,5936151.11060000025,10.02617844900,53.56982093100
"02","4","06","415","2018","07","21","6","3","6","4","0","1","0","1","0","0","0","0",568043.58790000004,5936185.86230000015,10.02750780400,53.57012190300
"02","4","06","415","2018","08","17","6","2","3","6","0","0","1","0","1","0","0","0",567936.92839999998,5935910.04729999974,10.02583745800,53.56765694000
"02","4","06","415","2018","08","10","3","3","2","6","0","0","1","0","0","0","1","0",567974.98089999997,5936141.52919999976,10.02646232200,53.56973236900
"02","4","06","415","2018","09","19","4","3","3","2","0","1","1","0","0","0","0","0",567877.98170000000,5936040.36099999957,10.02497584800,53.56883571500
"02","4","06","415","2018","08","13","7","3","8","1","0","0","1","1","0","0","0","1",568003.32979999995,5936144.30439999979,10.02689093600,53.56975363600
"02","4","06","415","2018","09","10","3","3","0","7","0","1","0","0","0","0","1","0",567640.67949999997,5935806.43960000016,10.02134249100,53.56676407600
"02","4","06","415","2018","10","17","6","3","6","2","0","0","1","1","0","0","0","0",567997.54420000000,5936188.43969999999,10.02681319500,53.57015103500
"02","4","06","415","2018","11","18","5","3","6","4","2","0","1","1","0","0","0","1",567497.41260000004,5935802.91949999984,10.01917884400,53.56675088900
"02","5","11","519","2018","01","13","5","3","0","7","0","1","0","0","0","0","0","0",571101.47080000001,5946550.25169999991,10.07604149300,53.66286028900
"02","5","12","520","2018","01","17","5","3","6","7","1","0","1","1","0","0","0","1",570118.43530000001,5945652.14499999955,10.06096445400,53.65492184700
"02","5","09","517","2018","01","18","3","3","5","7","2","0","1","0","0","0","0","0",571507.78399999999,5944243.25899999961,10.08165855000,53.64207231500
"02","5","11","519","2018","01","14","3","3","2","6","0","0","1","0","0","0","0","0",571054.48239999998,5945411.51410000026,10.07507006900,53.65263301300
"02","5","11","519","2018","01","07","3","3","3","2","1","1","1","0","0","0","0","1",571203.58550000004,5945456.53120000008,10.07733590800,53.65301730000
"02","5","11","519","2018","01","11","5","3","3","6","0","0","1","0","0","0","0","2",571926.81669999997,5945254.80009999964,10.08822980800,53.65110543300
"02","5","11","519","2018","01","13","6","3","5","3","0","0","1","0","0","0","0","1",571147.57559999998,5946314.83160000015,10.07668517500,53.66073833500
"02","5","11","519","2018","01","12","3","3","6","3","0","1","0","1","0","0","0","0",572212.49600000004,5945351.09200000018,10.09257355600,53.65193143300
"02","5","11","519","2018","01","09","4","3","5","3","0","1","1","0","0","0","0","1",572791.22340000002,5945644.72769999970,10.10139669900,53.65449006300
"02","5","11","519","2018","01","14","3","3","5","3","0","0","1","0","0","0","0","1",571205.13870000001,5945473.79200000037,10.07736335900,53.65317220900
"02","5","11","519","2018","02","14","1","3","4","2","0","0","1","0","0","0","0","1",571195.69909999997,5945476.96320000011,10.07722128800,53.65320199300
"02","5","11","519","2018","02","07","4","3","0","4","0","0","1","1","0","0","0","0",571689.75419999997,5946187.56680000015,10.08485904800,53.65952058500
"02","5","13","521","2018","02","20","5","3","0","2","2","0","1","0","1","0","0","0",572131.48349999997,5947749.65450000018,10.09190514900,53.67349799500
"02","5","11","519","2018","02","16","4","3","2","6","1","0","1","0","0","0","0","0",570930.27300000004,5946751.84119999968,10.07349714800,53.66469519300
"02","5","11","519","2018","01","08","4","3","5","3","1","0","1","0","0","1","0","1",570635.04020000005,5947145.41880000010,10.06911932500,53.66827218400
"02","5","13","521","2018","01","17","4","3","2","6","2","0","1","0","0","0","0","0",572173.20449999999,5947886.27840000018,10.09256835400,53.67472004400
"02","5","12","520","2018","02","08","5","3","2","6","0","0","1","0","0","0","0","1",570469.46189999999,5945163.62289999984,10.06616406300,53.65048438100
"02","5","11","519","2018","03","17","6","3","2","6","0","0","1","0","0","0","0","0",571201.94590000005,5946598.46360000037,10.07757282900,53.66327989000
"02","5","11","519","2018","02","15","6","3","2","6","0","0","1","0","0","0","0","1",571178.11190000002,5945462.70930000022,10.07695197300,53.65307628900
"02","5","11","519","2018","02","13","2","3","5","3","0","0","1","0","0","0","0","1",570498.07200000004,5945470.48359999992,10.06666644400,53.65323824800
"02","5","10","518","2018","03","13","6","3","5","3","0","0","1","0","0","0","0","2",572643.45290000003,5946301.71740000043,10.09931487100,53.66041482700
"02","5","10","518","2018","03","19","5","3","3","2","2","1","1","0","0","0","0","0",572756.86199999996,5945324.64080000017,10.10080194400,53.65161829300
"02","5","11","519","2018","04","18","3","3","3","6","0","0","1","0","1","0","0","0",571569.69819999998,5945797.37220000010,10.08295274500,53.65603041800
"02","5","12","520","2018","04","16","5","3","2","6","0","0","1","0","0","0","1","0",569908.40949999995,5944085.20509999990,10.05743475100,53.64086800300
"02","5","11","519","2018","04","13","4","3","9","7","0","0","1","0","0","0","0","0",570385.84889999998,5948035.02219999954,10.06555005500,53.67630053000
"02","5","11","519","2018","04","16","4","2","5","7","0","0","1","0","0","0","0","0",570335.40209999995,5944330.13420000020,10.06394762000,53.64301194400
"02","5","11","519","2018","04","14","3","2","0","1","0","0","1","1","0","0","0","0",571667.86199999996,5946215.39539999980,10.08453424600,53.65977367600
"02","5","11","519","2018","04","10","5","3","5","3","0","0","1","0","0","0","1","0",571964.19339999999,5944774.94859999977,10.08868409800,53.64678795300
"02","5","11","519","2018","04","07","3","3","3","2","0","1","0","0","0","0","1","0",570552.40630000003,5947054.15919999965,10.06784809500,53.66746320500
"02","5","11","519","2018","04","12","7","3","2","6","0","0","1","0","0","0","0","0",572452.39330000000,5945818.99430000037,10.09631156400,53.65610320300
"02","5","11","519","2018","04","12","7","3","2","6","0","0","1","0","0","0","0","0",571175.56339999998,5945845.34250000026,10.07700106800,53.65651530200
"02","5","11","519","2018","04","13","6","3","5","3","0","1","1","0","0","0","0","0",571117.54599999997,5945725.93499999959,10.07609601000,53.65545009700
"02","5","11","519","2018","05","12","7","3","4","2","0","1","1","0","0","0","0","0",571102.69819999998,5946628.29129999969,10.07607793100,53.66356145100
"02","5","11","519","2018","04","07","6","3","5","3","0","1","1","0","0","0","0","0",571180.92209999997,5945966.75549999997,10.07710995500,53.65760569300
"02","5","11","519","2018","05","15","6","3","0","3","0","1","1","0","0","0","0","0",571860.35789999994,5945243.28710000031,10.08722184500,53.65101110100
"02","5","11","519","2018","05","12","7","3","5","2","0","1","1","0","0","0","0","0",570822.49419999996,5945325.43130000029,10.07154109400,53.65189085800
"02","5","10","518","2018","04","15","4","3","5","3","0","1","1","0","0","0","0","0",572657.70559999999,5944411.38090000022,10.09908856800,53.64342479700
"02","5","11","519","2018","04","07","4","3","2","6","0","0","1","0","0","0","0","1",570355.33050000004,5947244.35099999979,10.06490891400,53.66919899000
"02","5","11","519","2018","05","16","2","2","6","4","0","0","1","1","0","0","0","0",571736.89339999994,5945910.09810000006,10.08550817800,53.65702056000
"02","5","12","520","2018","05","19","3","3","5","3","0","1","1","0","0","0","0","0",570006.54879999999,5946790.44350000005,10.05952835500,53.66516660000
"02","5","12","520","2018","05","12","7","3","3","6","0","0","1","0","1","0","0","0",570123.04359999998,5944983.44539999962,10.06088328600,53.64891169300
"02","5","11","519","2018","05","10","7","3","0","7","0","0","0","0","1","0","0","0",571809.07799999998,5946462.58260000031,10.08672796100,53.66197572900
"02","5","11","519","2018","05","07","2","3","0","7","0","1","1","0","0","0","0","0",571518.71019999997,5947234.71719999984,10.08251235700,53.66895455400
"02","5","12","520","2018","05","11","4","3","2","6","0","1","1","0","0","0","0","0",570028.50780000002,5944328.23929999955,10.05930574800,53.64303607500
"02","5","11","519","2018","06","09","2","3","2","6","0","0","1","0","0","0","0","0",571142.94519999996,5946323.61589999963,10.07661712800,53.66081790800
"02","5","11","519","2018","06","10","6","3","2","6","0","0","1","0","0","0","0","1",571716.03839999996,5945906.83299999963,10.08519191300,53.65699407700
"02","5","11","519","2018","06","11","6","3","5","3","0","0","1","0","0","0","0","0",572326.04359999998,5945142.92399999965,10.09424274100,53.65004498200
"02","5","12","520","2018","06","11","7","3","4","2","0","0","1","0","0","0","0","1",570137.56830000004,5945656.02309999987,10.06125477700,53.65495413400
"02","5","11","519","2018","06","11","6","3","4","6","0","1","0","0","0","0","0","0",571712.31200000003,5946024.18099999987,10.08516262400,53.65804917400
"02","5","13","521","2018","07","08","2","3","2","6","0","0","1","0","0","0","1","0",572218.63939999999,5948021.96109999996,10.09328759100,53.67593311700
"02","5","11","519","2018","07","20","4","3","5","2","0","1","1","0","0","0","0","0",571351.67119999998,5945730.09109999985,10.07963887600,53.65545556100
"02","5","11","519","2018","06","07","5","3","5","3","0","1","1","0","0","0","0","0",571294.35950000002,5946740.08999999985,10.07900366100,53.66454007000
"02","5","11","519","2018","06","15","5","2","0","7","0","1","0","0","0","0","0","0",572159.12430000002,5945282.71079999954,10.09175032800,53.65132426900
"02","5","11","519","2018","07","18","1","3","1","5","0","1","0","0","0","0","1","0",571020.93620000000,5944682.60319999978,10.07439605600,53.64608694500
"02","5","11","519","2018","07","11","7","3","3","6","0","0","1","0","0","0","0","0",570372.03540000005,5945121.26240000036,10.06468074200,53.65011680700
"02","5","11","519","2018","06","11","3","3","5","3","0","1","1","0","0","0","0","0",571627.86990000005,5946256.81900000013,10.08393872500,53.66015142200
"02","5","11","519","2018","07","16","5","3","5","3","0","1","1","0","0","0","0","0",571627.50659999996,5946255.06950000022,10.08393282500,53.66013574900
"02","5","11","519","2018","08","13","2","3","1","5","0","1","0","0","0","0","1","1",571242.88260000001,5945730.34989999980,10.07799315100,53.65547271600
"02","5","12","520","2018","08","08","4","3","5","3","0","0","1","0","0","0","1","0",570083.93310000002,5944975.90110000037,10.06028999800,53.64884913400
"02","5","11","519","2018","08","11","3","3","3","6","0","0","1","0","1","0","0","0",572245.35739999998,5945727.01489999983,10.09315804700,53.65530524100
"02","5","11","519","2018","07","14","3","3","5","3","0","0","1","0","0","0","0","0",571625.94550000003,5946247.55090000015,10.08390747200,53.66006839400
"02","5","11","519","2018","08","09","4","2","6","4","0","0","1","1","0","0","0","0",571179.31169999996,5945463.20380000025,10.07697023600,53.65308057000
"02","5","10","518","2018","07","20","3","3","0","7","0","1","1","0","0","0","0","0",572620.93200000003,5945039.19409999996,10.09867906200,53.64907193100
"02","5","11","519","2018","07","17","3","3","2","6","0","0","1","0","0","0","0","0",570927.13100000005,5944640.63929999992,10.07296768300,53.64572254500
"02","5","09","517","2018","08","18","3","3","2","6","0","0","1","0","0","0","0","0",570896.98360000004,5944145.03670000006,10.07239870500,53.64127271000
"02","5","09","517","2018","08","16","2","3","2","6","0","0","1","0","0","0","0","0",571436.33929999999,5944167.34979999997,10.08056061900,53.64139988800
"02","5","11","519","2018","09","07","7","3","5","2","0","0","1","0","0","0","0","0",571793.02670000005,5946248.27450000029,10.08643556100,53.66005198700
"02","5","11","519","2018","08","18","5","3","0","7","0","0","1","0","1","0","0","0",572195.86789999995,5945502.79200000037,10.09235726600,53.65329702700
"02","5","11","519","2018","08","12","2","3","5","3","0","1","1","0","0","0","0","0",572442.54379999998,5945422.29210000020,10.09607007200,53.65253948700
"02","5","12","520","2018","08","17","6","3","2","2","0","0","1","0","0","0","0","0",570220.23520000000,5945551.81359999999,10.06248182800,53.65400652300
"02","5","12","520","2018","09","16","3","3","1","6","0","0","1","0","0","0","0","0",570180.90440000000,5945362.00169999991,10.06184397000,53.65230598200
"02","5","11","519","2018","09","10","2","3","4","2","0","1","1","0","0","0","0","0",571159.55070000002,5946614.23060000036,10.07693495600,53.66342735600
"02","5","12","520","2018","09","17","5","3","5","2","0","1","1","0","0","0","0","0",570041.75029999996,5946202.54119999986,10.05992843600,53.65987847400
"02","5","10","518","2018","09","11","5","3","5","3","0","1","0","0","0","0","1","0",572570.77839999995,5945154.54690000042,10.09794737600,53.65011554200
"02","5","11","519","2018","10","19","7","3","2","6","2","0","1","0","0","0","0","0",571708.95730000001,5946180.43769999966,10.08514794000,53.65945388400
"02","5","11","519","2018","10","16","3","3","0","7","0","1","0","0","0","0","0","1",571411.44250000000,5946518.11569999997,10.08072426400,53.66252924900
"02","5","10","518","2018","10","17","1","3","2","6","0","0","1","0","0","0","0","0",572697.25470000005,5944482.45189999975,10.09970332100,53.64405800400
"02","5","13","521","2018","10","09","3","3","5","3","0","1","1","0","0","0","0","0",572130.68500000006,5947747.43690000009,10.09189254900,53.67347817600
"02","5","12","520","2018","10","15","7","3","3","6","0","1","0","0","0","0","0","0",569541.34800000000,5945099.48000000045,10.05211048100,53.65003213100
"02","5","11","519","2018","10","14","3","3","2","6","0","0","1","0","0","1","0","1",571298.60910000000,5946568.49949999992,10.07902857000,53.66299743600
"02","5","11","519","2018","10","18","3","3","3","2","2","1","1","0","0","0","0","0",572274.96120000002,5945842.26970000006,10.09363270800,53.65633692200
"02","5","11","519","2018","11","17","5","3","1","5","1","0","1","0","0","0","1","0",571610.95959999994,5945278.54150000028,10.08345740300,53.65136212600
"02","5","11","519","2018","10","19","7","3","5","3","2","1","1","0","0","0","0","0",571940.25120000006,5945451.02670000028,10.08847845100,53.65286703900
"02","5","11","519","2018","10","20","5","3","2","2","2","0","1","0","0","0","0","0",572700.18530000001,5945698.23819999956,10.10003201000,53.65498361100
"02","5","11","519","2018","10","13","5","3","6","6","0","1","0","1","0","0","0","1",570632.46369999996,5945718.84090000018,10.06875591400,53.65545207400
"02","5","11","519","2018","11","15","6","2","5","3","0","1","1","0","0","0","0","0",571165.52000000002,5946795.79000000004,10.07706688500,53.66505818800
"02","5","11","519","2018","11","04","1","3","9","5","2","0","1","0","0","0","1","0",571343.38450000004,5944910.63889999967,10.07932539800,53.64809240100
"02","5","11","519","2018","11","07","6","3","5","3","1","1","1","0","0","0","0","0",571835.40339999995,5945453.62179999985,10.08689298500,53.65290477000
"02","5","11","519","2018","11","17","6","3","5","3","2","0","1","0","0","0","0","0",571804.09459999995,5946268.05200000014,10.08660758900,53.66022820400
"02","5","12","520","2018","11","07","6","3","5","3","1","1","1","0","0","0","0","1",569909.77749999997,5944705.60089999996,10.05759492800,53.64644326900
"02","5","11","519","2018","11","14","5","3","5","3","0","1","1","0","0","0","0","0",571628.09620000003,5945817.93989999965,10.08384095900,53.65620726200
"02","5","11","519","2018","12","07","6","3","5","3","2","1","1","0","0","0","0","1",571482.22400000005,5946314.36469999980,10.08174835300,53.66068850300
"02","5","11","519","2018","12","08","6","3","3","2","0","1","1","0","0","0","0","1",572566.18409999995,5945768.53409999982,10.09802125400,53.65563395300
"02","5","11","519","2018","12","15","5","2","5","2","0","0","1","0","0","0","0","1",571872.18000000005,5945238.39499999955,10.08739954200,53.65096551300
"02","5","11","519","2018","12","16","2","3","5","3","1","0","1","0","0","0","0","0",571276.68830000004,5946574.87330000009,10.07869834900,53.66305770500
"02","5","11","519","2018","12","19","1","3","6","4","2","0","1","1","0","0","0","1",571742.32880000002,5945902.19230000023,10.08558858400,53.65694876700
"02","5","12","520","2018","12","20","2","3","6","2","2","0","1","1","0","0","0","0",570615.19389999995,5945233.51599999983,10.06838436600,53.65109285100
"02","5","11","519","2018","12","17","4","3","2","6","2","0","1","0","0","0","0","1",571717.28989999997,5945882.21410000045,10.08520516400,53.65677266000
"02","5","11","519","2018","12","16","6","3","6","7","0","0","1","1","0","0","0","0",572334.70830000006,5945746.71119999979,10.09451434600,53.65546989800
"02","5","09","517","2018","12","16","2","2","5","3","1","0","1","0","0","0","0","1",571714.71790000005,5944479.24519999977,10.08484253500,53.64416476800
"02","5","10","518","2018","12","13","6","3","3","6","0","0","1","0","0","0","0","0",572776.93539999996,5944644.62889999989,10.10094638100,53.64550437900
"02","5","09","517","2018","12","06","2","2","6","4","2","0","1","1","0","0","0","1",571637.97950000002,5944064.97159999982,10.08358648700,53.64045226600
"02","5","09","517","2018","12","22","5","3","1","5","2","0","1","0","0","0","0","1",572703.25769999996,5944187.31070000026,10.09972510400,53.64140479600
"02","5","14","522","2018","04","11","1","2","0","1","0","0","0","0","1","0","0","0",571068.76370000001,5952218.78430000041,10.07684572700,53.71380670500
"02","5","14","522","2018","07","11","5","3","0","7","0","1","0","0","0","0","0","0",571124.65220000001,5952279.41150000039,10.07770632100,53.71434393400
"02","5","14","522","2018","01","10","3","3","5","3","0","1","0","0","0","0","1","1",572862.34190000000,5950965.95600000024,10.10372212000,53.70230062900
"02","5","14","522","2018","02","11","4","1","6","2","0","0","1","1","0","0","0","0",573222.25150000001,5951562.25059999991,10.10931386800,53.70760899000
"02","5","13","521","2018","02","07","3","3","4","6","0","0","1","0","0","0","1","0",572629.10259999998,5950282.61220000032,10.10002956500,53.69619210900
"02","5","14","522","2018","03","18","2","3","5","2","2","0","1","0","0","0","0","0",571070.86069999996,5952226.45959999971,10.07687925600,53.71387539600
"02","5","14","522","2018","02","21","2","3","4","6","2","0","1","0","0","0","0","2",573718.99639999995,5951413.93680000026,10.11680266500,53.70620623700
"02","5","14","522","2018","04","09","4","3","0","7","0","0","1","0","1","0","0","0",573101.56400000001,5951484.62899999972,10.10746751400,53.70692834300
"02","5","14","522","2018","04","21","7","3","0","7","2","0","0","0","1","0","0","0",572028.77969999996,5951850.59169999976,10.09130351900,53.71036626100
"02","5","15","523","2018","05","13","3","3","0","7","0","0","1","0","0","0","0","0",574208.61939999997,5950637.07629999984,10.12403255400,53.69915551200
"02","5","14","522","2018","06","18","4","3","2","2","0","0","1","0","0","0","0","0",572771.96059999999,5950581.90079999994,10.10226310500,53.69886184300
"02","5","14","522","2018","08","14","3","3","5","3","0","1","0","0","0","0","0","0",572588.21900000004,5951237.32270000037,10.09963411700,53.70477750200
"02","5","14","522","2018","09","15","4","3","2","6","0","0","1","0","0","0","0","0",572843.83499999996,5951139.14300000016,10.10348255300,53.70385959000