ULAND,UREGBEZ,UKREIS,UGEMEINDE,UJAHR,UMONAT,USTUNDE,UWOCHENTAG,UKATEGORIE,UART,UTYP1,ULICHTVERH,IstRad,IstPKW,IstFuss,IstKrad,IstGkfz,IstSonstig,STRZUSTAND,LINREFX,LINREFY,XGCSWGS84,YGCSWGS84
"02","5","14","522","2018","10","13","2","3","2","6","0","0","1","0","0","0","1","0",572857.62690000003,5951078.52249999996,10.10367718300,53.70331288800
"02","5","14","522","2018","10","06","3","3","6","4","2","0","1","1","0","0","0","1",573266.36760000000,5951546.50050000008,10.10997836100,53.70746125900
"02","5","14","522","2018","12","16","5","3","5","2","1","1","1","0","0","0","0","0",573267.83589999995,5951479.80819999985,10.10998482600,53.70686171200
"02","5","14","522","2018","12","17","2","3","5","3","2","0","1","0","0","0","0","1",572808.55599999998,5951267.95559999999,10.10297850800,53.70502211100
"02","5","05","513","2018","01","20","7","3","2","6","2","0","1","0","0","0","0","0",573589.63829999999,5937631.49170000013,10.11158130500,53.58236502000
"02","5","05","513","2018","01","10","1","3","5","3","0","0","1","0","0","0","0","0",574449.04709999997,5938055.13379999995,10.12466113100,53.58605091500
"02","5","06","514","2018","01","12","6","2","0","7","0","0","1","0","0","0","0","1",572873.30750000000,5939285.09229999967,10.10114954000,53.59732574900
"02","5","06","514","2018","01","15","7","3","2","6","0","0","1","0","0","0","0","0",573400.69649999996,5938790.59339999966,10.10900060400,53.59280817700
"02","5","05","513","2018","01","15","2","2","0","7","0","0","0","0","0","0","1","0",575282.67420000001,5938815.13559999969,10.13743497900,53.59276185300
"02","5","02","508","2018","01","18","2","3","2","6","2","0","1","0","0","0","0","1",572823.38080000004,5938032.39379999973,10.10010279900,53.58607484400
"02","5","05","513","2018","01","09","2","2","5","3","0","1","1","0","0","0","0","0",572821.82090000005,5938070.17370000016,10.10008805700,53.58641458400
"02","5","05","513","2018","01","17","2","3","2","6","2","0","1","0","0","0","1","1",575249.83039999998,5938787.67160000000,10.13693222800,53.59251975600
"02","5","05","513","2018","01","17","5","3","4","7","2","0","1","0","0","0","0","1",574602.07539999997,5938154.41069999989,10.12699609200,53.58692134800
"02","5","05","513","2018","01","18","4","3","2","2","2","0","1","0","0","0","0","1",573117.25820000004,5938150.08299999963,10.10456891900,53.58709160600
"02","5","05","513","2018","01","14","4","3","5","3","0","0","1","0","0","0","0","1",572705.89720000001,5938514.34040000010,10.09844071700,53.59042234500
"02","5","04","512","2018","02","15","3","3","0","4","0","0","0","1","0","0","1","0",575007.87690000003,5937889.77550000045,10.13306151000,53.58448523700
"02","5","02","509","2018","02","06","5","2","6","4","2","0","1","1","0","0","0","0",572716.17249999999,5938347.10099999979,10.09855694000,53.58891795900
"02","5","05","513","2018","02","13","2","3","2","6","0","0","1","0","0","0","0","0",573296.32189999998,5938624.00079999957,10.10738479800,53.59132563700
"02","5","05","513","2018","02","07","5","3","5","3","1","0","1","0","1","0","0","0",573845.45689999999,5937765.18259999994,10.11547631100,53.58353052000
"02","5","05","513","2018","02","10","2","3","3","6","0","0","1","0","0","0","0","1",572827.77630000003,5937922.50009999983,10.10014353700,53.58508663100
"02","5","05","513","2018","01","07","4","2","5","3","2","1","1","0","0","0","0","1",574675.53399999999,5937728.74199999962,10.12800370700,53.58308549200
"02","5","05","513","2018","02","08","2","3","2","6","0","0","1","0","0","0","1","1",572970.99049999996,5937388.67530000024,10.10218168300,53.58026930100
"02","5","02","508","2018","02","18","5","3","2","6","2","0","1","0","0","0","0","0",573014.75719999999,5937233.45189999975,10.10280630800,53.57886823500
"02","5","05","513","2018","02","19","4","3","4","2","2","0","1","0","0","0","0","0",572856.23250000004,5937872.77859999985,10.10056170200,53.58463583700
"02","5","05","513","2018","03","16","5","3","2","6","0","0","1","0","0","0","0","0",573000.21699999995,5937288.25150000025,10.10259955500,53.57936273700
"02","5","06","514","2018","03","09","4","3","4","2","0","0","1","0","0","0","0","1",573442.71470000001,5938852.46899999958,10.10964989100,53.59335835800
"02","5","04","512","2018","02","16","6","3","5","3","0","0","1","0","0","0","0","1",575401.91420000000,5937850.14159999974,10.13900293200,53.58407254700
"02","5","04","512","2018","03","16","4","3","6","4","0","0","1","1","0","0","0","1",575548.98650000000,5937842.75480000023,10.14122229800,53.58398499600
"02","5","05","513","2018","03","07","4","2","3","6","0","1","1","0","0","0","0","0",575253.95700000005,5938792.32369999960,10.13699568500,53.59256097100
"02","5","05","513","2018","03","16","7","3","4","1","0","0","1","0","0","0","0","0",574572.97490000003,5938427.71349999961,10.12662190000,53.58938160500
"02","5","05","513","2018","04","13","3","2","2","6","0","0","1","1","0","0","0","0",572960.75480000000,5937441.08949999977,10.10203936300,53.58074176600
"02","5","05","513","2018","03","17","5","3","1","6","0","0","1","0","0","0","0","0",574448.77139999997,5938141.04220000003,10.12467746500,53.58682299700
"02","5","05","513","2018","03","16","5","3","2","6","0","0","1","0","0","0","0","0",574795.79570000002,5938649.45949999988,10.13004065000,53.59134264900
"02","5","02","508","2018","03","18","6","3","0","7","2","0","1","0","0","0","1","0",572941.23170000000,5937631.48900000006,10.10178903500,53.58245558000
"02","5","02","508","2018","04","16","2","3","2","6","0","0","1","0","0","0","0","1",572942.22030000004,5937643.30920000002,10.10180672700,53.58256166900
"02","5","05","513","2018","04","19","4","3","5","3","0","0","1","0","0","0","0","0",572721.03150000004,5938416.94739999995,10.09864661500,53.58954498700
"02","5","05","513","2018","04","11","6","2","8","7","0","0","1","0","0","0","1","0",572875.00610000000,5938406.06429999974,10.10096980100,53.58942580300
"02","5","05","513","2018","04","16","5","3","4","6","0","1","0","0","0","0","0","0",574063.33059999999,5937857.01379999984,10.11878852000,53.58432506600
"02","5","04","512","2018","04","11","2","3","5","3","0","1","0","0","0","1","0","0",575451.19140000001,5937846.51049999986,10.13974626200,53.58403282700
"02","5","04","512","2018","04","17","2","3","2","2","0","0","1","0","0","0","0","0",575427.30039999995,5937847.52259999979,10.13938569300,53.58404536000
"02","5","05","513","2018","04","00","1","3","4","2","2","0","1","0","0","0","0","0",574423.86849999998,5938272.60910000000,10.12433272900,53.58800889800
"02","5","02","508","2018","04","21","1","3","6","7","2","0","1","1","0","0","0","0",572897.87399999995,5937336.21250000037,10.10106527500,53.57980799100
"02","5","05","513","2018","04","05","5","2","5","3","2","1","0","0","1","0","0","0",574460.44189999998,5938041.51329999976,10.12482997900,53.58592689200
"02","5","05","513","2018","05","21","5","3","4","2","2","0","1","0","0","0","0","1",574464.76139999996,5938064.55319999997,10.12490071600,53.58613333400
"02","5","02","509","2018","05","14","6","2","5","3","0","1","1","0","0","0","0","0",572732.63619999995,5938359.40919999965,10.09880848500,53.58902628800
"02","5","05","513","2018","04","22","6","3","2","6","2","0","1","0","0","0","0","0",574586.22710000002,5937639.64279999956,10.12663368300,53.58229748400
"02","5","05","513","2018","05","22","5","2","5","2","2","0","1","0","0","0","0","0",574414.24399999995,5938261.40180000011,10.12418468700,53.58790954600
"02","5","04","512","2018","05","11","3","3","2","6","0","0","1","0","0","0","0","0",575576.69290000002,5937841.73220000044,10.14164048400,53.58397181400
"02","5","04","512","2018","05","19","5","2","6","4","0","0","1","1","0","0","0","0",575617.46210000000,5937740.76840000041,10.14223173300,53.58305860000
"02","5","05","513","2018","05","17","3","3","0","3","0","1","0","0","0","0","0","0",572940.53819999995,5937554.15199999977,10.10176048600,53.58176065700
"02","5","06","514","2018","05","17","5","3","6","4","0","0","1","1","0","0","0","0",572905.80770000000,5939297.25079999957,10.10164337600,53.59743049600
"02","5","04","512","2018","05","13","5","3","2","6","0","0","1","0","0","0","0","0",574657.38199999998,5937464.77799999993,10.12766642800,53.58071588300
"02","5","05","513","2018","05","22","7","3","9","1","2","0","1","0","0","0","0","0",574266.64399999997,5938877.93400000036,10.12210213800,53.59347113100
"02","5","18","526","2018","06","14","7","3","5","3","0","1","1","0","0","0","0","0",575258.20030000003,5938809.90099999961,10.13706402300,53.59271832500
"02","5","05","513","2018","06","15","2","3","4","2","0","0","1","0","0","0","0","0",572856.85789999994,5937873.54009999987,10.10057132500,53.58464259400
"02","5","04","512","2018","06","16","6","3","6","4","0","0","1","1","0","0","0","0",575255.81980000006,5937204.47780000046,10.13664085900,53.57829109500
"02","5","05","513","2018","06","05","2","3","1","5","0","1","1","0","0","0","0","0",574154.42249999999,5937187.37310000043,10.12000514600,53.57829424600
"02","5","05","513","2018","06","05","3","3","5","3","0","0","1","0","0","0","0","0",572821.67139999999,5938386.35840000026,10.10015960300,53.58925611900
"02","5","04","512","2018","06","16","4","3","3","2","0","1","1","0","0","0","0","0",573697.22779999999,5936920.53220000025,10.11303826300,53.57596062200
"02","5","05","513","2018","06","15","5","2","3","2","0","1","1","0","0","0","0","0",574629.50089999998,5938162.75189999957,10.12741231000,53.58699240600
"02","5","05","513","2018","06","19","1","3","5","3","0","1","1","0","0","0","0","0",572949.21329999994,5937506.00289999973,10.10188024200,53.58132674000
"02","5","04","512","2018","07","08","2","3","1","6","0","0","1","0","0","0","0","0",574460.61120000004,5938035.81290000025,10.12483117500,53.58587564000
"02","5","04","512","2018","07","09","2","3","3","2","0","1","1","0","0","0","0","0",575304.42319999996,5937364.96530000027,10.13741350800,53.57972638500
"02","5","05","513","2018","07","12","6","3","2","6","0","0","1","0","0","0","1","0",574929.21349999995,5939279.38379999995,10.13220728800,53.59698458500
"02","5","05","513","2018","07","09","1","3","4","2","0","0","1","0","1","0","0","0",574425.22770000005,5938265.26530000009,10.12435150600,53.58794270800
"02","5","05","513","2018","07","07","3","3","5","3","0","1","1","0","0","0","0","0",572963.94259999995,5937421.44680000003,10.10208291200,53.58056479600
"02","5","05","513","2018","07","18","6","3","2","2","0","0","1","0","0","0","0","0",573414.68960000004,5937550.44070000015,10.10892016000,53.58166114500
"02","5","04","512","2018","07","19","4","3","6","4","0","0","1","1","0","0","0","0",575207.13139999995,5937058.36739999987,10.13587044200,53.57698501500
"02","5","02","508","2018","06","18","4","3","2","6","0","0","1","0","0","0","0","0",573051.95849999995,5937054.73919999972,10.10332625500,53.57725698500
"02","5","05","513","2018","06","07","4","3","3","2","0","1","1","0","0","0","0","0",574438.31380000000,5938285.04420000035,10.12455387700,53.58811859900
"02","5","06","514","2018","06","18","4","2","5","3","0","1","1","0","0","0","0","0",574338.19860000000,5939297.39049999975,10.12328302800,53.59723056000
"02","5","05","513","2018","07","07","4","3","5","3","0","1","0","0","0","0","1","0",574910.21389999997,5939294.92899999954,10.13192399400,53.59712700100
"02","5","04","512","2018","06","12","4","3","0","7","0","1","0","0","0","0","0","0",573473.88720000000,5937110.66930000018,10.10971062900,53.57770069000
"02","5","04","512","2018","07","15","7","3","9","7","0","0","1","0","0","0","0","0",575010.40709999995,5937793.47790000029,10.13307657500,53.58361946900
"02","5","04","512","2018","06","16","3","3","2","6","0","0","1","0","0","0","0","0",574460.50040000002,5938039.54449999984,10.12483039200,53.58590919100
"02","5","02","508","2018","06","06","3","3","5","3","1","0","1","0","0","0","0","0",572695.28469999996,5937274.08619999979,10.09799147200,53.57927778700
"02","5","05","513","2018","08","12","5","3","5","3","0","1","1","0","0","0","0","0",572959.99780000001,5937445.75449999981,10.10202902200,53.58078379500
"02","5","04","512","2018","07","14","2","3","6","4","0","0","1","1","0","0","0","0",575546.57400000002,5937842.87420000043,10.14118589200,53.58398641700
"02","5","04","512","2018","08","17","3","2","4","6","0","1","0","0","0","0","0","0",575022.52110000001,5937170.59619999956,10.13310980200,53.57802002900
"02","5","05","513","2018","08","13","1","3","0","5","0","0","1","0","1","0","0","0",573082.94200000004,5938119.78239999991,10.10404351900,53.58682408200
"02","5","02","508","2018","09","22","5","3","3","6","2","0","1","0","0","0","0","0",573003.91500000004,5937274.12330000009,10.10265209400,53.57923525400
"02","5","05","513","2018","08","17","5","3","6","4","0","0","1","1","0","0","0","1",574508.70499999996,5938093.55939999968,10.12557133500,53.58638776500
"02","5","05","513","2018","09","13","6","3","0","6","0","0","1","0","1","0","0","0",574575.14590000000,5938429.81060000043,10.12665519300,53.58940014200
"02","5","04","512","2018","09","18","7","3","5","3","0","0","1","0","0","0","0","0",575555.73060000001,5937842.42090000026,10.14132407000,53.58398102400
"02","5","05","513","2018","09","15","2","3","5","2","0","1","1","0","0","0","0","0",573016.59690000000,5937226.74660000019,10.10283252000,53.57880771900
"02","5","05","513","2018","09","00","2","3","8","6","2","0","1","0","0","0","0","0",573917.12500000000,5937801.73300000001,10.11656732900,53.58384889600
"02","5","06","514","2018","09","22","6","3","6","7","2","0","1","1","0","0","0","0",573450.48789999995,5938735.39369999990,10.10973974100,53.59230513200
"02","5","05","513","2018","09","21","3","3","4","6","2","0","1","0","0","0","0","0",574028.47109999997,5937935.27130000014,10.11828061400,53.58503327500
"02","5","05","513","2018","09","06","2","3","4","6","0","0","1","0","0","0","0","0",574293.49809999997,5937960.81010000035,10.12228937400,53.58522530700
"02","5","18","526","2018","09","11","7","3","6","4","0","0","1","1","0","0","0","0",575612.70530000003,5939107.45019999985,10.14249115700,53.59534131200
"02","5","05","513","2018","09","12","3","3","3","2","0","0","1","0","0","0","1","0",574434.35840000003,5938281.03710000031,10.12449317800,53.58808315000
"02","5","05","513","2018","08","12","4","3","2","6","0","0","1","0","0","0","0","0",573044.70770000003,5937387.29540000018,10.10329458700,53.58024663900
"02","5","06","514","2018","09","17","7","2","5","2","0","0","1","0","0","0","0","0",573440.36840000004,5938849.22049999982,10.10961368300,53.59332949300
"02","5","04","512","2018","08","10","4","3","2","6","0","0","1","0","0","1","0","0",574688.14179999998,5937207.95509999990,10.12806948900,53.57840348600
"02","5","05","513","2018","09","07","6","3","5","3","0","1","1","0","0","0","0","0",573845.95449999999,5937767.51329999976,10.11548437700,53.58355139500
"02","5","05","513","2018","09","17","1","3","0","7","0","1","0","0","0","0","0","0",573573.70869999996,5937623.94539999962,10.11133895700,53.58229943700
"02","5","05","513","2018","08","10","3","3","5","3","0","1","1","0","0","0","0","0",574585.74010000005,5938143.80099999998,10.12674683500,53.58682832500
"02","5","02","508","2018","08","07","5","3","2","4","0","0","1","1","0","0","0","1",573019.54209999996,5937216.01180000044,10.10287448400,53.57871083700
"02","5","05","513","2018","09","17","4","3","5","3","0","1","1","0","0","0","0","0",575573.04850000003,5938254.85639999993,10.14168550700,53.58768498600
"02","5","05","513","2018","08","09","6","3","2","2","0","0","1","0","0","0","0","0",574478.06799999997,5938073.33660000004,10.12510378600,53.58621037900
"02","5","06","514","2018","09","07","4","3","2","6","0","0","1","1","0","0","0","0",573258.65110000002,5939101.26999999955,10.10692788200,53.59562005000
"02","5","05","513","2018","09","20","3","3","2","6","2","0","1","0","0","0","0","0",574546.83840000001,5938402.46600000001,10.12622109000,53.58915842700
"02","5","05","513","2018","09","07","4","3","5","3","0","1","0","0","0","0","0","0",573563.73219999997,5937601.27450000029,10.11118294800,53.58209709700
"02","5","05","513","2018","09","07","3","3","4","6","0","1","0","0","0","0","0","0",573842.90300000005,5937762.05300000031,10.11543700000,53.58350275400
"02","5","04","512","2018","09","22","7","3","4","6","2","1","0","0","0","0","0","0",574608.41020000004,5937596.27020000014,10.12695832100,53.58190454700
"02","5","05","513","2018","09","11","7","3","3","6","0","0","1","0","0","0","0","0",573059.00060000003,5936937.04009999987,10.10340504800,53.57619825500
"02","5","05","513","2018","09","09","5","3","5","3","0","0","1","0","0","0","0","0",574427.59580000001,5938291.26819999982,10.12439347700,53.58817605500
"02","5","05","513","2018","10","18","6","2","8","7","0","0","1","0","0","0","0","0",574161.85990000004,5938054.77840000018,10.12032357900,53.58608841700
"02","5","06","514","2018","10","22","6","3","5","3","2","1","1","0","0","0","0","0",573850.77049999998,5939162.25339999981,10.11588730800,53.59608501000
"02","5","05","513","2018","10","19","5","3","2","6","2","0","1","0","0","0","1","1",574754.75930000003,5938265.72290000040,10.12932883200,53.58789994200
"02","5","05","513","2018","10","07","6","3","3","6","0","1","0","0","0","0","0","0",573547.01300000004,5937611.43609999958,10.11093285100,53.58219076300
"02","5","05","513","2018","10","16","7","3","0","2","0","1","1","0","0","0","0","0",572847.39709999994,5937877.39090000000,10.10042933900,53.58467851500
"02","5","05","513","2018","10","10","3","3","5","3","0","0","1","0","0","0","1","0",572785.03310000000,5938204.70799999963,10.09956381800,53.58762873500
"02","5","04","512","2018","10","05","4","2","4","2","2","0","1","0","1","0","0","0",574588.33849999995,5937618.09949999955,10.12666042000,53.58210357800
"02","5","05","513","2018","10","19","7","3","2","6","2","0","1","0","0","0","0","0",573485.75100000005,5937582.57199999969,10.11000087800,53.58193995300
"02","5","05","513","2018","10","16","5","2","6","4","0","0","1","1","0","0","0","1",575504.17350000003,5938576.46119999979,10.14072307500,53.59058509100
"02","5","05","513","2018","11","11","3","3","2","6","0","0","1","0","0","0","0","1",573277.05339999998,5937486.81410000008,10.10682666900,53.58110859000
"02","5","05","513","2018","10","17","4","3","3","2","1","1","1","0","0","0","0","0",573408.06579999998,5937547.37650000025,10.10881940800,53.58163453500
"02","5","18","526","2018","10","20","3","3","5","2","2","1","1","0","0","0","0","1",575281.24710000004,5938823.88989999983,10.13741553500,53.59284073100
"02","5","02","508","2018","10","18","6","3","1","6","2","0","1","0","0","0","0","1",572803.43680000002,5937306.95380000025,10.09963234000,53.57955816400
"02","5","04","512","2018","10","17","3","2","8","7","0","0","1","1","0","0","0","1",574679.15200000000,5937373.75370000023,10.12797340500,53.57989476600
"02","5","02","508","2018","10","14","3","2","3","6","0","0","1","0","0","0","0","1",573002.93620000000,5937277.86290000007,10.10263818800,53.57926899700
"02","5","02","508","2018","10","19","6","3","3","6","2","1","1","0","0","0","0","1",572825.51480000000,5937953.53230000008,10.10011662400,53.58536582800
"02","5","02","508","2018","11","15","6","2","5","3","0","0","1","0","1","0","0","0",572693.28000000003,5938094.55609999970,10.09815231800,53.58665154100
"02","5","05","513","2018","11","09","5","3","0","7","0","1","0","0","0","0","0","0",574364.11380000005,5937325.09150000010,10.12320439900,53.57950221000
"02","5","05","513","2018","11","13","7","3","6","7","0","1","0","1","0","0","0","0",574533.93689999997,5938110.15519999992,10.12595638600,53.58653332200
"02","5","18","526","2018","11","18","5","3","0","1","2","1","0","0","0","0","0","0",575326.31960000005,5938847.52089999989,10.13810209000,53.59304662300
"02","5","05","513","2018","11","09","4","3","5","5","0","1","1","0","0","0","0","0",574148.15090000001,5937643.83150000032,10.12001887900,53.58239724800
"02","5","05","513","2018","11","09","2","3","3","6","0","0","1","0","0","0","0","1",573072.08860000002,5938478.35659999959,10.10396358200,53.59004805400
"02","5","05","513","2018","11","18","4","3","1","3","2","1","1","0","0","0","0","0",573978.98270000005,5937883.14230000041,10.11752083500,53.58457178500
"02","5","02","508","2018","11","11","6","3","2","6","0","0","1","0","0","0","1","0",572834.41260000004,5937316.52560000028,10.10010234100,53.57963988400
"02","5","06","514","2018","11","20","5","3","5","3","2","1","1","0","0","0","0","0",573497.24540000001,5938814.18699999992,10.11046460700,53.59300668200
"02","5","02","508","2018","11","06","4","3","1","6","1","0","1","0","1","0","0","1",572970.76529999997,5937389.67779999971,10.10217851700,53.58027834200
"02","5","18","526","2018","11","19","4","3","6","4","2","0","1","1","0","0","0","0",575152.19819999998,5939018.85919999983,10.13551315400,53.59461138900
"02","5","04","512","2018","11","17","2","2","6","4","2","0","1","1","0","0","0","0",575503.59299999999,5937689.56300000008,10.14049968100,53.58261483500
"02","5","06","514","2018","11","17","3","3","4","2","2","0","1","0","0","0","1","0",573443.47519999999,5938853.52199999988,10.10966162700,53.59336771500
"02","5","04","512","2018","12","14","2","3","1","6","0","0","1","0","0","0","0","1",575584.58450000000,5937841.55559999961,10.14175962400,53.58396909000
"02","5","05","513","2018","12","15","5","3","2","6","0","0","1","0","0","0","0","1",574562.76240000001,5938417.84829999972,10.12646528800,53.58929440100
"02","5","05","513","2018","12","07","3","3","2","6","1","0","1","0","0","0","0","0",572848.14139999996,5937876.21540000010,10.10044030600,53.58466784700
"02","5","05","513","2018","12","07","4","3","5","3","0","1","1","0","0","0","0","1",573019.55020000006,5937304.22400000039,10.10289524200,53.57950358900
"02","5","02","508","2018","12","11","5","3","2","6","0","0","1","0","0","0","0","0",572934.73369999998,5937347.64709999971,10.10162457100,53.57990562900
"02","5","05","513","2018","12","14","1","3","2","6","0","0","1","0","0","0","0","1",574547.44259999995,5938403.04970000032,10.12623035600,53.58916358700
"02","5","06","514","2018","12","16","3","3","0","6","2","1","1","0","0","0","0","1",573238.38009999995,5939116.31319999974,10.10662518600,53.59575807300
"02","5","02","508","2018","12","07","3","3","0","2","2","1","0","0","0","0","1","1",572952.97999999998,5937485.84999999963,10.10193241500,53.58114510500
"02","5","05","513","2018","12","14","2","3","2","6","0","0","1","0","0","0","0","1",574546.74280000001,5938118.47250000015,10.12615178600,53.58660624800
"02","5","05","513","2018","12","11","7","2","4","6","0","0","1","0","0","0","0","0",573427.39960000000,5938630.75879999995,10.10936634600,53.59136802800
"02","5","18","526","2018","12","15","7","3","2","6","0","0","1","0","0","0","0","1",575517.69360000000,5939359.93730000034,10.14111701300,53.59762404400
"02","5","18","526","2018","12","13","2","3","2","2","0","0","1","0","0","0","1","1",575507.25769999996,5939344.87779999990,10.14095570800,53.59749021200
"02","5","05","513","2018","12","17","5","2","6","4","2","0","1","1","0","0","0","1",573436.95810000005,5937560.80549999978,10.10925889200,53.58175117500
"02","5","04","512","2018","12","21","7","3","2","6","2","0","1","0","0","0","0","1",575047.55409999995,5937893.01040000003,10.13366151900,53.58450863100
"02","5","05","513","2018","12","17","7","3","2","6","2","0","1","0","0","0","0","1",574516.90009999997,5938373.19479999971,10.12576189900,53.58889962900
"02","5","05","513","2018","12","17","6","3","4","2","2","0","1","0","1","0","0","1",575127.23410000000,5938995.28990000021,10.13513036200,53.59440315600
"02","5","10","518","2018","01","14","6","3","4","2","0","0","1","0","0","0","0","1",572846.42570000002,5944845.16990000010,10.10204438500,53.64729692800
"02","5","09","517","2018","02","14","3","3","0","5","0","1","1","0","0","0","0","0",570466.06160000002,5943946.74110000022,10.06583682600,53.63954884900
"02","5","09","517","2018","02","15","2","2","2","6","0","0","1","0","0","0","0","1",572151.58450000000,5943417.33590000030,10.09120343700,53.63456151400
"02","5","07","515","2018","02","12","4","3","2","6","0","0","1","0","0","0","0","0",571962.08100000001,5943008.49330000021,10.08824344000,53.63091339500
"02","5","09","517","2018","02","01","4","3","0","7","2","0","1","1","0","0","0","0",570509.27520000003,5943966.71669999976,10.06649485900,53.63972254800
"02","5","10","518","2018","03","06","4","3","6","2","2","0","1","1","0","0","0","1",572856.68759999995,5944854.08710000012,10.10220168900,53.64737563600
"02","5","09","517","2018","03","12","1","3","1","7","0","1","1","0","0","0","0","0",570233.46900000004,5943794.67200000025,10.06228506500,53.63821348300
"02","5","09","517","2018","04","15","1","3","2","6","0","0","1","0","0","0","1","0",570554.62809999997,5943987.64879999962,10.06718546600,53.63990455000
"02","5","07","515","2018","04","07","7","3","4","6","0","0","1","0","0","0","0","0",573240.88720000000,5942866.11969999969,10.10754468400,53.62945656700
"02","5","07","515","2018","04","12","4","2","6","4","0","1","0","1","0","0","0","0",572386.17429999996,5943063.78079999983,10.09466835100,53.63135178700
"02","5","09","517","2018","04","16","5","2","9","5","0","0","1","0","0","0","0","1",572564.20479999995,5943451.90830000024,10.09745061700,53.63481517200
"02","5","09","517","2018","05","22","2","2","3","6","2","1","1","0","0","0","1","0",570503.73149999999,5943964.15409999993,10.06641044200,53.63970026500
"02","5","09","517","2018","05","16","2","3","4","2","0","0","1","0","0","0","0","0",572386.48080000002,5943939.67850000039,10.09487679400,53.63922328400
"02","5","09","517","2018","05","17","6","3","5","3","0","1","1","0","0","0","0","0",572150.98670000001,5943924.86390000023,10.09131211900,53.63912266600
"02","5","09","517","2018","06","12","6","2","0","4","0","1","0","1","0","0","0","0",572578.85450000002,5943455.04760000017,10.09767286500,53.63484135300
"02","5","09","517","2018","06","14","7","3","5","7","0","1","1","0","0","0","0","1",572536.39469999995,5943848.50360000040,10.09712258700,53.63838315600
"02","5","07","515","2018","06","12","5","3","3","6","0","1","0","0","0","0","0","0",572132.93409999995,5943069.84779999964,10.09084086700,53.63144126500
"02","5","10","518","2018","06","20","3","3","0","7","0","1","0","0","0","0","0","0",573144.16449999996,5944853.29860000033,10.10654966500,53.64732844000
"02","5","07","515","2018","06","08","4","3","2","7","0","0","1","0","0","0","1","0",571983.04680000001,5943050.93609999958,10.08857025000,53.63129193900
"02","5","09","517","2018","06","07","5","3","4","6","0","1","0","0","0","0","0","0",572902.68729999999,5943516.53170000017,10.10258388200,53.63534889700
"02","5","09","517","2018","06","10","5","3","2","7","0","0","1","0","1","0","0","0",572394.37659999996,5943935.84200000018,10.09499530500,53.63918771400
"02","5","09","517","2018","08","18","5","3","3","6","0","0","1","0","0","0","0","0",572211.37069999997,5943547.43420000002,10.09213764700,53.63572244200
"02","5","09","517","2018","08","18","7","2","0","7","0","0","0","0","1","0","0","0",572101.99190000002,5943782.69220000040,10.09053824300,53.63785174500
"02","5","09","517","2018","09","12","3","3","6","2","0","0","0","1","0","0","1","0",572396.98979999998,5943952.34800000023,10.09503866500,53.63933568900
"02","5","09","517","2018","09","07","5","3","2","7","0","1","1","0","0","0","0","0",572044.30960000004,5943388.16590000037,10.08957460400,53.63431414400
"02","5","09","517","2018","09","07","4","3","5","3","0","1","1","0","0","0","0","0",572352.26000000001,5943884.13999999966,10.09434637400,53.63872890100
"02","5","09","517","2018","10","19","4","3","3","6","2","0","1","0","0","0","1","0",572514.74990000005,5943864.89630000014,10.09679909400,53.63853347300
"02","5","10","518","2018","10","15","5","3","0","3","0","1","1","0","0","0","0","0",573235.74360000005,5944596.53660000023,10.10787433500,53.64500816800
"02","5","10","518","2018","11","23","4","1","5","3","2","0","1","0","0","0","1","0",572849.75780000002,5944843.98529999983,10.10209450700,53.64728581900
"02","5","09","517","2018","12","14","7","2","4","2","0","1","1","0","0","0","0","0",572124.50630000001,5943390.61699999962,10.09078780000,53.63432512800
"02","5","10","518","2018","12","13","3","3","3","2","0","1","1","0","0","0","0","0",572864.19689999998,5944838.45260000043,10.10231160500,53.64723408700
"02","5","07","515","2018","01","14","5","3","6","3","0","1","0","1","0","0","0","0",571971.91500000004,5940446.28500000015,10.08779991400,53.60788581200
"02","5","07","515","2018","01","19","7","3","1","7","2","0","1","0","0","0","0","0",572110.27179999999,5941580.58750000037,10.09015323200,53.61806062100
"02","5","06","514","2018","01","09","4","3","5","7","0","0","1","0","0","0","0","1",574093.33689999999,5940315.57270000037,10.11982585300,53.60641543000
"02","5","06","514","2018","01","19","2","3","2","6","2","0","1","0","0","0","0","0",573960.40659999999,5940376.30929999985,10.11783161800,53.60698003800
"02","5","07","515","2018","01","15","7","3","3","6","0","0","1","0","0","0","0","0",570795.49860000005,5939920.10680000018,10.06990319400,53.60331735500
"02","5","06","514","2018","01","12","5","3","5","3","0","0","1","0","0","0","1","1",573833.71600000001,5939918.88599999994,10.11580885900,53.60288713000
"02","5","07","515","2018","01","18","4","3","3","2","2","1","0","0","0","0","1","0",570139.55279999995,5938887.14809999987,10.05975964500,53.59412237800
"02","5","06","514","2018","01","07","2","3","4","2","1","1","1","0","0","0","0","1",573625.34669999999,5941404.66889999993,10.11301163600,53.61626889400
"02","5","06","514","2018","02","14","1","3","6","4","0","0","1","1","0","0","0","1",574109.98780000000,5939545.12729999982,10.11989427300,53.59948923800
"02","5","06","514","2018","01","22","2","3","5","2","2","0","1","0","0","0","0","1",573224.73019999999,5940247.31269999966,10.10668464400,53.60592409400