ULAND,UREGBEZ,UKREIS,UGEMEINDE,UJAHR,UMONAT,USTUNDE,UWOCHENTAG,UKATEGORIE,UART,UTYP1,ULICHTVERH,IstRad,IstPKW,IstFuss,IstKrad,IstGkfz,IstSonstig,STRZUSTAND,LINREFX,LINREFY,XGCSWGS84,YGCSWGS84
"02","5","07","515","2018","02","19","3","3","3","6","2","1","1","0","0","0","0","0",573168.62970000005,5942514.18130000029,10.10636949500,53.62630387000
"02","5","06","514","2018","01","19","4","3","8","1","2","0","1","0","0","0","0","1",573950.57539999997,5939600.58990000002,10.11749901400,53.60001018700
"02","5","07","515","2018","02","17","1","3","6","3","2","0","1","1","0","0","0","1",572566.94279999996,5941819.60010000039,10.09711143400,53.62014551700
"02","5","06","514","2018","02","15","3","3","5","3","0","0","1","0","0","0","0","0",573670.84210000001,5939549.19020000007,10.11326057600,53.59958766200
"02","5","07","515","2018","02","10","2","2","6","4","0","0","0","1","0","0","1","2",570794.08600000001,5939914.42889999971,10.06988056100,53.60326651900
"02","5","07","515","2018","02","11","2","3","2","6","0","0","1","0","0","0","0","0",570857.41090000002,5940170.99160000030,10.07089570800,53.60556367400
"02","5","06","514","2018","02","14","7","3","5","2","0","0","1","0","1","0","0","1",573930.34389999998,5939598.03619999997,10.11719274500,53.59999009200
"02","5","07","515","2018","01","06","6","3","3","2","1","1","0","0","0","0","1","0",571437.65289999999,5939631.80620000046,10.07953985100,53.60063927500
"02","5","07","515","2018","02","13","3","2","6","4","0","0","1","1","0","0","0","0",571443.29700000002,5939636.50559999980,10.07962620300,53.60068073800
"02","5","06","514","2018","01","06","4","3","5","2","2","0","1","0","0","0","0","1",573219.15720000002,5940240.90180000011,10.10659892800,53.60586725900
"02","5","07","515","2018","01","18","4","3","6","4","2","0","0","1","0","0","1","0",572567.26619999995,5941818.57010000013,10.09711608200,53.62013621600
"02","5","06","514","2018","03","20","7","3","0","6","2","0","0","0","0","0","1","1",573179.75130000000,5940229.17169999983,10.10600073400,53.60576734700
"02","5","06","514","2018","02","08","3","3","6","4","0","0","1","1","0","0","0","0",574191.92350000003,5941376.52209999971,10.12156820800,53.61593599900
"02","5","06","514","2018","03","09","6","3","5","3","0","0","1","0","0","0","0","0",573671.74129999999,5939552.61529999971,10.11327497000,53.59961831700
"02","5","06","514","2018","02","22","2","3","1","5","2","1","1","0","0","0","0","0",574140.97160000005,5940428.79870000016,10.12057257800,53.60742623000
"02","5","06","514","2018","02","17","3","3","2","2","2","0","1","0","0","0","0","2",573749.97230000002,5940427.51389999967,10.11466391200,53.60746986500
"02","5","06","514","2018","03","10","5","3","6","2","0","0","1","1","0","0","0","0",573994.50950000004,5939595.02799999993,10.11816146200,53.59995400200
"02","5","06","514","2018","02","21","1","3","1","6","2","0","1","0","0","0","0","2",573912.96920000005,5940403.24579999968,10.11712119100,53.60722880400
"02","5","06","514","2018","02","14","3","3","1","2","0","0","1","0","0","0","0","1",574041.09680000006,5940200.52209999971,10.11900914200,53.60538887800
"02","5","06","514","2018","02","09","2","3","6","4","0","0","1","1","0","0","0","1",573940.29879999999,5940387.52550000045,10.11753043500,53.60708367300
"02","5","07","515","2018","04","23","3","2","6","4","2","0","1","1","0","0","0","0",570255.30260000005,5939038.02620000020,10.06154220500,53.59546281700
"02","5","06","514","2018","03","11","6","3","0","6","0","0","1","0","0","0","1","0",574194.64500000002,5940226.10699999984,10.12133537300,53.60559708500
"02","5","07","515","2018","03","10","4","3","2","6","0","0","1","0","0","0","0","0",570456.45079999999,5939278.08310000040,10.06463517600,53.59759320400
"02","5","06","514","2018","03","19","1","3","5","7","2","0","1","0","0","0","0","0",574163.42859999998,5940255.46079999954,10.12087067100,53.60586530100
"02","5","06","514","2018","04","08","3","3","4","7","0","0","1","0","0","0","0","1",573588.24190000002,5940367.94880000036,10.11220594400,53.60695730300
"02","5","07","515","2018","03","16","6","3","4","6","0","0","0","0","1","0","1","0",571932.95979999995,5939722.75370000023,10.08704426000,53.60138886300
"02","5","06","514","2018","03","19","5","3","5","3","2","0","1","0","0","0","0","0",573713.52910000004,5941303.34310000017,10.11432045200,53.61534589700
"02","5","07","515","2018","03","12","4","3","1","5","0","0","1","0","0","0","0","0",570794.26859999995,5939255.98410000000,10.06973379300,53.59734908200
"02","5","02","509","2018","03","09","5","3","5","3","0","0","1","0","0","0","0","1",571072.45620000002,5938954.11660000030,10.07386772300,53.59459856800
"02","5","06","514","2018","03","06","1","2","8","1","2","0","1","0","0","0","0","0",572970.34690000000,5940191.16959999967,10.10282765200,53.60545503100
"02","5","06","514","2018","03","07","5","3","5","3","1","0","1","0","0","0","0","1",573810.88520000002,5940838.10470000003,10.11568163000,53.61115118500
"02","5","07","515","2018","03","15","4","3","5","3","0","0","1","0","0","0","0","1",572603.21160000004,5941820.25100000016,10.09765980900,53.62014634000
"02","5","06","514","2018","04","10","6","3","5","2","0","1","1","0","0","0","0","0",573910.31480000005,5940053.09609999973,10.11699803900,53.60408245300
"02","5","06","514","2018","04","18","5","2","5","3","0","1","1","0","0","0","0","0",573674.73100000003,5939562.86859999970,10.11332256200,53.59971004100
"02","5","07","515","2018","04","17","6","3","2","2","0","1","0","0","0","0","0","0",572425.37029999995,5940308.68460000027,10.09462018900,53.60658673100
"02","5","07","515","2018","04","21","4","2","6","2","2","0","1","1","0","0","0","0",572515.53740000003,5941686.64699999988,10.09630345000,53.61895780900
"02","5","07","515","2018","04","17","4","3","4","6","0","0","1","0","0","0","1","0",572758.16079999995,5941869.71439999994,10.10001351000,53.62056935600
"02","5","07","515","2018","04","15","6","3","1","7","0","0","1","0","0","0","0","0",574023.60739999998,5942930.52029999997,10.11939378500,53.62992523700
"02","5","07","515","2018","04","14","7","3","5","3","0","1","1","0","0","0","0","1",572236.84060000000,5939554.41220000014,10.09159655600,53.59983419900
"02","5","07","515","2018","04","10","4","3","0","7","0","0","1","0","0","1","0","0",572125.67720000003,5941584.40130000003,10.09038696500,53.61809277400
"02","5","06","514","2018","04","10","1","3","5","3","0","1","1","0","0","0","0","0",573213.27200000000,5941246.05080000032,10.10674620200,53.61490118100
"02","5","02","509","2018","04","23","4","3","5","3","2","0","1","0","0","0","0","0",572301.58070000005,5939078.31429999974,10.09246426900,53.59554663300
"02","5","07","515","2018","04","09","6","3","5","2","0","1","1","0","0","0","0","0",570430.62139999995,5939247.71200000029,10.06423809400,53.59732373100
"02","5","06","514","2018","04","17","7","3","0","6","0","0","1","0","0","0","1","0",573913.34539999999,5940403.02950000018,10.11712682500,53.60722680700
"02","5","07","515","2018","04","12","7","2","2","2","0","0","1","0","0","0","0","0",571837.09450000001,5941568.88920000009,10.08602149300,53.61799303000
"02","5","06","514","2018","04","07","3","3","5","3","0","1","1","0","0","0","0","0",573881.32830000005,5940545.17609999981,10.11667672200,53.60850876600
"02","5","07","515","2018","04","16","6","3","3","2","0","1","1","0","0","0","0","0",570712.61600000004,5939644.39599999972,10.06858831800,53.60085074600
"02","5","07","515","2018","05","20","7","3","2","2","0","0","1","0","0","0","0","0",570864.20460000006,5940199.66430000030,10.07100488400,53.60582043600
"02","5","07","515","2018","05","15","7","3","0","3","0","1","1","0","0","0","0","0",570117.54370000004,5938857.25119999982,10.05942044300,53.59385663900
"02","5","06","514","2018","04","14","6","3","0","4","0","1","0","1","0","0","0","0",574009.91280000005,5940350.81340000033,10.11857363800,53.60674392100
"02","5","06","514","2018","05","22","1","3","5","3","2","1","1","0","0","0","0","0",574094.07330000005,5940317.41579999961,10.11983741900,53.60643188900
"02","5","06","514","2018","04","09","4","3","0","2","0","0","1","0","1","0","0","1",573719.66700000002,5941416.06300000008,10.11443989900,53.61635802400
"02","5","07","515","2018","04","09","4","2","3","6","0","0","1","0","1","0","0","1",570415.22549999994,5939229.60720000044,10.06400141000,53.59716309200
"02","5","07","515","2018","05","17","2","3","5","3","0","1","0","0","0","0","0","0",571789.93969999999,5939915.88619999960,10.08492786000,53.60314413700
"02","5","06","514","2018","05","15","3","3","5","3","0","1","0","0","0","0","0","0",574069.16170000006,5940095.49579999968,10.11940824700,53.60444106200
"02","5","06","514","2018","05","11","3","2","2","6","0","0","1","0","0","0","1","0",574024.07440000004,5940343.52029999997,10.11878589700,53.60667637900
"02","5","06","514","2018","05","05","3","2","4","2","0","0","1","0","0","0","0","0",573223.77229999995,5940242.27560000028,10.10666898700,53.60587896000
"02","5","07","515","2018","05","10","1","3","5","3","0","1","1","0","0","0","0","0",570847.27690000006,5940102.63939999975,10.07072704000,53.60495076800
"02","5","06","514","2018","05","08","6","3","5","6","0","1","0","0","0","0","1","0",574017.44730000000,5941541.95079999976,10.11897050000,53.61744735500
"02","5","07","515","2018","05","12","3","3","5","3","0","1","0","0","0","1","0","0",570876.28969999996,5939365.66779999994,10.07099786500,53.59832372000
"02","5","06","514","2018","05","16","5","3","0","7","0","1","0","0","0","0","0","0",573593.19770000002,5942320.65649999958,10.11274222900,53.62450520300
"02","5","07","515","2018","06","17","2","3","0","4","0","0","1","1","0","0","0","0",571514.61259999999,5939695.06089999992,10.08071712200,53.60119724400
"02","5","06","514","2018","06","02","1","3","4","6","2","0","1","0","0","0","0","1",573673.36410000001,5940396.68730000034,10.11349900000,53.60720360900
"02","5","07","515","2018","06","16","1","3","1","5","0","0","1","0","0","0","0","0",572148.13459999999,5940665.29750000034,10.09051352000,53.60982981500
"02","5","07","515","2018","06","17","4","2","4","2","0","1","1","0","0","0","0","0",572250.79920000001,5939417.34339999966,10.09177568200,53.59860045300
"02","5","07","515","2018","06","16","7","3","5","3","0","1","1","0","0","0","0","0",573394.99150000000,5942138.44639999978,10.10970297700,53.62289553600
"02","5","07","515","2018","06","15","1","3","1","5","0","0","1","0","0","0","0","0",573446.82380000001,5942186.91760000028,10.11049793400,53.62332387000
"02","5","06","514","2018","06","15","3","2","3","2","0","1","1","0","0","0","0","0",573667.90599999996,5941404.69350000005,10.11365488700,53.61626313100
"02","5","06","514","2018","06","12","2","3","3","7","0","0","1","0","0","0","0","0",573943.23560000001,5940385.83110000007,10.11757441000,53.60706803200
"02","5","07","515","2018","06","17","6","3","4","3","0","1","0","0","0","0","0","0",570533.19739999995,5939369.39020000026,10.06581529400,53.59840345600
"02","5","07","515","2018","06","18","5","3","5","3","0","0","1","0","0","0","0","1",570304.32059999998,5939103.81419999991,10.06229754800,53.59604748000
"02","5","07","515","2018","06","16","2","3","5","3","0","1","1","0","0","0","0","0",572897.44799999997,5942470.32220000029,10.10225957000,53.62594754100
"02","5","02","509","2018","06","23","2","2","5","3","2","0","1","0","0","0","0","0",572301.69120000000,5939078.23460000008,10.09246592000,53.59554590200
"02","5","07","515","2018","07","13","2","3","0","1","0","0","0","0","1","0","0","0",572218.02200000000,5940168.08000000007,10.09145441800,53.60535175400
"02","5","06","514","2018","06","14","7","3","0","7","0","1","0","0","0","0","0","0",573597.66460000002,5941394.44730000012,10.11259083000,53.61618092400
"02","5","07","515","2018","06","19","7","3","5","3","0","1","1","0","0","0","0","0",572538.77789999999,5939577.66359999962,10.09616373200,53.60000145400
"02","5","07","515","2018","07","14","2","2","1","5","0","1","0","0","0","1","0","0",570469.95999999996,5940000.35230000038,10.06500254300,53.60408239600
"02","5","07","515","2018","06","20","4","3","2","2","0","0","1","0","0","0","0","0",570432.22990000003,5939249.60329999961,10.06426282100,53.59734051200
"02","5","06","514","2018","07","12","3","3","5","3","0","1","1","0","0","0","0","0",573523.79269999999,5942256.98629999999,10.11167799300,53.62394276200
"02","5","02","509","2018","07","18","2","3","5","3","0","1","1","0","0","0","0","0",571580.64749999996,5938798.51779999956,10.08150901600,53.59313106600
"02","5","06","514","2018","08","14","3","3","5","3","0","1","1","0","0","0","0","1",574223.48499999999,5939496.40400000010,10.12159739700,53.59903531100
"02","5","06","514","2018","08","20","5","3","5","2","0","0","1","0","0","0","0","1",574099.38509999996,5940301.30090000015,10.11991385100,53.60628631700
"02","5","07","515","2018","07","13","6","3","5","3","0","1","1","0","0","0","0","0",570690.80229999998,5939841.75339999981,10.06830349500,53.60262733000
"02","5","02","509","2018","08","05","5","3","5","3","1","0","1","0","0","0","0","0",572298.53020000004,5939080.51570000034,10.09241869600,53.59556683800
"02","5","07","515","2018","07","20","1","3","4","6","0","1","0","0","0","0","0","0",570832.45799999998,5940068.47470000014,10.07049535800,53.60464573500
"02","5","06","514","2018","08","18","2","3","6","4","0","0","1","1","0","0","0","0",573905.04209999996,5940407.80240000039,10.11700248700,53.60727087200
"02","5","06","514","2018","07","17","6","3","1","6","0","0","1","0","1","0","0","0",572447.43799999997,5940301.27830000035,10.09495192600,53.60651712100
"02","5","07","515","2018","07","15","3","3","5","2","0","1","1","0","0","0","0","0",570303.22210000001,5939104.56120000035,10.06228112200,53.59605434100
"02","5","06","514","2018","08","13","2","3","3","7","0","0","1","0","1","0","0","1",573940.34889999998,5940387.49660000019,10.11753118500,53.60708340600
"02","5","07","515","2018","08","16","3","3","2","6","0","0","1","0","0","0","0","0",570252.49609999999,5939034.73410000000,10.06149906500,53.59543360700
"02","6","01","601","2018","07","12","6","3","1","6","0","0","1","0","0","0","0","0",570932.71400000004,5939253.36589999963,10.07182476900,53.59730683500
"02","5","07","515","2018","08","14","3","2","3","7","0","0","1","0","0","0","0","0",570308.15469999996,5939705.62150000036,10.06249118400,53.60145539400
"02","5","07","515","2018","08","07","3","3","0","6","0","1","0","0","0","0","0","0",572126.47560000001,5939680.76779999956,10.08995835700,53.60098494300
"02","5","06","514","2018","08","18","2","3","5","2","0","1","1","0","0","0","0","0",573922.73860000004,5940397.63009999972,10.11726748300,53.60717695900
"02","5","06","514","2018","09","10","5","3","4","2","0","0","1","0","0","0","0","0",574097.09199999995,5940302.82600000035,10.11987956400,53.60630034700
"02","5","07","515","2018","09","11","2","3","4","2","0","1","1","0","0","0","0","0",570582.11650000000,5939297.98060000036,10.06653819600,53.59775511500
"02","5","07","515","2018","08","07","5","3","5","3","0","1","1","0","0","0","0","1",573343.97039999999,5942096.49610000011,10.10892183400,53.62252568600
"02","5","07","515","2018","09","11","6","3","5","3","0","1","1","0","0","0","0","0",570808.84479999996,5939973.74830000009,10.07011703800,53.60379762500
"02","5","06","514","2018","09","18","4","3","4","6","0","1","0","0","0","0","0","0",573931.83219999995,5940392.40280000027,10.11740365500,53.60712869900
"02","5","07","515","2018","08","12","7","3","6","2","0","0","1","1","0","0","0","1",572091.46569999994,5940391.73990000039,10.08959385200,53.60737918600
"02","5","07","515","2018","09","17","7","3","5","3","0","0","0","0","1","0","1","0",570927.81759999995,5939264.48379999958,10.07175332600,53.59740741400
"02","5","06","514","2018","08","17","6","3","2","6","0","0","1","0","0","0","1","0",573201.79760000005,5940267.40160000045,10.10634284100,53.60610783400
"02","5","06","514","2018","09","15","6","3","6","2","0","0","1","1","0","0","0","1",573303.16709999996,5940926.65959999990,10.10802968300,53.61201829900
"02","5","06","514","2018","09","07","6","3","2","6","0","0","1","0","0","0","0","0",573991.12970000005,5940360.48660000041,10.11829211000,53.60683350500
"02","5","06","514","2018","08","09","5","3","5","3","0","1","1","0","0","0","0","0",573822.61210000003,5939926.32589999959,10.11564284900,53.60295555500
"02","5","07","515","2018","09","17","1","3","1","6","0","0","1","0","0","0","0","0",570521.34779999999,5939354.90270000044,10.06563299400,53.59827485100
"02","5","06","514","2018","09","08","2","3","3","2","0","1","1","0","0","0","0","0",574081.85690000001,5940067.38650000002,10.11959338800,53.60418665500
"02","5","06","514","2018","08","15","3","3","2","6","0","0","1","0","1","0","0","0",574061.51340000005,5940323.38269999996,10.11934683900,53.60649011600
"02","5","02","509","2018","09","15","3","3","1","5","0","1","1","0","0","0","0","0",571660.67760000005,5938830.05200000014,10.08272519600,53.59340352800
"02","5","06","514","2018","09","16","6","3","5","3","0","1","1","0","0","0","0","1",574248.94970000000,5940675.32620000001,10.12226296800,53.60962642900
"02","5","06","514","2018","09","16","4","3","3","2","0","1","1","0","0","0","0","0",573894.93209999998,5940436.71970000025,10.11685657300,53.60753217200
"02","5","07","515","2018","09","19","4","3","5","3","1","0","1","0","0","0","0","0",571716.79650000005,5939860.86830000021,10.08381003900,53.60265971100
"02","5","07","515","2018","09","17","3","3","5","3","0","1","1","0","0","0","0","0",570119.12280000001,5938859.38489999995,10.05944477700,53.59387560300
"02","5","06","514","2018","09","14","2","3","5","2","0","1","1","0","0","0","0","0",572708.04370000004,5940883.82749999966,10.09902579800,53.61171630800
"02","5","06","514","2018","10","17","3","3","2","6","0","0","1","0","0","0","0","0",573294.16420000000,5940268.50050000008,10.10773880500,53.60610479700
"02","5","07","515","2018","10","16","3","3","1","7","0","0","1","0","1","0","0","0",570674.76020000002,5939717.77630000003,10.06803299800,53.60151531700
"02","5","07","515","2018","10","12","6","3","4","6","0","1","0","0","0","0","0","1",570314.62540000002,5939109.41500000004,10.06245448700,53.59609643200
"02","5","07","515","2018","10","17","5","3","5","3","0","1","1","0","0","0","0","0",572221.91760000004,5940367.01850000024,10.09155938600,53.60713905300
"02","5","07","515","2018","10","23","4","2","9","1","2","0","1","0","0","0","0","0",573335.45079999999,5942082.77720000036,10.10878981700,53.62240359000
"02","5","07","515","2018","10","10","4","3","1","7","0","0","1","0","1","0","0","1",571858.84900000005,5941564.96679999959,10.08634940400,53.61795479500
"02","5","06","514","2018","10","08","3","3","2","6","0","0","1","0","0","0","1","1",574132.86259999999,5940278.15390000027,10.12041420600,53.60607356400
"02","5","07","515","2018","10","11","5","3","4","2","0","0","1","0","0","0","0","0",570717.53480000002,5939683.25800000038,10.06867145100,53.60119933300
"02","5","06","514","2018","10","17","7","3","5","3","0","1","1","0","0","0","0","1",573369.35400000005,5939494.85400000028,10.10869285700,53.59914164300
"02","5","06","514","2018","10","09","4","2","0","7","0","0","0","0","0","0","1","0",574003.15590000001,5940354.29320000019,10.11847236300,53.60677614700
"02","5","07","515","2018","11","15","5","2","6","4","0","0","1","1","0","0","0","0",570865.51690000005,5939386.72740000021,10.07083989700,53.59851443800
"02","5","06","514","2018","11","15","6","3","5","3","0","1","1","0","0","0","0","0",573355.53980000003,5940624.47250000015,10.10875002000,53.60929526700
"02","5","07","515","2018","10","19","6","3","3","2","2","1","1","0","0","0","0","1",571790.89320000005,5939914.39539999980,10.08494192300,53.60313060900
"02","5","06","514","2018","11","16","6","3","5","2","1","0","0","0","0","0","1","0",573714.01520000002,5939711.79700000025,10.11395129000,53.60104291000
"02","5","06","514","2018","10","11","2","3","3","2","0","1","0","0","0","1","0","0",573800.36939999997,5940903.94560000021,10.11553830900,53.61174436600
"02","5","02","509","2018","10","05","3","3","2","6","2","0","1","0","0","0","0","1",572311.54969999997,5939076.06539999973,10.09261434700,53.59552504700
"02","5","07","515","2018","11","08","5","3","4","2","0","1","1","0","0","0","0","0",572559.02520000003,5941086.00609999988,10.09682084000,53.61355391800
"02","5","06","514","2018","10","17","6","3","1","5","0","1","1","0","0","0","0","0",573693.57230000000,5939719.44149999972,10.11364423200,53.60111448500
"02","5","07","515","2018","10","07","6","3","4","6","2","1","0","0","0","0","0","0",570470.92740000004,5939295.10749999993,10.06485773200,53.59774425500
"02","5","07","515","2018","10","12","6","3","5","3","0","1","1","0","0","0","0","0",570823.93000000005,5940034.19000000041,10.07035870800,53.60433877300
"02","5","06","514","2018","11","07","5","3","2","6","1","0","1","0","0","0","0","0",573740.41540000006,5939745.44139999989,10.11435812000,53.60134155200
"02","5","06","514","2018","11","18","7","2","5","2","2","0","1","0","0","0","0","0",574100.12620000006,5940300.80790000036,10.11992493200,53.60628178200
"02","5","06","514","2018","11","17","6","2","4","2","2","0","1","0","1","0","0","0",573224.00329999998,5940247.94950000010,10.10667381000,53.60592991800
"02","5","07","515","2018","11","21","1","3","2","6","2","0","1","0","1","0","0","1",570438.19819999998,5939365.83679999970,10.06437924700,53.59838429700
"02","5","06","514","2018","11","16","6","3","2","6","0","0","1","0","0","0","0","1",573664.71180000005,5941411.22200000007,10.11360815400,53.61632225000
"02","5","07","515","2018","11","17","5","3","1","5","2","1","1","0","0","0","0","0",570422.77439999999,5939364.32959999982,10.06414588400,53.59837282400
"02","5","07","515","2018","11","07","4","3","6","4","2","0","1","1","0","0","0","0",572561.44689999998,5941835.37540000025,10.09703203600,53.62028804900
"02","5","06","514","2018","11","20","1","2","6","4","2","0","1","1","0","0","0","1",573980.09230000002,5940366.17080000043,10.11812667600,53.60688614600
"02","5","07","515","2018","12","14","4","3","2","6","0","0","1","0","0","0","0","1",570361.85990000004,5939166.24330000021,10.06318088900,53.59660080900
"02","5","06","514","2018","12","09","2","3","5","2","0","1","1","0","0","0","0","1",573216.23149999999,5941247.35180000030,10.10679123600,53.61491245900
"02","5","06","514","2018","12","21","5","3","5","3","2","1","0","0","0","0","1","1",573210.31720000005,5941244.75169999991,10.10670123800,53.61488991900
"02","5","06","514","2018","12","22","3","3","5","3","2","1","1","0","0","0","0","0",573865.73190000001,5940418.95839999989,10.11641112000,53.60737667200
"02","5","07","515","2018","12","16","6","3","2","6","2","0","1","0","0","0","0","1",572806.62980000000,5941883.82660000026,10.10074945300,53.62068944400
"02","5","06","514","2018","12","17","3","3","6","2","2","0","1","1","0","0","0","1",573998.41650000005,5939593.58189999964,10.11822014600,53.59994045500
"02","5","07","515","2018","12","16","7","3","6","2","2","0","1","1","0","0","0","1",570276.05850000004,5939558.06599999964,10.06197297700,53.60013362100
"02","5","06","514","2018","12","08","2","3","5","2","0","0","1","0","0","0","0","1",574249.16989999998,5940675.83990000002,10.12226641800,53.60963101400
"02","5","07","515","2018","12","07","2","3","6","4","2","0","0","1","0","0","1","1",571777.97369999997,5939914.90950000007,10.08474683400,53.60313699800
"02","5","07","515","2018","12","07","2","2","6","4","2","0","1","1","0","0","0","1",571515.35869999998,5939695.66459999979,10.08072853300,53.60120256700
"02","5","02","509","2018","12","21","3","3","1","5","2","0","1","0","0","0","0","0",571807.08059999999,5938887.73900000006,10.08495005400,53.59390192200
"02","5","06","514","2018","12","10","1","3","5","3","0","0","1","0","0","0","1","1",573276.38529999997,5941007.64159999974,10.10764398900,53.61274981600
"02","5","01","504","2018","01","22","7","3","1","5","2","0","1","0","0","0","0","0",569985.54969999997,5936018.27060000040,10.05678988500,53.56836030700
"02","5","01","504","2018","01","19","3","3","5","3","2","0","1","0","0","0","1","1",569711.70680000004,5936445.68570000026,10.05275100000,53.57223796100
"02","5","01","504","2018","02","19","6","3","5","3","2","0","1","0","0","0","0","0",569713.06669999997,5936446.51570000034,10.05277171800,53.57224524000
"02","5","02","505","2018","01","18","7","3","6","7","1","0","1","1","0","0","0","0",570352.12690000003,5936304.45399999991,10.06238866500,53.57088322100
"02","5","03","510","2018","03","11","3","3","2","6","0","0","1","0","0","1","0","0",570288.20499999996,5936281.96700000018,10.06141850000,53.57068969700
"02","5","03","510","2018","03","12","2","3","5","3","0","0","1","1","0","0","0","0",570249.61459999997,5936260.99480000045,10.06083114100,53.57050638800
"02","5","03","510","2018","03","18","6","2","2","1","2","0","1","0","1","0","0","0",570257.47939999995,5936242.72169999965,10.06094577300,53.57034111400
"02","5","01","504","2018","03","13","2","3","0","7","0","0","1","0","0","1","0","1",570116.95349999995,5936205.32210000046,10.05881571900,53.57002380200
"02","5","02","505","2018","04","15","2","3","5","3","0","0","1","0","0","0","0","0",570197.15969999996,5936387.69269999955,10.06006765400,53.57165204600
"02","5","02","505","2018","04","18","2","3","5","3","0","1","1","0","0","0","0","0",570141.94019999995,5936570.88009999972,10.05927507300,53.57330574100
"02","5","01","502","2018","04","18","7","3","3","2","0","0","1","0","1","0","0","0",569706.24620000005,5936442.55599999987,10.05266785300,53.57221056000
"02","5","01","504","2018","05","19","6","2","1","3","0","1","1","0","0","0","0","0",570017.19810000004,5936170.27070000023,10.05730176500,53.56972211600
"02","5","01","504","2018","05","15","1","3","5","3","0","0","1","0","0","0","0","0",569784.46010000003,5936493.97109999973,10.05386027000,53.57266223200
"02","5","01","502","2018","05","16","6","3","3","2","0","0","1","0","0","0","0","0",569708.61849999998,5936445.14419999998,10.05270425000,53.57223350500
"02","5","01","504","2018","04","14","5","3","3","6","0","1","0","0","0","0","1","1",570283.92920000001,5936063.11760000046,10.06130469400,53.56872346600
"02","5","03","510","2018","05","23","6","3","5","5","2","0","1","0","0","0","0","0",570325.15859999997,5936294.66930000018,10.06197929000,53.57079890100
"02","5","01","504","2018","05","17","2","3","5","3","0","0","1","0","0","0","1","0",569895.02800000005,5936286.35479999986,10.05548324700,53.57078165700
"02","5","01","504","2018","06","12","7","3","2","6","0","0","1","0","0","0","1","1",569887.56010000000,5936108.99890000001,10.05533080800,53.56918874700
"02","5","01","504","2018","06","08","4","3","5","3","0","1","1","0","0","0","0","0",569788.89399999997,5936493.05869999994,10.05392701300,53.57265344200
"02","5","02","505","2018","06","16","5","2","4","2","0","1","1","0","0","0","0","0",570142.30640000000,5936569.57469999976,10.05928030900,53.57329396100
"02","5","01","502","2018","07","17","4","3","3","2","0","1","1","0","0","0","0","0",569782.57169999997,5936065.51570000034,10.05373602000,53.56881193600
"02","5","01","504","2018","07","08","3","3","5","3","0","0","1","0","0","0","0","0",569799.07999999996,5936500.80510000046,10.05408254100,53.57272170400
"02","5","01","504","2018","07","11","6","2","0","6","0","1","0","0","0","0","0","0",569940.86049999995,5936134.60819999967,10.05614125100,53.56941179700
"02","5","01","504","2018","07","15","5","3","0","2","0","1","1","0","0","0","0","0",570112.63780000003,5936224.75690000039,10.05875492400,53.57019904000
"02","5","03","510","2018","08","01","1","3","2","6","2","0","1","0","0","0","0","0",570201.87679999997,5936249.89199999999,10.06010789800,53.57041299700
"02","5","02","505","2018","08","14","7","3","4","6","0","1","0","0","0","0","0","1",570360.96580000001,5936307.66089999955,10.06252283900,53.57091085600
"02","5","03","510","2018","08","17","6","3","5","3","0","1","1","0","0","0","0","0",570254.05009999999,5936250.68919999991,10.06089579000,53.57041317800
"02","5","01","504","2018","08","15","5","3","2","6","0","0","1","0","0","0","0","0",570094.77630000003,5936205.51420000009,10.05848093300,53.57002849200
"02","5","01","504","2018","07","18","2","3","0","7","0","1","0","1","0","0","0","0",570066.61360000004,5936192.72559999954,10.05805286700,53.56991732200
"02","5","03","510","2018","08","15","6","3","6","4","0","0","1","1","0","0","0","0",570252.52709999995,5936254.22790000029,10.06087359200,53.57044518400
"02","5","03","510","2018","08","22","7","3","5","3","2","0","1","0","0","0","0","0",570235.54240000003,5936262.78909999970,10.06061908200,53.57052439800
"02","5","01","504","2018","09","10","2","3","6","4","0","0","1","1","0","0","0","0",570045.76150000002,5936183.22310000006,10.05773591400,53.56983470700
"02","5","02","505","2018","09","19","5","3","2","6","0","0","1","0","0","0","1","0",570185.63340000005,5936424.77969999984,10.05990196000,53.57198689000
"02","5","01","504","2018","08","16","4","3","3","2","0","1","0","0","0","0","1","0",569962.81099999999,5936133.77560000028,10.05647246500,53.56940138800
"02","5","01","504","2018","09","16","4","3","5","7","0","0","1","0","1","0","0","0",570110.30649999995,5936212.56080000009,10.05871698800,53.57008974500
"02","5","01","504","2018","09","08","4","2","5","2","0","1","0","0","0","0","1","0",570120.86300000001,5935865.72229999956,10.05879850300,53.56697128500
"02","5","02","505","2018","10","13","6","3","1","6","0","0","1","0","0","0","0","0",570158.81530000002,5936513.53249999974,10.05951698600,53.57278810100
"02","5","01","504","2018","10","00","1","1","6","4","2","0","1","1","0","0","0","0",570108.45259999996,5936211.71960000042,10.05868880900,53.57008243200
"02","5","03","510","2018","10","13","6","3","5","3","0","1","1","0","0","0","0","0",570254.47250000003,5936249.70789999980,10.06090194700,53.57040430200
"02","5","03","510","2018","10","08","5","3","6","4","0","0","1","1","0","0","0","1",570338.46320000000,5936104.74830000009,10.06213739100,53.56909029400