ULAND,UREGBEZ,UKREIS,UGEMEINDE,UJAHR,UMONAT,USTUNDE,UWOCHENTAG,UKATEGORIE,UART,UTYP1,ULICHTVERH,IstRad,IstPKW,IstFuss,IstKrad,IstGkfz,IstSonstig,STRZUSTAND,LINREFX,LINREFY,XGCSWGS84,YGCSWGS84
"02","5","01","504","2018","10","07","4","2","3","7","2","1","1","0","0","0","0","1",569955.04029999999,5936311.25160000008,10.05639489900,53.57099740700
"02","5","03","510","2018","10","19","4","3","3","6","2","0","1","0","0","0","0","0",570194.09759999998,5936246.91210000031,10.05998977800,53.57038725700
"02","5","01","504","2018","10","20","1","3","3","7","2","0","1","0","0","0","0","0",570107.41700000002,5936211.24969999958,10.05867306800,53.57007834800
"02","5","01","504","2018","11","14","7","3","2","6","0","0","1","0","0","0","0","0",570115.71959999995,5936208.20650000032,10.05879773700,53.57004988900
"02","5","02","505","2018","11","13","6","3","3","6","0","0","1","0","0","0","0","0",570135.85950000002,5936592.55300000031,10.05918812800,53.57350132900
"02","5","03","510","2018","12","14","3","3","6","4","0","0","1","1","0","0","0","0",570253.85719999997,5936251.13750000019,10.06089297900,53.57041723200
"02","5","03","510","2018","12","11","2","3","3","6","0","0","1","0","0","1","0","1",570261.09250000003,5936234.32679999992,10.06099843500,53.57026518500
"02","5","02","506","2018","01","19","3","3","6","2","2","0","1","1","0","0","0","1",571402.93999999994,5937858.06359999999,10.07860930800,53.58470349200
"02","5","02","508","2018","01","20","3","3","4","2","2","0","1","0","0","0","0","1",572509.16359999997,5938266.11639999971,10.09541136700,53.58821882800
"02","5","02","509","2018","02","16","2","3","5","2","0","1","0","0","0","0","1","0",571255.10380000004,5938363.44550000038,10.07649195700,53.58926544400
"02","5","02","509","2018","03","17","2","3","1","6","0","0","1","0","0","0","0","0",572345.99040000001,5938212.76339999959,10.09293439600,53.58776189000
"02","5","02","509","2018","03","03","7","1","4","2","2","0","1","0","1","0","0","0",571994.33100000001,5938614.28579999972,10.08771558300,53.59141874000
"02","5","02","509","2018","03","15","7","3","5","3","0","1","1","0","0","0","0","1",571221.52520000003,5938362.20909999963,10.07598448200,53.58925889500
"02","5","02","509","2018","05","16","2","3","1","5","0","1","1","0","0","0","1","0",571385.54059999995,5938335.17819999997,10.07845568900,53.58899366500
"02","5","02","509","2018","05","12","2","3","2","6","0","0","1","0","0","1","0","0",571407.34100000001,5938277.75619999971,10.07877183000,53.58847464800
"02","5","02","509","2018","05","11","3","3","2","6","0","0","1","0","0","0","0","0",572342.10910000000,5938211.34750000015,10.09287544400,53.58774970100
"02","5","02","509","2018","05","07","3","3","5","3","0","1","0","0","0","0","1","0",571227.80240000004,5938373.23859999981,10.07608181500,53.58935716400
"02","5","02","506","2018","05","11","5","3","4","2","0","1","1","0","0","0","0","0",571407.47069999995,5937845.24390000012,10.07867480100,53.58458766500
"02","5","02","509","2018","06","15","6","3","5","3","0","0","1","0","0","0","0","0",571235.26659999997,5938364.32220000029,10.07619252300,53.58927601900
"02","5","02","509","2018","06","08","6","3","0","3","0","0","1","0","1","0","0","1",572076.29900000000,5938114.83789999969,10.08883834200,53.58691898300
"02","5","02","509","2018","06","23","7","3","6","4","2","0","1","1","0","0","0","0",571391.30110000004,5937889.92540000007,10.07844081500,53.58499141700
"02","5","02","509","2018","06","19","2","3","3","6","0","0","1","0","0","0","0","0",572280.14110000001,5938189.06830000039,10.09193431600,53.58755802600
"02","5","02","509","2018","06","15","4","3","5","3","0","0","1","0","1","0","0","0",571334.20999999996,5938003.69000000041,10.07760457000,53.58602158400
"02","5","02","508","2018","07","17","5","3","2","6","0","0","1","0","0","0","0","0",572586.10649999999,5938300.07930000033,10.09658142800,53.58851340300
"02","5","02","506","2018","07","13","6","2","4","6","0","0","1","0","0","0","1","0",571439.52700000000,5937754.54129999969,10.07913818100,53.58376816000
"02","5","02","508","2018","08","10","5","3","3","7","0","0","1","0","0","0","0","0",571581.27789999999,5937931.99149999954,10.08131970400,53.58534356500
"02","5","02","508","2018","07","16","2","3","0","7","0","0","0","0","1","0","0","0",572177.15079999994,5938151.66239999980,10.09037010000,53.58723604900
"02","5","02","508","2018","09","17","4","3","3","2","0","0","1","0","0","0","1","0",572679.13300000003,5937710.38190000039,10.09784916500,53.58320097000
"02","5","02","509","2018","09","07","2","2","5","3","0","1","1","0","0","0","0","0",571369.19970000000,5938119.78409999982,10.07815959200,53.58706015400
"02","5","02","509","2018","09","12","2","3","1","5","0","1","1","0","0","0","0","0",571282.98659999995,5938588.08359999955,10.07696445100,53.59128046500
"02","5","02","506","2018","09","16","3","3","6","4","0","0","1","1","0","0","0","0",571422.82600000000,5937801.79660000000,10.07889676700,53.58419511500
"02","5","02","509","2018","09","13","6","3","2","6","0","0","0","0","0","0","1","0",571920.40940000000,5938583.87069999985,10.08659195700,53.59115554800
"02","5","02","509","2018","09","11","7","3","5","3","0","1","1","0","0","0","0","0",571227.54570000002,5938374.01659999974,10.07607811500,53.58936419100
"02","5","02","509","2018","10","17","4","3","3","6","0","1","0","0","0","0","0","0",571970.29079999996,5938075.62619999982,10.08722817500,53.58658115200
"02","5","02","506","2018","10","10","1","2","6","4","0","1","0","1","0","0","0","0",571268.53709999996,5937806.09900000039,10.07656755000,53.58425477200
"02","5","02","509","2018","11","17","7","3","6","4","2","0","0","1","0","0","1","0",571862.62300000002,5938562.22159999982,10.08571409000,53.59096891400
"02","5","02","508","2018","10","14","2","3","0","2","0","0","1","0","0","0","1","0",572362.80729999999,5938218.89859999996,10.09318982200,53.58781470500
"02","5","02","509","2018","11","06","2","3","1","6","2","0","1","0","0","1","0","1",572069.50500000000,5938112.32479999959,10.08873514600,53.58689733200
"02","5","02","509","2018","12","10","3","3","6","2","0","0","1","1","0","0","0","0",571382.42150000005,5937870.60599999968,10.07830228600,53.58481900400
"02","5","02","509","2018","12","18","4","3","6","2","2","0","1","1","0","0","0","1",572489.13309999998,5938264.98510000017,10.09510856000,53.58821143100
"02","5","02","506","2018","12","12","2","3","5","3","0","1","1","0","0","0","0","1",571411.99410000001,5937869.74450000003,10.07874872500,53.58480723500
"02","5","02","508","2018","01","21","6","3","4","2","2","1","1","0","0","0","0","0",571761.59439999994,5936721.42740000039,10.08376474100,53.57443965100
"02","5","02","506","2018","01","20","6","2","0","7","2","0","0","1","0","0","1","0",571579.16960000002,5937345.53330000024,10.08115334900,53.58007338500
"02","5","02","508","2018","02","09","2","3","1","6","0","0","1","0","0","0","0","1",571965.69010000001,5937099.40919999965,10.08693357500,53.57780859100
"02","5","02","506","2018","03","18","7","3","1","6","1","0","1","0","0","0","0","0",571563.04669999995,5937395.29250000045,10.08092128000,53.58052276800
"02","5","02","508","2018","02","12","5","3","5","3","0","0","1","0","0","0","0","1",571736.49080000003,5936993.02489999961,10.08344809900,53.57688391700
"02","5","02","508","2018","03","06","5","3","5","3","0","0","1","0","0","0","0","1",572359.05740000005,5937156.24909999967,10.09288678800,53.57826528800
"02","5","02","508","2018","03","12","7","3","2","6","0","0","1","0","0","0","0","1",571960.64220000000,5937083.24170000013,10.08685362200,53.57766398700
"02","5","02","508","2018","04","16","4","3","2","6","0","0","1","0","0","0","0","0",571914.61239999998,5937068.70289999992,10.08615520200,53.57753964100
"02","5","03","511","2018","05","09","2","3","5","3","0","0","1","0","0","0","0","0",572955.08609999996,5936784.60159999970,10.10180033300,53.57484276900
"02","5","02","508","2018","05","16","5","3","0","6","0","0","1","0","1","0","0","1",572542.42379999999,5937226.16100000031,10.09567198300,53.57886825200
"02","5","02","507","2018","04","08","6","3","5","2","0","0","1","0","0","0","0","0",571676.04890000005,5936980.00559999980,10.08253242500,53.57677517600
"02","5","02","508","2018","04","08","6","3","5","3","0","0","1","0","0","0","0","0",572553.29169999994,5937622.75829999987,10.09592829000,53.58243093100
"02","5","02","508","2018","05","08","5","3","2","6","0","0","1","0","0","0","0","0",571730.93629999994,5936990.56929999962,10.08336366000,53.57686260900
"02","5","02","508","2018","05","07","6","3","1","6","0","0","1","0","0","1","0","0",571688.48100000003,5936945.39900000021,10.08271220500,53.57646246900
"02","5","02","508","2018","05","16","3","3","1","6","0","0","1","0","0","0","0","0",572409.78000000003,5937183.20999999996,10.09365898600,53.57850058400
"02","5","02","508","2018","06","20","2","3","1","5","0","1","1","0","0","0","0","0",572014.00340000005,5937598.08299999963,10.08777818500,53.58228350600
"02","5","02","508","2018","06","15","7","3","5","3","0","0","1","0","0","0","0","1",571971.01540000003,5937082.51350000035,10.08701009400,53.57765602000
"02","5","02","507","2018","06","06","1","3","2","6","0","0","1","0","0","0","0","1",571637.78170000005,5936950.15990000032,10.08194773500,53.57651218200
"02","5","02","508","2018","06","10","7","3","2","6","0","0","1","0","0","0","0","1",571656.51049999997,5937328.79119999986,10.08231745600,53.57991236400
"02","5","03","511","2018","06","16","2","2","0","7","0","1","0","0","0","0","0","0",572219.53799999994,5936542.97159999982,10.09063809200,53.57277303700
"02","5","02","508","2018","06","14","6","3","5","3","0","0","1","0","0","0","0","0",571971.16229999997,5937082.05510000046,10.08701220700,53.57765188000
"02","5","02","507","2018","06","06","1","3","5","3","0","0","1","0","0","0","0","1",571676.65489999996,5936966.62700000033,10.08253850400,53.57665486000
"02","5","02","508","2018","07","13","4","3","5","2","0","1","1","0","0","0","0","0",571715.78929999995,5936894.39400000032,10.08311284500,53.57600035700
"02","5","02","507","2018","07","10","3","3","0","2","0","1","0","0","0","0","1","0",571631.51069999998,5936935.05640000012,10.08184957700,53.57637730400
"02","5","02","508","2018","07","17","3","3","2","2","0","0","1","0","0","0","0","0",572337.72450000001,5936835.35410000011,10.09249029100,53.57538437300
"02","5","02","508","2018","07","06","3","2","6","7","0","0","1","1","0","0","0","0",572451.97670000000,5937195.94379999954,10.09429914200,53.57860919400
"02","5","02","506","2018","07","18","3","3","6","4","0","0","1","1","0","0","0","0",571595.55020000006,5937463.17410000041,10.08142770300,53.58112838100
"02","5","02","508","2018","08","13","4","3","2","6","0","0","1","0","0","0","0","0",571908.35889999999,5937066.72769999970,10.08606031600,53.57752274700
"02","5","02","508","2018","09","17","4","2","3","6","0","0","0","0","0","0","1","0",572528.99659999995,5937221.67559999973,10.09546817900,53.57882979900
"02","5","02","508","2018","08","14","2","3","2","6","0","0","1","0","0","0","0","1",572049.91799999995,5936797.40469999984,10.08813576000,53.57508293300
"02","5","02","507","2018","09","23","6","2","6","4","2","0","1","1","0","0","0","0",571732.43539999996,5936813.10259999987,10.08334552100,53.57526751900
"02","5","02","508","2018","09","06","7","3","1","5","1","0","1","0","0","0","0","0",572119.25249999994,5937482.66949999984,10.08934099700,53.58123183100
"02","5","02","508","2018","09","18","2","3","2","3","0","1","1","0","0","0","0","0",572432.47759999998,5937552.90629999992,10.09408752900,53.58181987700
"02","5","02","508","2018","10","18","2","3","1","6","0","0","1","0","1","0","0","0",572216.07550000004,5936838.01900000032,10.09065405300,53.57542508300
"02","5","02","508","2018","10","03","1","2","1","1","2","0","1","0","0","0","0","0",572123.00800000003,5937483.08540000021,10.08939780800,53.58123505200
"02","5","03","511","2018","10","16","2","2","6","4","0","0","1","1","0","0","0","0",572351.92079999996,5936586.24450000003,10.09264692500,53.57314368600
"02","5","02","507","2018","11","15","2","3","5","3","0","0","1","0","0","1","0","0",571674.42579999997,5936965.68269999977,10.08250462700,53.57664667900
"02","5","02","506","2018","11","14","6","3","5","3","0","0","1","0","0","0","0","0",571546.23030000005,5937447.19189999998,10.08067922400,53.58099148000
"02","5","03","511","2018","11","14","3","3","5","3","0","0","1","0","1","0","0","1",572319.35930000001,5936576.01109999977,10.09215291500,53.57305620900
"02","5","02","507","2018","11","13","6","3","0","2","0","1","1","0","0","0","0","0",571630.74970000004,5936936.92829999980,10.08183851500,53.57639423000
"02","5","03","511","2018","11","12","5","3","5","3","0","0","1","0","0","0","0","0",572855.73030000005,5936752.71200000029,10.10029268000,53.57456998900
"02","5","02","508","2018","11","17","5","3","1","7","2","0","1","0","0","0","0","1",572001.33959999995,5937092.88439999986,10.08747039600,53.57774506100
"02","5","02","508","2018","12","13","2","3","3","6","0","0","1","0","0","0","0","0",571735.20519999997,5936992.45650000032,10.08342855500,53.57687898500
"02","5","01","502","2018","01","17","3","3","4","2","2","1","1","0","0","0","0","1",569232.78319999995,5936136.44039999973,10.04545130800,53.56952217300
"02","5","01","502","2018","05","16","4","3","1","7","0","0","1","0","0","0","0","0",569586.74970000004,5936439.53189999983,10.05086293900,53.57219924600
"02","5","01","502","2018","08","18","3","3","5","2","0","1","1","0","0","0","0","0",569537.84409999999,5936022.20060000010,10.05003160500,53.56845515100
"02","5","01","502","2018","07","11","1","3","5","3","0","0","1","0","0","0","1","0",569546.48109999998,5936524.58650000021,10.05027387800,53.57296897500
"02","5","01","502","2018","09","18","3","3","5","7","0","0","1","0","1","0","0","0",569542.57420000003,5936526.53920000046,10.05021532300,53.57298704200
"02","5","01","502","2018","09","10","7","3","5","2","0","1","1","0","0","0","0","0",569543.13040000002,5936532.99469999969,10.05022515900,53.57304498400
"02","5","01","502","2018","09","11","3","3","3","6","0","1","1","0","0","0","0","0",569550.22409999999,5936516.43560000043,10.05032857800,53.57289522700
"02","5","01","503","2018","09","00","1","3","3","5","2","0","1","0","0","0","0","0",569544.07990000001,5936012.64960000012,10.05012362300,53.56836848900
"02","5","01","502","2018","11","11","4","3","5","3","0","0","1","0","0","0","0","0",569222.54339999997,5936130.12239999976,10.04529531000,53.56946674300
"02","5","18","526","2018","01","13","5","3","5","3","0","1","1","0","0","0","0","0",574770.19850000006,5939589.92109999992,10.12987950000,53.59979802000
"02","5","06","514","2018","01","22","5","3","6","2","2","0","1","1","0","0","0","0",574655.18790000002,5939715.86980000045,10.12817206600,53.60094628800
"02","5","06","514","2018","01","15","5","3","4","6","0","0","1","0","0","0","0","2",575231.52890000003,5942839.89340000041,10.13763428200,53.62893861700
"02","5","18","526","2018","01","14","3","3","2","6","0","0","1","0","0","0","0","1",575443.91949999996,5942220.26900000032,10.14069512100,53.62333967700
"02","5","06","514","2018","01","09","2","3","2","6","0","0","1","0","0","0","0","0",575468.07559999998,5942855.41359999962,10.14121427200,53.62904404800
"02","5","18","526","2018","01","13","6","3","2","2","0","0","1","0","0","0","0","1",575845.52080000006,5942955.64620000031,10.14694510300,53.62989026300
"02","5","06","514","2018","01","22","7","3","5","2","2","0","1","0","0","0","0","0",575446.01740000001,5942881.27850000001,10.14088705600,53.62927966700
"02","5","18","526","2018","01","11","1","3","5","3","0","0","1","0","1","0","0","0",575151.19940000004,5941214.07149999961,10.13602738800,53.61433934900
"02","5","18","526","2018","01","15","4","3","2","2","0","0","1","0","0","0","0","1",574357.83649999998,5941071.69880000036,10.12400303600,53.61317309700
"02","5","18","526","2018","01","17","4","3","5","3","2","0","1","0","0","0","0","0",575114.48410000000,5941516.82679999992,10.13554551400,53.61706539500
"02","5","06","514","2018","02","04","2","3","4","6","2","0","1","0","0","0","0","1",575110.44929999998,5943559.88449999969,10.13597754300,53.63542634800
"02","5","06","514","2018","02","17","4","3","9","1","1","0","1","0","0","0","0","2",575116.57720000006,5943540.85800000001,10.13606560700,53.63525448300
"02","5","06","514","2018","02","10","3","3","1","6","0","0","1","0","0","0","0","1",574933.53520000004,5942304.13719999976,10.13300007700,53.62416666000
"02","5","06","514","2018","02","01","3","3","8","1","2","0","1","0","0","0","0","2",574345.07339999999,5941112.55449999962,10.12381989900,53.61354206900
"02","5","06","514","2018","03","09","5","2","6","4","0","0","1","1","0","0","0","1",574967.21510000003,5942246.35020000022,10.13349529400,53.62364252300
"02","5","18","526","2018","03","11","3","3","8","7","0","0","0","0","1","0","0","0",575071.29299999995,5941750.30059999973,10.13494899500,53.61916975300
"02","5","06","514","2018","03","17","1","3","5","3","0","0","1","0","0","0","1","0",574279.99990000005,5942617.07390000019,10.12319535300,53.62707205800
"02","5","18","526","2018","04","18","2","3","0","7","1","1","0","0","0","0","0","0",575310.37699999998,5939635.79499999993,10.13805165100,53.60013293600
"02","5","18","526","2018","03","14","2","3","2","6","0","0","1","0","0","0","0","0",576061.11820000003,5940215.21399999969,10.14953535800,53.60523159000
"02","5","18","526","2018","03","13","7","2","4","2","0","0","1","0","0","0","0","1",575770.90070000000,5939855.33849999961,10.14506268900,53.60203953600
"02","5","18","526","2018","04","07","3","3","5","3","0","1","1","0","0","0","0","0",575903.55039999995,5939705.14450000040,10.14703030100,53.60067059000
"02","5","06","514","2018","04","07","6","3","6","7","0","0","1","1","0","0","0","0",574560.56059999997,5939847.30979999993,10.12677382300,53.60214098100
"02","5","06","514","2018","04","08","3","3","5","2","0","1","1","0","0","0","0","0",574450.97290000005,5942666.15299999993,10.12579184500,53.62748883600
"02","5","06","514","2018","05","23","6","3","4","6","2","0","1","0","1","0","0","0",575021.80909999995,5943793.59030000027,10.13469359300,53.63753930400
"02","5","18","526","2018","04","15","1","3","4","3","0","0","1","0","0","0","0","0",576022.50100000005,5941879.12139999960,10.14935791600,53.62019021800
"02","5","06","514","2018","05","00","1","3","1","7","2","1","1","0","0","0","0","0",575211.05160000001,5943236.87880000006,10.13742064700,53.63250914800
"02","5","06","514","2018","04","06","5","3","5","3","0","0","1","0","0","0","0","1",575629.24719999998,5943235.36259999964,10.14374329000,53.63243527200
"02","5","18","526","2018","05","09","5","2","5","3","0","1","1","0","0","0","0","0",576033.84039999999,5941372.42729999963,10.14940560300,53.61563507200
"02","5","06","514","2018","05","15","2","3","5","6","0","0","1","0","0","0","0","0",574609.96169999999,5942700.15020000003,10.12820359300,53.62777172800
"02","5","06","514","2018","05","14","6","3","0","7","0","1","0","0","0","0","0","0",575181.43130000005,5943589.24480000045,10.13705794400,53.63568001000
"02","5","06","514","2018","05","18","6","3","1","6","0","0","1","0","0","0","0","0",574343.75329999998,5940906.63190000039,10.12375080500,53.61169167700
"02","5","10","518","2018","05","13","7","3","2","6","0","0","1","0","0","0","0","0",574689.98589999997,5943942.75270000007,10.12971171100,53.63892724200
"02","5","18","526","2018","05","07","5","3","5","2","0","1","1","0","0","0","0","0",574733.22530000005,5939638.83959999960,10.12933263100,53.60024291300
"02","5","06","514","2018","05","19","3","3","4","2","0","1","0","0","1","0","0","0",574354.81400000001,5941080.92779999971,10.12395956000,53.61325646500
"02","5","18","526","2018","05","16","4","3","5","2","0","0","1","0","0","0","0","0",575531.83799999999,5942795.29430000018,10.14216367400,53.62849458000
"02","5","18","526","2018","05","17","3","3","6","2","0","0","1","1","0","0","0","0",575411.80880000000,5942352.63570000045,10.14024178500,53.62453384200
"02","5","06","514","2018","05","15","3","3","2","6","0","0","1","0","0","0","0","0",574383.55599999998,5940089.05800000019,10.12415715300,53.60433867300
"02","5","18","526","2018","06","09","2","3","5","2","0","1","1","0","0","0","0","0",575836.82579999999,5938997.39520000014,10.14585006100,53.59431990100
"02","5","18","526","2018","06","16","4","3","5","2","0","1","1","0","0","0","0","0",574905.57999999996,5940006.96999999974,10.13202507600,53.60352660900
"02","5","06","514","2018","06","08","6","3","4","2","0","0","1","0","0","0","1","0",575438.41170000006,5942878.21800000034,10.14077132600,53.62925325900
"02","5","18","526","2018","06","16","3","3","0","3","0","0","1","0","1","0","0","0",575334.69129999995,5940562.26410000026,10.13864293500,53.60845537700
"02","5","10","518","2018","06","07","4","3","4","7","0","1","1","0","0","0","0","0",574302.28520000004,5943834.97620000038,10.12382310100,53.63801386900
"02","5","06","514","2018","06","07","4","2","5","7","0","0","1","0","1","0","0","0",574294.24870000000,5940784.88879999984,10.12297363800,53.61060462200
"02","5","18","526","2018","06","14","7","3","0","6","0","1","0","0","0","0","1","1",575762.29539999994,5940142.70409999974,10.14500252200,53.60462325400
"02","5","18","526","2018","07","10","2","3","5","3","0","0","1","0","0","0","0","0",575122.10730000003,5941516.45789999980,10.13566064400,53.61706098700
"02","5","18","526","2018","07","11","3","3","4","2","0","1","1","0","0","0","0","0",575447.05539999995,5942204.68630000018,10.14073874800,53.62319918800
"02","5","18","526","2018","07","19","2","3","2","6","0","0","1","0","0","0","0","0",575433.84970000002,5940635.20480000041,10.14015899300,53.60909660900
"02","5","06","514","2018","06","17","6","3","2","6","0","0","1","0","0","0","0","0",575412.20160000003,5942900.92109999992,10.14038056800,53.62946106100
"02","5","18","526","2018","06","15","5","3","3","6","0","0","1","0","1","0","0","0",575615.50879999995,5942689.15990000032,10.14340284900,53.62752870600
"02","5","06","514","2018","06","09","5","3","5","3","0","1","1","0","0","0","0","0",574311.67940000002,5941391.87959999964,10.12338185500,53.61605703800
"02","5","18","526","2018","07","19","2","3","0","1","0","0","0","0","1","0","0","0",574706.05339999998,5939685.40570000000,10.12893326900,53.60066526600
"02","5","10","518","2018","06","18","5","3","5","3","0","0","1","0","1","0","0","0",573943.67949999997,5943838.19259999972,10.11840108800,53.63809356100
"02","5","18","526","2018","07","16","6","3","4","2","0","0","1","0","0","0","0","0",576026.96810000006,5941882.73849999998,10.14942632100,53.62022207500
"02","5","18","526","2018","07","10","6","1","3","2","0","0","1","0","1","0","0","0",576069.67209999997,5941762.02350000013,10.15004231500,53.61913104700
"02","5","06","514","2018","07","21","6","3","7","1","0","1","1","0","0","0","0","0",574618.17009999999,5941719.24299999978,10.12809257700,53.61895539900
"02","5","06","514","2018","08","21","6","3","6","3","2","0","0","1","0","0","1","0",575360.98479999998,5943007.70050000027,10.13963209600,53.63042803000
"02","5","18","526","2018","08","17","3","3","0","7","0","0","0","0","1","0","0","0",574674.61699999997,5939747.15799999982,10.12847310600,53.60122470000
"02","5","18","526","2018","08","22","1","3","5","2","2","0","1","0","0","0","0","0",574785.58680000005,5939579.03909999970,10.13010937800,53.59969803100
"02","5","06","514","2018","08","14","3","3","2","2","0","0","1","0","0","0","0","0",574313.45779999997,5941391.41660000011,10.12340862300,53.61605262500
"02","5","06","514","2018","08","11","4","3","2","6","0","0","1","0","0","0","1","0",574366.18799999997,5940100.86799999978,10.12389754400,53.60444727200
"02","5","18","526","2018","08","08","2","3","3","6","0","1","1","0","0","0","0","0",575997.65150000004,5940219.06170000043,10.14857731600,53.60527537700
"02","5","18","526","2018","09","13","3","3","3","7","0","0","1","0","0","0","0","0",575549.98860000004,5939415.11409999989,10.14161827300,53.59811525000
"02","5","18","526","2018","09","19","4","2","5","3","1","1","0","0","0","0","1","1",575450.77630000003,5942201.79189999960,10.14079429400,53.62317264100
"02","5","18","526","2018","09","23","5","2","2","6","2","0","0","0","1","0","0","0",575413.76240000001,5942370.12689999957,10.14027555500,53.62469074900
"02","5","06","514","2018","09","11","3","3","4","6","0","0","1","0","0","0","0","0",575362.72320000001,5942859.62480000034,10.13962251900,53.62909706800
"02","5","06","514","2018","09","15","7","3","3","6","0","0","1","0","0","0","0","0",574970.43660000002,5942236.93510000035,10.13354172500,53.62355745100
"02","5","18","526","2018","08","19","4","3","2","6","0","1","1","0","0","0","0","0",575588.53520000004,5942723.12889999989,10.14300331300,53.62783786900
"02","5","18","526","2018","09","09","2","3","2","6","0","0","1","0","0","0","0","0",574667.37600000005,5939812.86569999997,10.12837944400,53.60181623200
"02","5","18","526","2018","09","05","5","3","2","2","2","0","1","0","0","0","0","0",575533.31019999995,5939657.37700000033,10.14142499800,53.60029480700
"02","5","18","526","2018","09","20","3","3","0","1","1","0","0","0","1","0","0","0",575271.96999999997,5940524.54999999981,10.13768603200,53.60812546500
"02","5","10","518","2018","09","17","3","3","2","6","0","0","1","0","1","0","0","1",574996.84510000004,5943784.13239999954,10.13431381700,53.63745788700
"02","5","18","526","2018","09","12","2","3","5","3","0","1","1","0","0","0","0","0",575903.64749999996,5939705.54719999991,10.14703186600,53.60067419500
"02","5","18","526","2018","10","08","2","3","4","2","0","0","1","0","0","0","0","0",576023.54810000001,5941881.01719999965,10.14937420600,53.62020710300
"02","5","18","526","2018","10","04","2","2","6","2","2","0","1","1","0","0","0","0",576034.10649999999,5941886.33129999973,10.14953509700,53.62025332600
"02","5","18","526","2018","10","14","3","3","5","3","0","1","1","0","0","0","0","0",575012.34230000002,5939694.68450000044,10.13356304500,53.60070490300
"02","5","06","514","2018","10","09","6","3","3","6","0","0","1","0","0","0","1","0",574301.68990000000,5942629.36589999963,10.12352619500,53.62717944600
"02","5","06","514","2018","10","11","3","3","6","4","0","0","0","1","0","0","1","0",574353.78700000001,5941084.06369999982,10.12394478800,53.61328479200
"02","5","18","526","2018","10","11","3","3","4","2","0","1","1","0","0","0","0","0",575407.14000000001,5942352.10059999954,10.14017107800,53.62452970600
"02","5","06","514","2018","10","07","4","3","2","6","0","0","1","0","0","0","0","1",575455.75580000004,5942866.20160000026,10.14103063100,53.62914277200
"02","5","06","514","2018","10","08","2","3","5","2","0","1","1","0","0","0","0","1",574320.20420000004,5941372.49230000004,10.12350607200,53.61588159900
"02","5","18","526","2018","10","19","1","3","4","2","2","0","1","0","0","0","0","0",575966.55579999997,5940228.43460000027,10.14810974500,53.60536411800
"02","5","10","518","2018","10","15","4","3","5","3","0","1","0","0","0","0","1","0",574359.34690000000,5943434.75559999980,10.12459030800,53.63440908900
"02","5","18","526","2018","10","19","6","3","2","6","2","0","1","0","0","0","0","1",574437.77509999997,5940062.20859999955,10.12496997900,53.60408968500
"02","5","06","514","2018","10","08","2","2","4","2","0","0","1","0","1","0","0","0",574342.14229999995,5941481.16239999980,10.12386358200,53.61685507900
"02","5","06","514","2018","10","07","5","3","5","3","0","1","0","0","0","0","1","0",574382.78090000001,5941634.34680000041,10.12451439200,53.61822594100
"02","5","18","526","2018","11","09","5","3","5","2","0","1","1","0","0","0","0","0",574734.39610000001,5939636.99280000012,10.12934987700,53.60022614900
"02","5","18","526","2018","11","08","5","3","5","3","0","0","1","0","0","0","0","0",575601.74320000003,5939517.00109999999,10.14242486000,53.59902341900
"02","5","18","526","2018","11","06","5","3","5","3","2","0","1","0","0","0","0","1",576032.57090000005,5941368.78479999956,10.14938552700,53.61560252300
"02","5","18","526","2018","11","18","6","3","5","3","2","1","1","0","0","0","0","0",575121.28769999999,5941516.30360000022,10.13564821900,53.61705971700
"02","5","18","526","2018","12","10","6","3","2","6","0","0","1","0","0","0","0","1",574953.81250000000,5939602.26719999965,10.13265653100,53.59988274500
"02","5","18","526","2018","12","14","1","3","5","3","0","0","1","0","0","0","0","0",576038.11780000001,5939127.49069999997,10.14892251500,53.59545987400
"02","5","06","514","2018","12","16","5","2","6","4","2","0","1","1","0","0","0","1",575228.17039999994,5942839.36249999981,10.13758337800,53.62893432800
"02","5","18","526","2018","12","18","5","3","6","2","2","0","1","1","0","0","0","1",576028.84310000006,5941865.19230000023,10.14945037800,53.62006412100
"02","5","06","514","2018","12","12","1","3","5","3","0","0","1","0","0","0","0","1",574358.23120000004,5941070.49370000046,10.12400871400,53.61316221100
"02","5","18","526","2018","12","13","1","3","3","7","0","0","1","0","0","0","0","1",576063.15000000002,5941777.41540000029,10.14994749400,53.61927031600
"02","5","18","526","2018","12","20","1","3","5","3","2","0","1","0","0","0","0","1",576033.83669999999,5941372.43420000002,10.14940554900,53.61563513500
"02","5","18","526","2018","12","12","7","3","6","4","0","1","0","1","0","0","0","0",575272.86069999996,5940046.49799999967,10.13758402400,53.60382920900
"02","5","06","514","2018","12","20","7","3","6","2","2","0","1","1","0","0","0","0",574934.66399999999,5942303.20019999985,10.13301691500,53.62415807800
"02","5","10","518","2018","02","10","7","3","5","3","0","0","1","0","0","0","1","1",573210.67770000000,5945755.09389999975,10.10776812300,53.65542335700
"02","5","16","524","2018","02","06","5","3","3","2","2","0","1","0","0","0","0","1",575549.95470000000,5948209.06080000009,10.14375371300,53.67714359300