ULAND,UREGBEZ,UKREIS,UGEMEINDE,UJAHR,UMONAT,USTUNDE,UWOCHENTAG,UKATEGORIE,UART,UTYP1,ULICHTVERH,IstRad,IstPKW,IstFuss,IstKrad,IstGkfz,IstSonstig,STRZUSTAND,LINREFX,LINREFY,XGCSWGS84,YGCSWGS84
"02","5","16","524","2018","03","09","4","3","2","6","0","0","1","0","0","0","1","1",574330.23670000001,5947285.50329999998,10.12507113200,53.66901877500
"02","5","10","518","2018","03","07","3","3","5","3","0","1","1","0","0","0","0","0",573064.37820000004,5946054.47719999962,10.10562529000,53.65813429900
"02","5","16","524","2018","03","13","1","3","2","6","0","0","1","0","0","0","0","0",574137.90989999997,5946988.63650000002,10.12208977900,53.66637823400
"02","5","16","524","2018","04","11","5","3","1","6","0","0","1","0","0","0","0","0",574589.68350000004,5947630.54399999976,10.12908021700,53.67208258900
"02","5","16","524","2018","04","08","3","3","2","6","0","0","1","0","0","0","1","0",573813.02069999999,5946459.64419999998,10.11704782400,53.66167029900
"02","5","10","518","2018","04","15","2","3","6","4","0","0","1","1","0","0","0","0",574332.11910000001,5945742.70830000006,10.12473038700,53.65515388200
"02","5","10","518","2018","04","09","1","3","2","6","0","0","1","0","0","0","0","0",573227.13450000004,5945780.72030000016,10.10802312300,53.65565135100
"02","5","16","524","2018","04","21","1","3","0","7","2","0","0","0","1","0","0","0",573979.95620000002,5948802.07710000034,10.12013189700,53.68269743500
"02","5","16","524","2018","05","18","1","2","2","6","0","1","0","0","0","0","0","0",573823.00719999999,5948571.30389999971,10.11770111100,53.68064574600
"02","5","16","524","2018","06","11","4","2","0","7","0","0","0","0","1","0","0","0",574468.58759999997,5948172.16160000023,10.12737751100,53.67696719100
"02","5","16","524","2018","06","17","1","3","0","7","0","1","0","0","0","0","1","0",573230.25349999999,5947371.28409999982,10.10844534400,53.66994490200
"02","5","10","518","2018","06","14","6","3","2","6","0","0","1","0","0","0","0","0",574504.04469999997,5945724.31730000023,10.12732685600,53.65496414700
"02","5","16","524","2018","06","09","5","3","5","3","0","1","0","0","0","0","1","0",574345.18720000004,5947260.23730000015,10.12529132600,53.66878959200
"02","5","10","518","2018","08","06","4","3","4","6","0","1","0","0","0","0","0","0",573713.53850000002,5946294.65419999976,10.11550347200,53.66020161200
"02","5","10","518","2018","08","14","2","3","5","3","0","1","1","0","0","0","0","0",573563.84250000003,5946113.97039999999,10.11319581100,53.65859893400
"02","5","16","524","2018","09","20","6","3","5","3","2","0","1","0","1","0","0","1",574338.40000000002,5947574.34999999963,10.12526383400,53.67161338700
"02","5","16","524","2018","09","10","6","3","1","6","0","0","1","0","0","0","0","0",574342.51419999998,5947273.29750000034,10.12525400300,53.66890734000
"02","5","16","524","2018","09","15","6","3","5","3","0","0","1","0","0","0","0","1",574609.13729999994,5947646.33359999955,10.12937842600,53.67222170800
"02","5","16","524","2018","09","16","5","2","5","2","0","1","1","0","0","0","0","0",575400.70649999997,5948069.21310000028,10.14146075300,53.67590838800
"02","5","16","524","2018","09","17","3","3","5","3","0","1","1","0","0","0","0","0",574754.54570000002,5947770.40180000011,10.13160892000,53.67331589200
"02","5","16","524","2018","10","07","3","3","2","6","0","0","1","0","0","0","0","0",574776.00509999995,5947788.21729999967,10.13193798800,53.67347292500
"02","5","16","524","2018","10","15","2","3","5","3","0","1","1","0","0","0","0","0",574345.87990000006,5947262.05549999978,10.12530224400,53.66880583300
"02","5","16","524","2018","09","09","1","3","5","3","0","0","1","0","0","0","0","0",574256.85690000001,5947533.97510000039,10.12402011600,53.67126214000
"02","5","16","524","2018","10","18","1","3","0","7","1","1","0","0","0","0","1","0",573417.84450000001,5947730.90400000010,10.11136927400,53.67315039400
"02","5","16","524","2018","10","10","3","3","2","6","0","0","1","0","0","0","0","1",574546.57810000004,5948337.92609999981,10.12859777800,53.67844574100
"02","5","16","524","2018","10","13","6","3","2","2","0","0","1","0","0","0","0","0",573986.80200000003,5946761.74629999977,10.11974915700,53.66436064400
"02","5","16","524","2018","11","19","4","3","2","6","2","0","1","0","0","0","1","0",574184.77619999996,5947035.41610000003,10.12281013500,53.66679198000
"02","5","16","524","2018","11","08","3","3","2","6","0","0","1","0","0","0","1","1",574760.82909999997,5947775.61820000038,10.13170527200,53.67336187200
"02","5","17","525","2018","11","18","5","3","6","4","2","0","1","1","0","0","0","1",575772.52800000005,5947277.40199999977,10.14689507900,53.66873891900
"02","5","16","524","2018","11","15","2","2","4","2","0","1","1","0","0","0","0","1",575364.79379999998,5947356.15780000016,10.14074407000,53.66950560500
"02","5","16","524","2018","11","08","4","3","5","3","0","1","0","0","0","0","1","0",574369.59199999995,5947686.80200000014,10.12576283200,53.67261952000
"02","5","16","524","2018","12","09","5","3","5","3","0","0","1","0","0","0","0","1",574290.34089999995,5947158.17509999964,10.12443692500,53.66788018700
"02","5","13","521","2018","05","07","4","3","5","3","0","1","1","0","0","0","0","0",572517.66399999999,5949805.65930000041,10.09823049900,53.69192134900
"02","5","13","521","2018","06","18","7","3","4","6","0","1","0","0","0","0","0","0",571841.41000000003,5948856.05999999959,10.08777114600,53.68348096800
"02","5","13","521","2018","09","19","1","3","8","1","0","0","1","0","0","0","0","0",572827.73140000005,5949129.92970000021,10.10276660100,53.68580561900
"02","5","02","505","2018","01","08","2","3","5","3","0","0","1","0","0","0","0","0",570877.82019999996,5936552.12060000002,10.07038186600,53.57303824500
"02","5","02","505","2018","01","16","5","3","6","2","2","0","0","1","0","0","1","1",570864.28489999997,5936430.10859999992,10.07014980900,53.57194355200
"02","5","03","510","2018","01","07","6","3","0","3","1","0","1","0","1","0","0","1",570708.95290000003,5936251.70160000026,10.06776413100,53.57036116600
"02","5","02","506","2018","01","13","3","3","5","3","0","1","0","0","0","0","0","0",571363.75829999999,5937268.73770000041,10.07788278700,53.57941258000
"02","5","02","507","2018","02","15","5","3","2","6","0","0","1","0","0","0","0","0",571258.08319999999,5937265.55429999996,10.07628624600,53.57939833900
"02","5","02","505","2018","02","08","6","3","2","6","0","0","1","0","0","0","1","0",570864.66280000005,5936589.54710000008,10.07019169700,53.57337637400
"02","5","03","510","2018","02","07","5","3","6","6","2","1","0","1","0","0","0","2",570770.13009999995,5936379.75459999964,10.06871680000,53.57150373000
"02","5","03","510","2018","03","15","1","3","5","3","0","0","1","0","0","0","1","0",570938.84849999996,5936281.97699999996,10.07124195800,53.57060221800
"02","5","02","507","2018","03","13","6","2","4","7","0","0","1","0","0","0","0","0",571356.26229999994,5936851.35830000043,10.07767418400,53.57566262700
"02","5","02","507","2018","04","21","1","3","0","7","2","0","0","0","1","0","0","0",570893.68779999996,5936517.65020000003,10.07061362300,53.57272631600
"02","5","02","507","2018","04","17","6","3","2","2","0","0","1","0","0","0","0","0",570836.67509999999,5936752.64329999965,10.06980611200,53.57484589800
"02","5","03","510","2018","04","22","1","3","2","6","1","0","1","0","0","0","0","1",570904.96820000000,5936430.02560000028,10.07076404700,53.57193731000
"02","5","02","507","2018","05","17","4","3","0","7","0","0","0","0","1","0","0","0",571050.02110000001,5936908.99590000045,10.07306311700,53.57622218300
"02","5","03","510","2018","05","13","4","3","5","3","0","1","1","0","0","0","0","0",570767.43530000001,5936384.79949999973,10.06867725600,53.57154943200
"02","5","02","505","2018","05","21","2","3","0","7","1","1","0","0","0","0","0","0",570854.84829999995,5936620.90759999957,10.07005062400,53.57365953600
"02","5","02","507","2018","05","19","6","3","0","7","0","1","0","0","0","0","0","0",570842.62800000003,5936824.92999999970,10.06991240000,53.57549473400
"02","5","02","507","2018","06","15","6","3","6","4","0","0","1","1","0","0","0","0",571034.16399999999,5936714.86029999983,10.07277950500,53.57447963800
"02","5","03","511","2018","06","11","1","3","5","2","0","0","1","0","0","0","1","0",571684.06259999995,5936352.40789999999,10.08250934800,53.57113388900
"02","5","02","507","2018","06","12","7","3","3","2","0","1","0","0","0","0","0","0",570854.97930000001,5936876.34640000015,10.07011057100,53.57595514400
"02","5","02","507","2018","06","09","6","3","3","6","0","0","1","0","1","0","0","0",571149.31700000004,5936761.61440000031,10.07452889900,53.57488421000
"02","5","03","510","2018","06","08","5","3","2","6","0","0","1","0","0","0","1","1",570895.39370000002,5936427.42420000024,10.07061889500,53.57191522500
"02","5","02","507","2018","06","14","2","2","5","3","0","1","1","0","0","0","0","0",571455.45609999995,5936827.66789999977,10.07916656700,53.57543621900
"02","5","02","507","2018","07","17","2","3","2","6","0","0","1","0","0","0","0","0",570924.19909999997,5936592.37139999960,10.07109127800,53.57339371000
"02","5","02","505","2018","07","07","2","3","5","3","0","0","1","0","1","0","0","0",570867.62300000002,5936559.22420000006,10.07022951100,53.57310346200
"02","5","02","507","2018","06","07","4","3","5","2","0","1","0","0","0","1","0","0",571494.06250000000,5936900.26989999972,10.07976613800,53.57608343000
"02","5","02","505","2018","07","10","6","3","6","4","0","1","0","1","0","0","0","0",570655.56510000001,5936442.33760000020,10.06700121600,53.57208160500
"02","5","03","510","2018","07","10","6","3","0","3","0","0","0","0","0","0","1","0",570874.49509999994,5936404.26740000024,10.07029810200,53.57170993800
"02","5","02","507","2018","07","13","5","3","4","2","0","0","1","0","0","0","0","0",571176.42709999997,5936735.62590000033,10.07493232400,53.57464697500
"02","5","02","507","2018","07","17","5","3","3","6","0","1","1","0","0","0","0","0",570836.49990000005,5936770.36969999969,10.06980748800,53.57500522800
"02","5","03","510","2018","07","18","3","3","4","2","0","0","1","0","0","0","0","0",570935.71030000004,5936435.52010000031,10.07122945400,53.57198253300
"02","5","02","507","2018","08","22","7","3","5","2","2","0","1","0","0","0","0","0",571178.89350000001,5936737.50949999969,10.07496999500,53.57466356800
"02","5","02","506","2018","07","17","2","3","5","3","0","1","1","0","0","0","0","0",571346.25080000004,5937268.21030000038,10.07761828300,53.57941022200
"02","5","02","507","2018","09","13","7","3","1","6","0","0","1","0","0","0","0","0",571235.36340000003,5936777.13370000012,10.07583170000,53.57501200400
"02","5","02","507","2018","08","16","6","3","5","2","0","0","1","0","0","0","0","0",571179.12060000002,5936726.87260000035,10.07497099900,53.57456794300
"02","5","02","507","2018","08","07","5","3","5","3","0","1","1","0","0","0","0","0",571022.34580000001,5937039.00829999987,10.07267479700,53.57739435000
"02","5","02","507","2018","09","14","3","3","3","6","0","0","1","0","1","0","0","0",571136.40549999999,5936713.12490000017,10.07432289400,53.57445018700
"02","5","02","505","2018","09","13","2","3","4","2","0","0","1","0","0","0","1","0",570859.94730000000,5936417.91069999989,10.07008154900,53.57183451600
"02","5","02","507","2018","10","19","4","3","3","6","2","0","1","0","1","0","0","0",570836.59290000005,5936777.41330000013,10.06981049100,53.57506851700
"02","5","02","507","2018","10","00","4","3","0","1","2","0","1","0","0","0","0","1",570838.21409999998,5936726.62770000007,10.06982344800,53.57461188800
"02","5","02","507","2018","10","01","4","3","1","6","2","0","1","0","0","0","1","1",570993.70499999996,5937106.50289999973,10.07225765900,53.57800479900
"02","5","02","507","2018","10","02","3","3","9","1","2","0","1","0","0","0","0","0",570996.22450000001,5937139.78600000031,10.07230327400,53.57830357300
"02","5","02","507","2018","10","22","6","3","2","7","2","0","0","0","1","0","1","0",571113.98459999997,5936700.74039999954,10.07398153100,53.57434192800
"02","5","03","510","2018","10","14","5","3","2","2","0","0","1","0","0","0","0","1",570756.21400000004,5936391.13129999954,10.06850926700,53.57160785000
"02","5","02","505","2018","11","19","5","3","2","6","2","0","1","0","0","0","1","1",570863.19180000003,5936593.98909999989,10.07017049500,53.57341649300
"02","5","02","507","2018","11","21","1","3","1","5","2","0","1","0","1","0","0","1",571256.09299999999,5936791.27489999961,10.07614793500,53.57513627500
"02","5","02","507","2018","11","13","5","3","6","2","0","0","1","1","0","0","0","0",571484.53769999999,5936533.81749999989,10.07953841500,53.57279143500
"02","5","03","510","2018","11","05","5","3","2","6","2","0","1","0","0","0","0","1",570983.13110000000,5936325.86959999986,10.07192051400,53.57099069100
"02","5","02","505","2018","11","14","7","3","5","3","0","0","1","0","0","0","1","0",570870.82799999998,5936569.64369999990,10.07028026800,53.57319666900
"02","5","02","505","2018","11","07","6","3","0","7","0","0","0","0","0","0","1","0",570864.36910000001,5936429.91210000031,10.07015103500,53.57194177500
"02","5","02","507","2018","12","21","7","3","3","2","2","1","1","0","0","0","0","1",571163.18770000001,5936746.55059999973,10.07473490700,53.57474695100
"02","5","02","505","2018","12","21","4","3","6","4","2","0","1","1","0","0","0","1",570665.23670000001,5936447.85560000036,10.06714849200,53.57212989300
"02","5","02","507","2018","12","08","4","3","6","7","1","0","1","1","0","0","0","0",570912.93530000001,5936733.23969999980,10.07095319900,53.57466121500
"02","5","02","505","2018","12","14","5","3","2","6","0","0","1","0","0","0","0","1",570844.76350000000,5936535.62899999972,10.06987900400,53.57289450000
"02","5","02","507","2018","12","19","7","3","3","6","2","0","0","0","0","0","1","0",571047.85320000001,5936664.08279999997,10.07297464900,53.57402144700
"02","5","03","511","2018","01","14","2","3","2","2","0","0","1","0","0","0","0","1",573074.91209999996,5936824.25380000006,10.10361891100,53.57518244100
"02","5","04","512","2018","01","14","2","3","5","3","0","0","1","0","0","0","0","0",575773.10470000003,5937345.24859999958,10.14448623600,53.57948169500
"02","5","18","526","2018","01","07","2","3","5","3","2","0","1","0","0","0","1","0",576043.16090000002,5938066.11620000005,10.14873995100,53.58592086000
"02","5","03","511","2018","01","18","4","3","3","6","2","0","1","0","0","0","0","1",573264.44860000000,5936085.41449999996,10.10630747300,53.56851613900
"02","5","04","512","2018","02","10","7","3","4","7","0","0","1","0","0","0","0","1",574114.89000000001,5936702.87999999989,10.11929316800,53.57394577200
"02","5","03","511","2018","02","05","3","3","3","6","2","0","1","0","0","0","0","1",573264.60759999999,5936084.72730000038,10.10630971200,53.56850994100
"02","5","04","512","2018","02","05","4","3","4","2","2","0","1","0","0","0","0","1",574465.33089999994,5936376.89929999970,10.12450672200,53.57096661200
"02","5","04","512","2018","02","14","7","3","2","6","0","0","1","0","0","0","0","0",575532.23190000001,5936351.50910000037,10.14060845200,53.57058592500
"02","5","04","512","2018","03","07","5","3","6","4","0","0","0","1","0","1","0","0",575417.48300000001,5936838.17590000015,10.13899355100,53.57497600100
"02","5","04","512","2018","03","11","2","3","5","3","0","0","1","0","0","0","0","1",575772.83129999996,5937343.32309999969,10.14448164000,53.57946443100
"02","5","04","512","2018","02","15","6","3","2","6","0","0","1","0","0","0","1","0",575023.04180000001,5936855.81049999967,10.13304201800,53.57519103900
"02","5","04","512","2018","03","16","4","3","1","6","0","0","1","0","0","0","0","0",573478.80440000002,5936351.19319999963,10.10960615100,53.57087468600
"02","5","04","512","2018","03","11","4","3","1","5","0","0","1","0","0","0","0","1",573178.37910000002,5936441.59559999965,10.10509153000,53.57172911200
"02","5","04","512","2018","03","11","5","3","0","7","0","0","0","0","0","0","1","0",574976.71719999996,5936402.01929999981,10.13223358500,53.57111953000
"02","5","04","512","2018","03","17","4","3","2","6","0","0","1","0","0","0","0","0",574620.51580000005,5936816.84609999973,10.12695481700,53.57489828700
"02","5","04","512","2018","03","14","5","3","6","4","0","0","1","1","0","0","0","0",574519.16420000000,5936378.66019999981,10.12531991000,53.57097479300
"02","5","04","512","2018","03","13","1","3","5","3","0","0","1","0","1","0","0","0",574421.36399999994,5936215.25899999961,10.12380439700,53.56952021600
"02","5","18","526","2018","04","17","3","3","2","6","0","0","1","0","0","0","0","0",575969.44369999995,5937992.68800000008,10.14760871600,53.58527166500
"02","5","04","512","2018","03","11","6","3","2","6","0","0","1","0","0","0","0","1",575573.81000000006,5936346.30999999959,10.14123492600,53.57053321400
"02","5","04","512","2018","04","19","2","3","5","3","0","0","1","0","0","0","0","0",573236.85190000001,5936528.88910000026,10.10599484000,53.57250544900
"02","5","04","512","2018","04","07","5","3","5","3","0","1","1","0","0","0","0","0",573975.21100000001,5936724.48300000001,10.11718927600,53.57415963000
"02","5","04","512","2018","04","09","2","3","3","6","0","0","1","0","0","0","1","0",574522.05759999994,5936378.78100000042,10.12536362300,53.57097546800
"02","5","04","512","2018","04","18","2","3","2","6","0","0","1","0","0","0","0","0",575552.51939999999,5936348.97119999956,10.14091413200,53.57056019600
"02","5","03","511","2018","05","19","3","3","9","7","0","0","1","0","0","0","0","1",573188.66310000001,5936298.92960000038,10.10521336500,53.57044555300
"02","5","04","512","2018","04","17","2","3","6","3","0","0","1","1","0","0","0","0",574458.71750000003,5936377.07510000002,10.12440691500,53.57096913000
"02","5","04","512","2018","05","12","6","3","5","3","0","0","1","0","0","0","0","0",574386.07200000004,5936136.49509999994,10.12325282100,53.56881738200
"02","5","03","511","2018","05","10","2","3","5","3","0","0","1","0","1","0","0","0",573203.82409999997,5936301.75059999991,10.10544292400,53.57046879000
"02","5","04","512","2018","04","08","4","3","5","3","0","1","1","0","0","0","0","1",575596.53819999995,5936343.03689999972,10.14157727600,53.57050052500
"02","5","04","512","2018","05","09","3","2","3","2","0","0","0","0","1","0","1","0",573081.31120000000,5936838.20859999955,10.10371880100,53.57530696000
"02","5","04","512","2018","05","19","2","3","1","6","0","0","1","0","0","0","0","0",573127.17339999997,5936648.67789999954,10.10436690900,53.57359727700
"02","5","04","512","2018","06","11","6","3","0","6","0","0","1","0","0","0","1","0",575183.27430000005,5936687.26889999956,10.13542083800,53.57365345100
"02","5","04","512","2018","05","16","2","2","6","4","0","0","0","1","1","0","0","0",575752.51119999995,5937844.70509999990,10.14429648700,53.58397316300
"02","5","18","526","2018","05","12","5","3","3","6","0","1","1","0","0","0","0","0",576264.98869999999,5937772.68599999975,10.15201851600,53.58325166800
"02","5","04","512","2018","05","10","3","3","6","2","0","0","0","1","0","0","1","0",574457.71329999994,5936377.10180000030,10.12439176000,53.57096951300
"02","5","04","512","2018","06","18","2","3","2","6","0","0","1","0","0","0","1","1",573304.57429999998,5936591.68080000021,10.10703208800,53.57306029300
"02","5","04","512","2018","06","12","1","3","5","3","0","1","1","0","0","0","0","0",573267.60900000005,5936481.84960000031,10.10644819000,53.57207841600
"02","5","04","512","2018","06","08","6","3","5","3","0","1","1","0","0","0","0","0",574455.34680000006,5936377.16469999962,10.12435604600,53.57097041400
"02","5","04","512","2018","06","09","4","3","1","6","0","0","1","0","0","0","0","0",574418.08239999996,5936205.14649999980,10.12375244300,53.56942980200
"02","5","04","512","2018","06","14","2","3","1","6","0","0","1","0","0","0","0","0",575127.78500000003,5936816.45399999991,10.13461410100,53.57482236000
"02","5","04","512","2018","06","14","4","3","2","6","0","0","1","0","0","0","0","0",574410.19770000002,5936378.36469999980,10.12367467600,53.57098760300
"02","5","03","511","2018","06","15","1","3","4","2","0","0","1","0","0","0","0","0",573080.33219999995,5936826.07440000027,10.10370117800,53.57519804800
"02","5","04","512","2018","07","19","6","3","3","5","0","0","1","0","0","0","0","0",574432.44519999996,5936610.02730000019,10.12406578400,53.57306636000
"02","5","18","526","2018","07","17","4","3","5","3","0","0","1","0","0","0","0","0",576049.54350000003,5938057.62920000032,10.14883428000,53.58584366400
"02","5","03","511","2018","07","16","4","3","4","2","0","0","1","0","0","0","0","0",573183.67700000003,5936419.43200000003,10.10516632500,53.57152919100
"02","5","04","512","2018","07","22","2","2","4","6","1","1","0","0","0","0","0","0",574388.01289999997,5936115.25509999972,10.12327706500,53.56862622600
"02","5","04","512","2018","07","19","2","3","1","5","0","0","1","0","0","0","0","0",573904.67000000004,5936374.62000000011,10.11604137000,53.57102540400
"02","5","04","512","2018","07","12","2","3","0","3","0","1","1","0","0","0","0","0",575675.34539999999,5936331.68750000000,10.14276432700,53.57038717000
"02","5","04","512","2018","07","00","7","3","6","2","2","0","1","1","0","0","0","0",575142.71349999995,5936824.98739999998,10.13484156300,53.57489691000
"02","5","04","512","2018","08","10","5","3","6","2","0","0","1","1","0","0","0","0",574624.05169999995,5936827.46239999961,10.12701074400,53.57499319100
"02","5","04","512","2018","08","19","5","3","2","6","0","0","1","0","0","0","0","1",574478.48019999999,5936392.90570000000,10.12470906500,53.57110859200
"02","5","04","512","2018","09","15","6","3","2","6","0","0","1","0","0","0","0","0",574345.74309999996,5935997.84989999980,10.12261097000,53.56757711500
"02","5","04","512","2018","08","07","7","3","5","3","0","0","1","0","0","0","0","0",574361.48499999999,5936378.86299999990,10.12293933500,53.57099898800
"02","5","18","526","2018","08","20","6","3","5","3","0","1","1","0","0","0","0","0",576107.06830000004,5938121.98790000007,10.14971877800,53.58641369200
"02","5","04","512","2018","09","08","7","3","5","3","0","1","1","0","0","0","0","0",575567.94319999998,5936347.04260000028,10.14114652800,53.57054064300
"02","5","04","512","2018","09","11","4","3","2","6","0","0","1","0","0","0","0","0",573818.21039999998,5936373.28940000013,10.11473569300,53.57102561800
"02","5","04","512","2018","09","14","6","3","0","3","0","0","1","0","0","0","1","0",573880.82460000005,5936373.99870000035,10.11568120600,53.57102317900
"02","5","04","512","2018","09","08","2","2","1","5","0","1","1","0","0","0","0","1",575526.62509999995,5936515.01989999972,10.14056334700,53.57205616800
"02","5","04","512","2018","09","12","7","3","2","6","0","0","1","0","0","0","0","0",574482.10730000003,5936402.64699999988,10.12476615000,53.57119562100
"02","5","04","512","2018","09","17","7","3","1","6","0","0","1","0","0","0","0","1",574544.81220000004,5936379.69280000031,10.12570738700,53.57098043000
"02","5","03","511","2018","10","16","1","2","3","6","0","0","1","0","0","0","0","0",573269.22290000005,5936064.78699999955,10.10637471200,53.56833009600
"02","5","04","512","2018","10","14","3","3","5","3","0","0","1","0","0","1","0","0",573283.53110000002,5936572.15450000018,10.10670978000,53.57288775200
"02","5","04","512","2018","10","17","1","3","3","7","0","0","1","0","1","0","0","0",573202.26040000003,5936338.43510000035,10.10542791400,53.57079868800
"02","5","04","512","2018","10","16","4","2","6","4","0","0","0","1","0","0","1","0",573833.66359999997,5936373.44020000007,10.11496904000,53.57102479900
"02","5","04","512","2018","10","14","2","3","1","6","0","0","1","0","0","0","0","0",574482.77350000001,5936404.43620000035,10.12477663500,53.57121160500
"02","5","04","512","2018","10","17","4","3","5","3","0","1","1","0","0","0","0","1",574543.37789999996,5936610.20969999954,10.12574075900,53.57305224900
"02","5","04","512","2018","11","20","3","3","5","7","2","0","1","0","0","0","0","0",573606.69010000001,5936364.58590000030,10.11154011500,53.57097711900
"02","5","04","512","2018","10","13","7","3","0","7","0","1","0","0","0","0","0","0",574549.00509999995,5936602.36720000021,10.12582385000,53.57298097000
"02","5","04","512","2018","10","19","5","3","5","3","1","1","1","0","0","0","0","0",574458.34290000005,5936377.08499999996,10.12440126200,53.57096927300
"02","5","04","512","2018","11","17","4","3","4","6","2","0","1","0","1","0","0","0",575242.36719999998,5936695.82430000044,10.13631513000,53.57372186400
"02","5","04","512","2018","11","04","1","3","8","1","2","0","1","0","0","0","0","0",574480.75919999997,5936399.02630000003,10.12474493300,53.57116327400
"02","5","04","512","2018","11","10","2","3","6","4","0","1","0","1","0","0","0","1",574421.36399999994,5936215.25899999961,10.12380439700,53.56952021600
"02","5","04","512","2018","11","14","5","3","5","3","0","1","1","0","0","0","0","0",575731.50109999999,5936323.93090000004,10.14361026100,53.57030936100
"02","5","18","526","2018","11","13","3","3","5","3","0","0","1","0","0","0","0","0",576224.79989999998,5938164.34329999983,10.15150725500,53.58677722800
"02","5","03","511","2018","11","16","4","3","6","3","0","0","1","1","0","0","0","0",573169.90980000002,5936477.02799999993,10.10497196000,53.57204872000
"02","5","04","512","2018","12","19","6","2","6","4","2","0","1","0","0","0","1","1",575199.87549999997,5936394.83449999988,10.13560107300,53.57102302300
"02","5","18","526","2018","12","15","6","3","5","3","0","0","1","0","0","0","0","1",576042.86739999999,5938066.50650000013,10.14873561400,53.58592441000
"02","5","04","512","2018","12","07","3","2","4","6","1","0","1","0","0","0","0","0",574449.57019999996,5936303.47470000014,10.12425126500,53.57030899400
"02","5","18","526","2018","12","16","6","3","6","7","2","1","0","1","0","0","0","1",576070.35719999997,5938089.31250000000,10.14915635500,53.58612537400
"02","5","04","512","2018","12","16","2","3","4","2","0","0","1","0","0","0","1","1",575166.79740000004,5936206.15660000034,10.13505625400,53.56933215300
"02","5","08","516","2018","06","08","5","3","5","3","0","1","0","0","0","1","0","0",569738.54009999998,5940118.01970000006,10.05397709400,53.60523772200
"02","5","08","516","2018","07","21","5","3","3","6","0","1","0","0","0","0","1","0",569626.37760000001,5939944.62959999964,10.05224353100,53.60369438100
"02","5","02","505","2018","01","16","3","3","1","5","0","0","1","0","0","0","0","0",570464.41170000006,5936345.19330000039,10.06409315100,53.57123427700
"02","5","03","510","2018","03","03","7","3","0","7","2","1","0","0","0","0","0","0",570551.30880000000,5936366.19240000006,10.06540989200,53.57141131800
"02","5","02","505","2018","03","14","7","3","2","6","0","0","1","0","0","0","0","0",570423.20429999998,5936330.24239999987,10.06346761900,53.57110544600
"02","5","02","505","2018","04","18","7","3","2","6","1","0","1","0","0","0","0","1",570625.94250000000,5936425.43690000009,10.06655013500,53.57193370700
"02","5","02","505","2018","06","10","3","2","5","2","0","0","1","0","1","0","0","0",570531.76199999999,5937199.95940000005,10.06530312100,53.57890701300
"02","5","03","510","2018","07","19","2","3","3","2","0","1","1","0","0","0","0","0",570576.36899999995,5936354.77699999977,10.06578567900,53.57130535700
"02","5","02","505","2018","09","12","3","3","4","6","0","1","0","0","0","0","0","0",570627.76859999995,5936426.47879999969,10.06657794200,53.57194282500
"02","5","02","505","2018","08","22","4","1","6","4","2","0","1","1","0","0","0","0",570587.52940000000,5936403.52109999955,10.06596520000,53.57174191900
"02","5","03","510","2018","09","20","2","3","5","4","2","1","0","1","0","0","0","0",570575.11069999996,5936355.41100000031,10.06576682400,53.57131122400
"02","5","02","505","2018","10","15","2","3","5","3","0","0","1","0","0","0","0","0",570501.84800000000,5936363.47860000003,10.06466250300,53.57139357800
"02","5","02","505","2018","10","19","6","3","2","6","2","1","1","0","0","0","0","0",570524.13529999997,5937193.74010000005,10.06518654500,53.57885214600
"02","5","03","510","2018","12","18","1","3","6","4","2","0","1","1","0","0","0","1",570517.48210000002,5936366.19010000024,10.06489916400,53.57141584500
"02","5","01","503","2018","03","05","6","3","6","4","2","0","1","1","0","0","0","0",569386.69149999996,5935668.35570000019,10.04767099900,53.56529513400
"02","5","01","503","2018","12","14","5","3","5","3","0","0","1","0","0","0","0","1",569635.16980000003,5935645.16239999980,10.05141691500,53.56505378000
"02","5","01","501","2018","12","16","3","3","6","4","2","0","1","1","0","0","0","1",569224.97109999997,5935681.11380000040,10.04523245400,53.56543115000
"02","5","03","510","2018","01","07","2","3","3","2","2","1","1","0","0","0","0","0",570534.81059999997,5936182.10360000003,10.06511921900,53.56975912800
"02","5","03","510","2018","02","15","2","3","6","7","0","1","0","1","0","0","0","0",570476.15749999997,5935820.29030000046,10.06415205100,53.56651538800
"02","5","03","510","2018","05","07","2","2","5","3","0","1","0","0","0","0","1","0",571251.77700000000,5935875.09300000034,10.07587373300,53.56690315500
"02","5","03","510","2018","07","14","4","3","2","6","0","0","1","0","0","0","1","0",571249.56759999995,5935889.40720000025,10.07584364300,53.56703209600
"02","5","03","510","2018","08","07","5","3","5","3","0","1","1","0","0","0","0","0",571336.85360000003,5935755.75609999988,10.07713085400,53.56581911700
"02","5","03","510","2018","08","16","4","3","2","6","0","0","1","0","0","0","0","0",571266.18850000005,5935857.55840000045,10.07608729800,53.56674361500
"02","5","03","510","2018","10","07","3","3","3","6","0","0","1","0","0","0","0","1",571303.26150000002,5935833.93819999974,10.07664158300,53.56652630400
"02","5","03","510","2018","11","05","5","3","2","6","2","0","1","0","0","0","1","1",570988.97069999995,5936201.43730000034,10.07198039700,53.56987162900
"02","5","03","510","2018","11","16","5","3","5","2","0","1","0","0","0","0","1","0",570383.61210000003,5936126.14630000014,10.06282385000,53.56927654400