ULAND,UREGBEZ,UKREIS,UGEMEINDE,UJAHR,UMONAT,USTUNDE,UWOCHENTAG,UKATEGORIE,UART,UTYP1,ULICHTVERH,IstRad,IstPKW,IstFuss,IstKrad,IstGkfz,IstSonstig,STRZUSTAND,LINREFX,LINREFY,XGCSWGS84,YGCSWGS84
"02","5","03","510","2018","11","18","5","3","4","2","2","1","1","0","0","0","0","0",570383.11369999999,5936127.71430000011,10.06281667900,53.56929070200
"02","5","15","523","2018","01","16","4","3","0","7","1","1","0","0","0","0","1","1",574629.16630000004,5950140.99540000036,10.13028173800,53.69463748900
"02","5","15","523","2018","05","17","6","3","5","3","0","1","1","0","0","0","0","0",574698.74349999998,5949934.68829999957,10.13128556800,53.69277353900
"02","5","15","523","2018","10","02","1","3","8","1","2","0","1","0","0","0","0","0",574527.83829999994,5950411.24710000027,10.12881240200,53.69708061000
"02","5","15","523","2018","10","11","1","3","5","3","0","1","1","0","0","0","0","0",574577.97730000003,5950298.86199999973,10.12954461300,53.69606348900
"02","5","10","518","2018","01","12","3","3","5","3","0","1","1","0","0","0","0","0",573801.76480000000,5945201.38850000035,10.11657864400,53.65036428700
"02","5","10","518","2018","01","21","6","3","2","2","2","0","1","0","0","0","0","1",573090.62950000004,5945361.44060000032,10.10585942600,53.65190247700
"02","5","10","518","2018","02","09","3","3","6","7","0","0","1","1","0","0","0","1",572913.83519999997,5944991.25530000031,10.10309823600,53.64860037600
"02","5","10","518","2018","03","07","4","3","5","3","0","1","1","0","0","0","0","1",573269.38890000002,5944903.22449999955,10.10845548000,53.64775959100
"02","5","10","518","2018","03","18","7","3","6","6","1","1","0","1","0","0","0","0",575238.10109999997,5945618.34360000025,10.13840586600,53.65390672400
"02","5","10","518","2018","04","11","7","2","8","1","0","0","1","0","0","0","0","1",574542.59829999995,5944276.27230000030,10.12756283900,53.64194550100
"02","5","10","518","2018","04","13","6","3","2","6","0","0","1","0","0","1","1","1",573170.51980000001,5945595.04009999987,10.10712291900,53.65399061100
"02","5","10","518","2018","04","13","5","3","0","7","0","0","1","0","0","1","0","0",573484.77930000005,5945511.36220000032,10.11185712300,53.65319456500
"02","5","10","518","2018","04","15","2","2","6","2","0","0","1","1","0","0","0","0",573430.21050000004,5945583.20129999984,10.11104861900,53.65384782800
"02","5","10","518","2018","05","15","3","3","0","3","0","0","1","0","0","1","0","0",574517.27969999996,5944304.21069999970,10.12718663600,53.64220018200
"02","5","10","518","2018","04","13","4","3","5","3","0","0","1","0","0","0","0","0",572818.83999999997,5945401.93479999993,10.10175758400,53.65230429300
"02","5","10","518","2018","05","17","5","3","2","6","0","1","1","0","0","0","0","0",574631.08620000002,5945288.01209999993,10.12914394000,53.65102509500
"02","5","10","518","2018","06","13","3","2","6","4","0","1","0","1","0","0","0","0",573458.49950000003,5945584.45909999963,10.11147685900,53.65385515900
"02","5","10","518","2018","06","14","5","3","5","3","0","0","1","0","0","0","1","1",573718.55000000005,5945333.36440000031,10.11535121700,53.65156205300
"02","5","10","518","2018","06","08","4","3","5","3","0","1","1","0","0","0","0","0",574422.27359999996,5944610.51800000016,10.12582314400,53.64496639900
"02","5","10","518","2018","07","11","3","3","2","6","0","0","1","0","1","0","0","0",573070.75719999999,5945532.82739999983,10.10559911900,53.65344546600
"02","5","10","518","2018","07","17","6","3","0","1","0","0","1","0","0","0","0","0",573495.67039999994,5945519.67810000014,10.11202384200,53.65326776700
"02","5","10","518","2018","07","07","4","3","5","3","0","0","0","0","1","0","1","0",573159.97679999995,5945560.98770000041,10.10695541200,53.65368606500
"02","5","10","518","2018","06","14","3","3","2","6","0","0","1","0","0","0","0","0",572886.92160000000,5945545.09939999972,10.10282103500,53.65358140000
"02","5","10","518","2018","08","07","3","3","4","2","0","0","1","0","0","0","0","0",573178.61459999997,5945642.83000000007,10.10725662900,53.65441895500
"02","5","10","518","2018","08","07","4","3","8","7","0","0","1","0","0","0","0","0",574640.86270000006,5944016.28060000017,10.12898651000,53.63959502400
"02","5","17","525","2018","07","14","6","3","4","2","0","0","1","0","0","0","0","0",575326.99060000002,5945548.97119999956,10.13973371800,53.65327050500
"02","5","10","518","2018","08","16","3","3","3","6","0","0","1","0","0","1","0","0",572936.34900000005,5945036.59399999958,10.10344941200,53.64900468700
"02","5","10","518","2018","07","16","1","3","6","4","0","0","1","1","0","0","0","0",573378.47519999999,5945541.22290000040,10.11025607800,53.65347783800
"02","5","10","518","2018","07","03","7","2","7","1","1","0","1","0","0","0","0","0",573841.39780000004,5945137.54430000018,10.11716297500,53.64978494300
"02","5","10","518","2018","08","21","1","2","8","1","2","0","0","1","1","0","0","0",572951.98340000003,5945506.92779999971,10.10379629600,53.65322929000
"02","5","10","518","2018","09","08","6","3","5","2","0","0","1","0","1","0","0","0",573463.43000000005,5945519.01910000015,10.11153597500,53.65326637400
"02","5","10","518","2018","09","17","3","3","5","3","0","1","1","0","0","0","0","0",574100.81380000000,5944480.95320000034,10.12093040700,53.64384765800
"02","5","10","518","2018","09","08","5","3","5","2","0","1","1","0","0","0","0","0",572950.39919999999,5945510.95779999997,10.10377327700,53.65326572800
"02","5","10","518","2018","08","05","6","3","4","2","2","0","1","0","0","0","0","0",574257.43259999994,5944544.50200000033,10.12331427200,53.64439655100
"02","5","10","518","2018","09","15","2","3","2","7","0","0","1","0","0","0","1","0",573377.84950000001,5945551.11149999965,10.11024894800,53.65356679200
"02","5","10","518","2018","10","17","2","3","5","3","0","1","1","0","0","0","0","1",574170.31299999997,5945285.19039999973,10.12217339400,53.65106526900
"02","5","10","518","2018","10","14","3","3","5","3","0","0","1","0","1","0","0","0",573087.54269999999,5945536.09399999958,10.10585380900,53.65347247700
"02","5","10","518","2018","10","07","3","3","5","3","0","0","1","0","1","0","0","1",574491.40560000006,5944338.94489999954,10.12680365500,53.64251601200
"02","5","10","518","2018","10","17","6","3","2","6","0","0","1","0","0","0","0","0",573030.91960000002,5945526.26730000041,10.10499493700,53.65339207500
"02","5","10","518","2018","11","07","5","3","2","6","1","0","1","0","0","0","0","1",573407.57039999997,5945581.58829999994,10.11070574900,53.65383651000
"02","5","10","518","2018","11","07","6","3","2","6","0","0","1","0","0","0","0","0",573293.20160000003,5945569.74859999958,10.10897283600,53.65374614700
"02","5","10","518","2018","11","15","7","3","2","6","0","0","1","0","0","0","0","0",573051.29590000003,5945529.62270000018,10.10530396600,53.65341938400
"02","5","10","518","2018","11","15","4","3","6","4","0","0","1","1","0","0","0","0",573483.42200000002,5944995.32459999993,10.11171458100,53.64855725400
"02","5","10","518","2018","12","16","6","3","6","2","2","0","0","1","0","0","1","1",574254.35930000001,5944546.65099999961,10.12326830500,53.64441630000
"02","5","10","518","2018","12","14","2","3","5","2","0","1","1","0","0","0","0","1",574848.69700000004,5944790.43709999975,10.13231580000,53.64652245300
"02","5","10","518","2018","12","13","6","3","6","4","0","0","1","1","0","0","0","1",573748.02260000003,5944345.14439999964,10.11556260400,53.64267701800
"02","5","10","518","2018","12","21","5","3","5","3","2","0","1","0","0","0","0","1",573785.07149999996,5945227.86029999983,10.11633242100,53.65060453700
"02","5","10","518","2018","12","10","4","3","5","3","0","0","1","0","0","0","0","0",572987.09999999998,5945137.57629999984,10.10424077600,53.64990511400
"02","5","03","511","2018","01","09","4","3","2","6","0","0","1","0","0","0","0","1",572056.91940000001,5936103.07170000020,10.08808126300,53.56884204200
"02","5","03","511","2018","01","10","4","3","5","3","0","0","1","0","0","0","0","0",571922.33860000002,5936410.92329999991,10.08612034900,53.57162715400
"02","5","03","511","2018","03","08","5","3","6","4","0","0","1","1","0","0","0","2",572270.19970000000,5936102.07739999983,10.09130098900,53.56880377300
"02","5","03","511","2018","04","16","6","3","5","3","0","0","1","0","0","0","0","0",572627.68920000002,5936137.21899999958,10.09670627200,53.56907022700
"02","5","03","511","2018","05","14","2","3","2","6","0","0","1","0","0","0","0","0",571946.29469999997,5936108.78369999956,10.08641244200,53.56890855600
"02","5","03","511","2018","04","08","4","3","5","3","0","1","1","0","0","0","0","1",572797.16980000003,5936177.35400000028,10.09927433200,53.56940743000
"02","5","03","511","2018","05","19","2","3","6","4","0","1","0","1","0","0","0","0",572847.78619999997,5936206.80389999971,10.10004538000,53.56966506800
"02","5","03","511","2018","05","10","7","3","5","3","0","0","1","0","1","0","0","0",572349.78150000004,5936434.30609999970,10.09257942200,53.57177852200
"02","5","03","511","2018","06","22","5","3","2","6","1","0","1","0","0","0","0","0",571856.19460000005,5936424.42219999991,10.08512479200,53.57175753100
"02","5","03","511","2018","06","07","3","3","5","3","0","1","1","0","0","0","0","0",572845.70360000001,5936206.12710000016,10.10001378000,53.56965927500
"02","5","03","511","2018","08","16","4","3","1","5","0","1","1","0","0","0","0","0",572906.69600000000,5936225.88829999976,10.10093922800,53.56982839500
"02","5","03","511","2018","08","05","2","3","3","2","0","0","1","0","1","0","0","0",572496.93180000002,5936453.02830000035,10.09480549100,53.57192646400
"02","5","03","511","2018","10","17","5","3","0","7","0","1","1","0","0","0","0","0",571832.07200000004,5935906.39460000023,10.08464143800,53.56710534400
"02","5","03","511","2018","11","09","4","2","6","4","0","0","0","1","0","0","1","1",572042.86360000004,5936103.86139999982,10.08786924000,53.56885107000
"02","5","17","525","2018","01","15","5","3","6","3","0","0","1","1","0","0","0","0",577176.81909999996,5945082.71119999979,10.16760042000,53.64881077400
"02","5","17","525","2018","01","17","3","2","6","3","2","0","1","1","0","0","0","0",577158.26000000001,5945243.25000000000,10.16735955700,53.65025620600
"02","5","17","525","2018","01","08","4","3","2","6","2","0","1","0","0","0","0","1",576797.44949999999,5945234.07019999996,10.16189967300,53.65022680100
"02","5","17","525","2018","01","10","4","3","6","4","0","0","1","1","0","0","0","1",576873.45220000006,5945157.75009999983,10.16303041300,53.64952978100
"02","5","17","525","2018","01","14","6","3","5","3","0","1","1","0","0","0","0","0",576705.12699999998,5945553.97559999954,10.16058216000,53.65311520700
"02","5","17","525","2018","02","11","2","3","2","6","0","0","1","0","0","0","0","2",576593.10510000004,5944732.13640000019,10.15868508600,53.64574607600
"02","5","17","525","2018","03","11","2","2","4","2","0","0","1","0","0","0","0","1",576641.39720000001,5945941.69149999972,10.15971374900,53.65660879400
"02","5","17","525","2018","03","16","4","3","0","3","0","0","1","0","1","0","0","0",576798.39040000003,5945233.84310000017,10.16191384900,53.65022462200
"02","5","17","525","2018","03","14","7","3","4","6","0","1","1","0","0","0","0","1",578370.60569999996,5946229.40519999992,10.18594607700,53.65893809100
"02","5","17","525","2018","04","09","1","3","5","3","0","0","1","0","0","0","0","0",576540.82730000000,5945066.14140000008,10.15797665300,53.64875530000
"02","5","17","525","2018","04","16","7","2","5","7","0","1","1","0","0","0","0","0",577178.59560000000,5945134.56080000009,10.16764016500,53.64927646200
"02","5","17","525","2018","04","08","4","3","0","2","0","1","1","0","0","0","0","1",575747.94270000001,5945053.94749999978,10.14598088200,53.64876111600
"02","5","17","525","2018","04","00","4","3","5","3","2","0","1","0","0","0","0","1",577231.26580000005,5944954.46590000018,10.16839208800,53.64765025300
"02","5","17","525","2018","06","08","6","3","5","3","0","0","1","0","0","0","0","0",577167.55390000006,5945999.02489999961,10.16768781600,53.65704666000
"02","5","17","525","2018","05","18","2","2","6","4","0","0","1","1","0","0","0","0",576471.38100000005,5944007.15699999966,10.15666579300,53.63924876400
"02","5","17","525","2018","06","13","7","3","1","6","0","0","1","0","0","0","0","0",576590.90639999998,5944810.05889999960,10.15867102900,53.64644665700
"02","5","17","525","2018","05","12","5","2","1","5","0","0","1","0","0","0","1","0",576196.81830000004,5943860.80470000021,10.15247797400,53.63797359400
"02","5","17","525","2018","05","14","7","3","2","6","0","0","1","0","0","0","0","0",577239.36670000001,5944948.31969999988,10.16851308700,53.64759382400
"02","5","17","525","2018","06","19","5","3","5","3","1","0","1","0","1","0","0","0",577182.09649999999,5945172.42860000022,10.16770252100,53.64961624800
"02","5","17","525","2018","06","17","6","3","5","3","0","1","1","0","0","0","0","0",578459.88899999997,5944625.77300000004,10.18689199200,53.64451364400
"02","5","17","525","2018","06","15","5","2","5","3","0","0","1","0","1","0","0","0",578247.90729999996,5946107.47730000038,10.18405906400,53.65786075600
"02","5","17","525","2018","06","12","6","3","6","4","0","0","1","1","0","0","0","0",576908.81240000005,5945277.17140000034,10.16359481100,53.65059777400
"02","5","17","525","2018","06","16","3","2","6","4","0","1","0","1","0","0","0","0",576010.99470000004,5945124.82940000016,10.14997701500,53.64935995300
"02","5","17","525","2018","07","08","6","3","5","3","0","1","1","0","0","0","0","0",576693.90130000003,5944818.78330000024,10.16023094200,53.64650997300
"02","5","17","525","2018","07","13","4","2","6","4","0","0","1","1","0","0","0","0",576959.88179999997,5944850.73469999991,10.16426171300,53.64675805200
"02","5","17","525","2018","07","17","1","3","1","5","0","0","1","0","0","0","0","0",577168.24029999995,5945947.36120000016,10.16768536800,53.65658228000
"02","5","17","525","2018","07","11","7","3","2","6","0","0","1","0","0","0","0","0",576569.36739999999,5945624.45089999959,10.15854588500,53.65376843000
"02","5","17","525","2018","08","15","4","3","5","3","0","1","1","0","0","0","0","0",576961.10970000003,5944850.98680000007,10.16428034700,53.64676013700
"02","5","17","525","2018","08","15","7","2","5","3","0","1","1","0","0","0","0","0",576314.24840000004,5946870.91069999989,10.15499284200,53.66500715200
"02","5","17","525","2018","08","13","7","3","1","7","0","0","1","0","0","0","1","1",576868.76480000000,5945149.95550000016,10.16295758500,53.64946042300
"02","5","17","525","2018","09","09","3","3","5","3","0","0","1","0","0","0","0","0",578250.40159999998,5946111.58279999997,10.18409783300,53.65789727700
"02","5","17","525","2018","09","07","4","3","4","2","0","0","1","0","0","0","0","0",577237.01210000005,5944948.64709999971,10.16847755500,53.64759711300
"02","5","17","525","2018","09","12","7","3","5","3","0","1","1","0","0","0","0","0",576653.02240000002,5945932.38460000046,10.15988732200,53.65652345300
"02","5","17","525","2018","09","17","3","2","8","1","0","0","1","0","0","0","0","0",576301.02760000003,5945581.49149999954,10.15447608400,53.65342158100
"02","5","17","525","2018","09","13","2","2","0","3","0","1","1","0","0","0","0","0",578311.00390000001,5945473.20830000006,10.18485377300,53.65215144600
"02","5","17","525","2018","09","10","1","3","5","2","0","1","1","0","0","0","0","0",576782.07290000003,5945317.81500000041,10.16168777600,53.65098163900
"02","5","17","525","2018","10","14","4","2","2","7","0","0","1","0","0","0","0","0",576336.63049999997,5944018.54459999967,10.15463087800,53.63937077200
"02","5","17","525","2018","10","15","5","3","6","4","0","0","1","1","0","0","0","0",576963.99179999996,5944851.57830000017,10.16432408400,53.64676502900
"02","5","17","525","2018","10","13","4","3","5","3","0","1","1","0","0","0","0","0",576693.74849999999,5944816.26570000034,10.16022801000,53.64648737100
"02","5","17","525","2018","10","09","3","2","3","3","0","0","0","0","1","0","1","0",576611.06400000001,5945603.38740000036,10.15917144800,53.65357303500
"02","5","17","525","2018","10","16","3","3","6","4","1","0","1","1","0","0","0","0",577174.31209999998,5945207.18360000011,10.16759340600,53.64992972400
"02","5","17","525","2018","11","12","2","2","6","4","0","0","1","1","0","0","0","0",577177.96499999997,5945079.45500000007,10.16761694400,53.64878134300
"02","5","17","525","2018","11","14","1","2","6","7","0","0","1","1","0","0","0","0",576887.48959999997,5945158.70710000023,10.16324297500,53.64953631800
"02","5","17","525","2018","11","10","5","3","5","3","0","1","1","0","0","0","0","0",576693.91550000000,5944819.01599999983,10.16023121500,53.64651206200
"02","5","17","525","2018","12","15","6","3","5","3","0","1","1","0","0","0","0","1",577397.81680000003,5944999.45079999976,10.17092237500,53.64802990100
"02","5","17","525","2018","12","17","4","3","2","6","1","0","1","0","0","0","0","0",576697.35719999997,5945554.69280000031,10.16046480300,53.65312279100
"02","5","17","525","2018","12","15","4","3","2","6","0","0","1","0","0","0","0","1",576709.98789999995,5945566.10209999979,10.16065868500,53.65322347000
"02","5","17","525","2018","12","07","2","2","5","2","2","1","1","0","0","0","0","1",576698.03009999997,5945676.69440000039,10.16050509400,53.65421907200
"02","5","17","525","2018","12","15","7","2","6","4","0","0","1","1","0","0","0","1",576595.55940000003,5946040.11550000031,10.15904456700,53.65750000500
"02","5","02","506","2018","05","14","2","3","3","7","0","0","1","0","0","0","1","0",571540.35380000004,5937465.17540000007,10.08059460100,53.58115389800
"02","5","02","506","2018","08","19","7","3","5","3","1","0","1","0","0","0","0","0",571206.65139999997,5937416.95899999980,10.07554410900,53.58076599300
"02","5","01","501","2018","01","08","3","3","4","2","0","0","1","0","0","0","0","1",568892.56090000004,5935851.82430000044,10.04025193000,53.56700908600
"02","5","01","501","2018","02","15","3","3","0","7","0","0","0","0","1","0","0","1",568938.21560000000,5935824.93620000035,10.04093523900,53.56676144400
"02","5","01","501","2018","05","15","2","3","5","3","0","0","1","0","0","0","1","0",569032.62730000005,5935672.00019999966,10.04232675700,53.56537458400
"02","5","01","501","2018","05","19","4","3","0","3","0","1","0","0","0","0","0","0",568948.96770000004,5936125.56799999997,10.04116392500,53.56946183500
"02","5","01","501","2018","05","11","4","3","5","3","0","0","1","0","0","0","0","0",569044.90390000003,5935673.85900000017,10.04251249900,53.56538967400
"02","5","01","501","2018","06","10","6","3","6","5","0","0","1","1","0","0","0","0",569048.48089999997,5935626.21520000044,10.04255596800,53.56496102400
"02","5","01","501","2018","06","18","6","3","0","7","0","1","1","0","0","0","0","0",568872.51989999996,5935887.69930000044,10.03995728300,53.56733412900
"02","5","01","501","2018","06","14","2","3","5","2","0","1","1","0","0","0","0","0",568896.33790000004,5935860.46769999992,10.04031085700,53.56708626900
"02","5","01","501","2018","07","06","3","3","5","3","0","0","1","0","0","0","0","0",569008.15419999999,5935827.24039999954,10.04199159700,53.56677295900
"02","5","01","501","2018","07","11","6","3","4","6","0","1","0","0","0","0","0","0",569009.34909999999,5935821.23070000019,10.04200830900,53.56671879300
"02","5","01","501","2018","08","07","6","3","3","2","0","1","1","0","0","0","0","0",568900.03060000006,5935828.40749999974,10.04035953400,53.56679765600
"02","5","01","501","2018","08","17","4","3","2","6","0","1","1","0","0","0","0","0",569034.39800000004,5935672.21520000044,10.04235353500,53.56537628300
"02","5","01","501","2018","07","12","2","3","5","3","0","0","1","0","0","0","1","0",569086.27209999994,5936014.02830000035,10.04321224000,53.56844135800
"02","5","01","501","2018","08","08","5","3","3","2","0","0","1","0","1","0","0","0",568894.42350000003,5935810.66280000005,10.04027097100,53.56663892000
"02","5","01","501","2018","09","12","5","3","2","6","0","0","1","0","0","0","0","0",569069.55880000000,5935860.55979999993,10.04292597700,53.56706432500
"02","5","01","501","2018","09","11","3","3","2","7","0","0","1","0","0","0","0","0",569098.44689999998,5935867.85539999977,10.04336371200,53.56712608700
"02","5","01","501","2018","11","08","3","3","5","3","0","1","1","0","0","0","0","0",569050.27830000001,5935573.78529999964,10.04257151400,53.56448959600
"02","5","01","501","2018","11","14","5","3","5","3","0","1","1","0","0","0","0","0",569039.59270000004,5935669.25370000023,10.04243130200,53.56534898400
"02","5","18","526","2018","01","08","3","3","0","7","1","1","0","0","0","0","0","0",576140.96109999996,5940585.70309999958,10.15083230500,53.60854946800
"02","5","18","526","2018","01","20","2","3","5","2","2","0","1","0","0","0","0","1",576471.17240000004,5941247.29250000045,10.15598456500,53.61444686400
"02","5","18","526","2018","01","19","3","3","6","2","2","0","1","1","0","0","0","1",576186.32649999997,5940676.85950000025,10.15154011700,53.60936206700
"02","5","18","526","2018","01","08","5","2","5","3","1","1","1","0","0","0","0","1",576513.33970000001,5939655.96870000008,10.15623111900,53.60013999300
"02","5","18","526","2018","01","06","4","3","0","7","2","0","1","0","0","0","0","1",577293.50580000004,5942400.64670000039,10.16869891800,53.62469092700
"02","5","18","526","2018","01","20","6","3","5","3","2","0","1","0","0","0","0","1",576487.16110000003,5941243.08210000023,10.15622517200,53.61440669200
"02","5","18","526","2018","01","17","4","3","1","6","2","0","1","0","0","0","0","1",579078.94700000004,5940271.63470000029,10.19514836200,53.60529188500
"02","5","18","526","2018","02","07","5","3","5","3","1","1","1","0","0","0","0","0",577649.46340000001,5940443.04719999991,10.17359180300,53.60704608300
"02","5","18","526","2018","01","13","2","3","5","3","0","0","1","0","0","0","0","1",576941.97900000005,5939570.83600000013,10.16268602800,53.59931218200
"02","5","18","526","2018","02","15","5","3","2","2","0","0","1","0","0","0","1","0",576475.84409999999,5941245.05439999979,10.15605462000,53.61442606900
"02","5","18","526","2018","01","10","7","3","5","3","0","0","1","0","0","0","0","0",577350.64460000000,5942481.95650000032,10.16958287900,53.62541318900
"02","5","18","526","2018","02","08","2","3","4","6","0","1","0","0","0","1","0","2",576533.10210000002,5938083.39589999989,10.15614379700,53.58600486900
"02","5","18","526","2018","02","06","5","3","3","2","2","1","1","0","0","0","0","0",576327.65590000001,5941260.69280000031,10.15381885000,53.61458821900
"02","5","18","526","2018","01","11","5","3","3","2","0","1","1","0","0","0","0","0",577582.65240000002,5940436.82290000003,10.17258070600,53.60700004400
"02","5","18","526","2018","01","16","5","3","3","6","2","0","1","0","0","0","1","0",576601.94779999997,5941207.26339999959,10.15795115800,53.61406802800
"02","5","18","526","2018","02","14","3","3","1","5","0","0","1","0","0","0","0","0",577396.76220000000,5939447.06960000005,10.16952605700,53.59813297600
"02","5","18","526","2018","02","11","4","1","0","7","0","1","0","0","0","0","0","0",576287.37749999994,5940041.31280000042,10.15291155900,53.60363590300
"02","5","18","526","2018","02","16","3","3","2","2","0","0","1","0","0","0","0","2",578333.48360000004,5939977.09159999993,10.18381053600,53.60275691600
"02","5","18","526","2018","02","16","7","3","2","6","0","0","1","0","0","0","0","1",576330.95649999997,5941263.30549999978,10.15386937300,53.61461121800
"02","5","18","526","2018","02","08","4","3","5","3","0","0","1","0","0","0","1","2",576829.38329999999,5939266.80370000005,10.16091003800,53.59659645900
"02","5","18","526","2018","02","12","6","3","2","6","0","0","1","0","0","0","0","1",577545.00710000005,5941352.53019999992,10.17223979200,53.61523473100
"02","5","18","526","2018","03","19","5","3","5","3","2","0","1","0","0","0","0","2",576955.44730000000,5939570.25960000046,10.16288936200,53.59930502400
"02","5","18","526","2018","02","07","4","3","2","6","0","0","1","0","0","0","0","0",576331.64350000001,5941263.84939999972,10.15387989000,53.61461600600
"02","5","18","526","2018","02","19","3","3","2","2","2","0","1","0","0","0","0","1",576128.12939999998,5940560.01420000009,10.15063212700,53.60832047400
"02","5","18","526","2018","04","17","2","3","0","3","0","1","1","0","0","0","0","0",576455.02489999996,5938260.39759999979,10.15500796500,53.58760692200
"02","5","18","526","2018","03","07","3","3","1","6","0","0","1","0","0","0","0","0",576262.90610000002,5940064.62069999985,10.15254751500,53.60384892600
"02","5","18","526","2018","03","10","3","3","0","1","0","0","0","0","1","0","0","0",577770.11589999998,5940430.82820000034,10.17541187100,53.60691838100
"02","5","18","526","2018","03","15","3","3","3","2","0","0","1","0","0","0","0","0",576223.00520000001,5941420.57089999970,10.15227636000,53.61604023100
"02","5","18","526","2018","04","16","5","2","4","2","0","0","1","0","0","0","0","0",576370.98400000005,5941038.77340000030,10.15441927100,53.61258758700
"02","5","18","526","2018","03","17","6","3","8","1","0","0","1","0","0","0","0","0",577310.98140000005,5938983.13019999955,10.16811511400,53.59397637200
"02","5","18","526","2018","04","12","3","3","5","3","0","1","0","0","0","0","0","0",575751.31700000004,5938318.36149999965,10.14439344700,53.58822996600
"02","5","18","526","2018","04","09","2","3","5","3","0","1","1","0","0","0","0","0",576332.80220000003,5941264.76659999974,10.15389762600,53.61462407900
"02","5","18","526","2018","04","16","5","3","5","3","0","0","1","0","0","0","0","0",576276.11340000003,5939245.04030000046,10.15254654200,53.59648168000
"02","5","18","526","2018","04","18","4","3","5","3","0","1","1","0","0","0","0","0",576098.23679999996,5941694.89140000008,10.15045766300,53.61852360300
"02","5","18","526","2018","04","08","2","3","5","3","0","1","1","0","0","0","0","0",576511.68160000001,5939969.83530000038,10.15628310600,53.60296085600
"02","5","18","526","2018","04","23","7","3","3","6","2","0","1","0","1","0","0","0",576261.22860000003,5939692.24619999994,10.15243106600,53.60050275300
"02","5","18","526","2018","04","15","6","3","2","6","0","0","1","0","0","0","0","0",576727.54650000005,5942457.83380000014,10.16015749000,53.62528808200
"02","5","18","526","2018","05","12","4","3","6","4","0","0","1","1","0","0","0","0",578107.70189999999,5943213.93649999984,10.18121103500,53.63187879400
"02","5","18","526","2018","05","13","3","2","8","1","0","0","1","0","0","0","0","0",578872.47219999996,5940195.67910000030,10.19200935500,53.60464042400
"02","5","18","526","2018","05","18","3","2","4","3","0","0","1","0","1","0","0","0",576893.44059999997,5938633.70239999983,10.16172164600,53.59089758700
"02","5","18","526","2018","05","19","2","3","2","2","0","0","1","0","0","0","0","0",576328.80649999995,5941261.60360000003,10.15383646300,53.61459623700
"02","5","18","526","2018","05","14","2","3","5","7","0","1","1","0","0","0","0","0",576655.14980000001,5938356.91930000018,10.15805429500,53.58844511500
"02","5","18","526","2018","05","13","1","3","6","4","0","0","1","1","0","0","0","0",576421.03619999997,5942800.27390000038,10.15560802400,53.62841029500
"02","5","18","526","2018","05","00","7","3","4","6","2","0","1","0","0","0","0","0",578375.81440000003,5938996.67870000005,10.18420365300,53.59394000700
"02","5","18","526","2018","05","18","6","3","5","3","0","1","0","0","0","0","0","0",577130.54240000003,5939847.10030000005,10.16560315400,53.60176715900
"02","5","18","526","2018","06","17","7","2","9","7","0","0","1","0","0","0","0","0",576184.20700000005,5940672.55190000031,10.15150703500,53.60932366500
"02","5","18","526","2018","05","17","4","3","4","2","0","1","1","0","0","0","0","0",576734.35860000004,5940090.33760000020,10.15967722300,53.60401121200
"02","5","18","526","2018","05","14","2","2","2","6","0","0","1","0","1","0","0","0",577049.02150000003,5940272.54140000045,10.16447665300,53.60560244400
"02","5","18","526","2018","06","11","4","3","2","7","0","0","0","0","1","0","1","0",576255.01210000005,5939195.59509999957,10.15221567700,53.59604040100
"02","5","18","526","2018","06","16","5","3","0","7","0","0","0","0","1","0","0","0",578082.71010000003,5942993.80300000031,10.18077793800,53.62990427900
"02","5","18","526","2018","06","18","3","3","4","6","0","1","0","0","0","0","0","0",576906.04070000001,5940210.00439999998,10.16230077700,53.60506145000
"02","5","18","526","2018","06","18","3","3","5","3","0","1","1","0","0","0","0","0",577036.20409999997,5940268.00650000013,10.16428186100,53.60556357500
"02","5","18","526","2018","06","10","1","3","2","7","0","0","1","0","0","0","0","0",576508.48160000006,5941236.55279999971,10.15654578900,53.61434490200
"02","5","18","526","2018","06","19","3","3","3","2","0","0","1","0","1","0","0","0",576543.26139999996,5938306.63260000013,10.15635200100,53.58800954900
"02","5","18","526","2018","06","10","4","3","5","3","0","1","1","0","0","0","0","0",576829.41579999996,5939273.77010000031,10.16091224600,53.59665905900
"02","5","18","526","2018","06","13","1","3","6","4","0","1","0","1","0","0","0","0",578759.63399999996,5940246.75200000033,10.19031732900,53.60511636600
"02","5","18","526","2018","07","17","2","3","0","6","0","0","0","0","0","0","1","0",577167.57380000001,5940291.50789999962,10.16627267600,53.60575544400
"02","5","18","526","2018","07","11","3","3","5","2","0","1","1","0","0","0","0","0",577353.60780000000,5939123.21999999974,10.16879377000,53.59522902300
"02","5","18","526","2018","07","15","2","3","5","2","0","1","1","0","0","0","0","0",576396.68510000000,5941088.67100000009,10.15481991800,53.61303225300
"02","5","18","526","2018","07","14","4","3","2","6","0","0","1","0","1","0","0","0",576405.27980000002,5941259.07110000029,10.15499160400,53.61456232900
"02","5","18","526","2018","07","16","1","2","5","2","0","1","1","0","0","0","0","0",576465.49690000003,5941224.30040000007,10.15589314600,53.61424107000