ULAND,UREGBEZ,UKREIS,UGEMEINDE,UJAHR,UMONAT,USTUNDE,UWOCHENTAG,UKATEGORIE,UART,UTYP1,ULICHTVERH,IstRad,IstPKW,IstFuss,IstKrad,IstGkfz,IstSonstig,STRZUSTAND,LINREFX,LINREFY,XGCSWGS84,YGCSWGS84
"02","5","18","526","2018","07","11","1","3","2","6","0","0","1","0","1","0","0","0",576438.79110000003,5941253.03220000025,10.15549658800,53.61450317100
"02","5","18","526","2018","07","15","6","3","2","6","0","0","1","0","1","0","0","0",578627.06270000001,5940558.14699999988,10.18839278200,53.60793465000
"02","5","18","526","2018","07","17","3","3","2","6","0","0","1","0","0","0","0","0",576962.54139999999,5941224.42839999963,10.16340506900,53.61416943000
"02","5","18","526","2018","06","13","7","3","5","3","0","1","0","0","0","0","1","0",576256.19730000000,5940079.72599999979,10.15244984400,53.60398564900
"02","5","18","526","2018","06","16","6","3","2","6","0","0","1","0","1","0","0","0",576691.54810000001,5941938.75189999957,10.15948542800,53.62062855100
"02","5","18","526","2018","06","17","6","3","6","4","0","0","1","1","0","0","0","0",576338.96710000001,5940022.31799999997,10.15368639400,53.60345769000
"02","5","18","526","2018","06","14","5","2","5","3","0","0","1","0","1","0","0","0",577050.36120000004,5942851.53600000031,10.16513495900,53.62877873200
"02","5","18","526","2018","06","19","4","3","4","2","0","0","1","0","0","0","0","0",577649.02159999998,5940437.92470000032,10.17358385100,53.60700011400
"02","5","18","526","2018","06","09","4","3","4","2","0","1","0","0","0","0","1","0",577112.34210000001,5942884.62860000040,10.16608020400,53.62906699700
"02","5","18","526","2018","06","09","4","3","4","2","0","1","1","0","0","0","0","0",576511.51240000001,5939969.00629999954,10.15628034600,53.60295343000
"02","5","18","526","2018","06","07","4","3","5","7","0","0","1","0","1","0","0","0",577289.14199999999,5942395.04399999976,10.16863156000,53.62464122200
"02","5","18","526","2018","07","15","2","3","5","2","0","1","1","0","0","0","0","0",576185.06850000005,5940674.30269999988,10.15152048200,53.60933927300
"02","5","18","526","2018","07","08","6","3","6","2","0","0","1","1","0","0","0","0",577700.30059999996,5941282.98240000010,10.17456945700,53.61458672000
"02","5","18","526","2018","08","15","7","3","2","6","0","0","1","0","1","0","0","0",576941.63399999996,5939572.00299999956,10.16268110400,53.59932272000
"02","5","18","526","2018","08","08","4","3","0","1","0","1","0","0","0","0","0","0",576507.10190000001,5939651.64549999963,10.15613581700,53.60010205200
"02","5","18","526","2018","08","13","5","3","2","6","0","0","1","0","0","0","1","0",576353.32010000001,5939522.64809999987,10.15378087200,53.59896521800
"02","5","18","526","2018","07","21","2","3","1","5","0","0","1","0","0","0","0","0",576532.10959999997,5942638.32760000043,10.15724743200,53.62693871700
"02","5","18","526","2018","08","14","7","3","2","6","0","0","1","0","0","0","0","1",576422.76320000004,5941139.47149999999,10.15522649200,53.61348497700
"02","5","18","526","2018","08","06","3","3","5","3","0","1","1","0","0","0","0","0",576127.77850000001,5941934.18219999969,10.15096267900,53.62066973900
"02","5","18","526","2018","07","04","1","3","5","3","2","1","1","0","0","0","0","0",576829.42599999998,5939275.95990000013,10.16091293900,53.59667873600
"02","5","18","526","2018","09","11","1","3","5","3","0","1","1","0","0","0","0","0",576914.55759999994,5942331.05860000011,10.16295322400,53.62412136300
"02","5","18","526","2018","09","13","6","3","8","7","0","1","0","0","0","0","0","0",576713.34600000002,5939879.39329999965,10.15930781700,53.60211860100
"02","5","18","526","2018","08","12","1","2","6","4","0","0","1","1","0","0","0","0",577732.50069999998,5941344.70880000014,10.17507150700,53.61513665400
"02","5","18","526","2018","09","16","1","3","0","7","0","0","0","0","1","0","0","0",576977.58950000000,5941978.52510000020,10.16381889000,53.62094401300
"02","5","18","526","2018","08","17","7","3","2","6","0","0","1","0","0","0","0","0",576330.80400000000,5941263.18479999993,10.15386703900,53.61461015500
"02","5","18","526","2018","08","12","7","3","2","3","0","0","1","0","0","0","0","1",576157.14009999996,5941145.24670000002,10.15121356800,53.61357556000
"02","5","18","526","2018","09","03","7","2","0","5","2","0","1","0","0","1","0","0",576828.22820000001,5938990.17129999958,10.16082443400,53.59411062100
"02","5","18","526","2018","09","17","3","3","1","6","0","0","1","0","0","0","0","0",576407.36280000000,5939517.41909999959,10.15459605100,53.59891035100
"02","5","18","526","2018","09","09","5","3","5","3","0","0","1","0","0","1","0","0",576148.64910000004,5941145.27460000012,10.15108525100,53.61357704500
"02","5","18","526","2018","08","14","4","3","5","3","0","1","1","0","0","0","0","0",576429.00800000003,5940272.42839999963,10.15510818300,53.60569222900
"02","5","18","526","2018","08","18","4","2","0","7","0","1","0","0","0","0","0","0",578921.53989999997,5938843.55950000044,10.19240848100,53.59248211400
"02","5","18","526","2018","08","19","4","3","5","3","0","0","1","0","0","0","0","0",576898.15870000003,5938604.17640000023,10.16178563200,53.59063155400
"02","5","18","526","2018","08","14","5","3","2","7","0","1","1","0","0","0","0","0",576847.82149999996,5941076.87509999983,10.16163489500,53.61286026200
"02","5","18","526","2018","09","07","3","3","6","4","0","0","1","1","0","0","0","0",576410.52769999998,5939985.20689999964,10.15475852700,53.60311375400
"02","5","18","526","2018","09","16","5","3","1","6","0","0","1","0","0","0","0","0",576431.58900000004,5941328.21899999958,10.15540619000,53.61517990000
"02","5","18","526","2018","09","17","6","3","2","6","0","0","1","0","0","0","0","1",578353.58580000000,5940472.30640000012,10.18423875900,53.60720420400
"02","5","18","526","2018","09","06","4","3","5","3","1","1","1","0","0","0","0","1",576333.24300000002,5941265.11550000031,10.15390437400,53.61462715100
"02","5","18","526","2018","09","14","3","3","2","6","0","0","1","0","0","1","1","0",576199.20189999999,5940702.98620000016,10.15174107200,53.60959498800
"02","5","18","526","2018","09","14","5","3","5","3","0","1","1","0","0","0","0","0",577036.21279999998,5940268.00970000029,10.16428199300,53.60556360200
"02","5","18","526","2018","09","10","4","2","3","2","0","1","1","0","0","0","0","0",577018.53170000005,5942804.93340000045,10.16464221800,53.62836461500
"02","5","18","526","2018","09","07","3","3","5","3","0","1","1","0","0","0","0","0",576993.57460000005,5939244.14580000006,10.16338485100,53.59636874800
"02","5","18","526","2018","09","06","6","3","5","3","0","1","1","0","0","0","0","0",576333.04370000004,5941264.95779999997,10.15390132300,53.61462576200
"02","5","18","526","2018","09","16","2","3","0","7","0","1","0","0","0","0","0","0",576300.81359999999,5941241.92520000041,10.15340857800,53.61442347200
"02","5","18","526","2018","10","14","3","3","4","6","0","1","0","0","0","0","0","0",576256.21039999998,5940079.79640000034,10.15245005900,53.60398627900
"02","5","18","526","2018","10","13","7","2","5","3","0","0","1","0","0","0","1","0",576123.36820000003,5942781.32909999974,10.15110317600,53.62828340800
"02","5","18","526","2018","10","14","5","3","5","2","0","0","1","0","0","0","0","0",576473.36410000001,5941240.08029999956,10.15601591800,53.61438173000
"02","5","18","526","2018","10","14","4","3","6","6","0","1","0","1","0","0","0","0",576693.77480000001,5939981.96740000043,10.15903735800,53.60304326600
"02","5","18","526","2018","10","16","4","3","4","2","0","1","1","0","0","0","0","0",576734.05339999998,5942482.45270000026,10.16026192400,53.62550836900
"02","5","18","526","2018","10","11","5","3","1","6","0","0","1","0","0","0","0","0",576163.92839999998,5940631.68319999985,10.15119060600,53.60895933900
"02","5","18","526","2018","10","20","7","3","6","4","1","0","0","0","0","0","1","0",578104.03940000001,5940426.61450000014,10.18045653500,53.60683084600
"02","5","18","526","2018","10","12","5","3","5","3","0","1","1","0","0","0","0","1",576737.76980000001,5940866.13690000027,10.15991981300,53.61098256200
"02","5","18","526","2018","11","13","6","3","5","2","0","1","1","0","0","0","0","0",577720.05900000001,5940431.97360000014,10.17465577500,53.60693610200
"02","5","18","526","2018","10","15","2","3","0","3","0","1","0","0","0","0","1","0",577772.43880000000,5942908.65130000003,10.17606578000,53.62918524000
"02","5","18","526","2018","10","06","3","3","2","2","2","1","1","0","0","0","0","0",576489.89419999998,5941242.24509999994,10.15626627200,53.61439877100
"02","5","18","526","2018","10","09","2","3","2","6","0","1","0","0","0","0","0","0",576359.26229999994,5939796.31219999958,10.15393767500,53.60142368800
"02","5","18","526","2018","11","16","6","3","6","4","0","1","0","1","0","0","0","0",576356.57849999995,5941522.29810000025,10.15432010100,53.61693496500
"02","5","18","526","2018","10","00","4","2","6","4","2","0","0","1","0","0","1","1",576671.49630000000,5939932.58249999955,10.15868860100,53.60260271900
"02","5","18","526","2018","10","15","5","3","5","3","0","0","1","0","0","0","1","0",576845.22129999998,5941804.25949999969,10.16177506900,53.61939739000
"02","5","18","526","2018","10","17","5","3","0","6","0","0","1","0","1","0","0","0",578057.34439999994,5940016.03699999955,10.17964812400,53.60314810600
"02","5","18","526","2018","10","15","6","3","5","3","0","1","1","0","0","0","0","1",576331.00360000005,5941263.34279999975,10.15387009400,53.61461154600
"02","5","18","526","2018","11","06","5","3","5","3","2","1","1","0","0","0","0","1",576328.60600000003,5941261.44479999971,10.15383339400,53.61459483900
"02","5","18","526","2018","11","09","4","3","4","2","0","0","1","0","0","0","0","1",576432.24399999995,5941157.97090000007,10.15537431400,53.61364984100
"02","5","18","526","2018","11","08","4","3","2","6","0","0","1","0","0","0","0","1",576427.34279999998,5938255.79399999976,10.15458873600,53.58756958700
"02","5","18","526","2018","11","23","4","3","4","6","2","0","1","0","0","0","0","1",576813.53300000005,5942049.75899999961,10.16135666500,53.62160825500
"02","5","18","526","2018","12","16","4","3","1","7","1","0","1","0","0","0","0","1",577179.13199999998,5938558.02900000010,10.16601822500,53.59017555600
"02","5","18","526","2018","12","16","6","3","8","1","2","0","1","0","0","0","0","1",578811.88329999999,5940158.96700000018,10.19108460200,53.60431962400
"02","5","18","526","2018","12","15","2","3","5","3","0","0","1","0","0","0","1","1",576100.18039999995,5941690.32369999960,10.15048592400,53.61848227200
"02","5","18","526","2018","12","13","5","3","5","3","0","1","1","0","0","0","0","1",576972.28960000002,5938490.21520000044,10.16287723600,53.58959654300
"02","5","18","526","2018","12","16","7","3","6","2","2","0","1","1","0","0","0","1",577997.05660000001,5938975.78529999964,10.17847699700,53.59380873600
"02","5","18","526","2018","12","11","1","3","4","6","0","0","1","0","0","0","0","1",577630.87780000002,5941253.48869999964,10.17351290700,53.61433196500
"02","5","18","526","2018","12","13","4","3","4","2","0","1","1","0","0","0","0","1",576733.81969999999,5940090.62019999977,10.15966915000,53.60401383100
"02","5","18","526","2018","12","17","7","3","5","3","2","0","1","0","0","0","0","1",576218.57889999996,5941418.78639999963,10.15220902500,53.61602483800
"02","5","18","526","2018","12","19","7","3","5","3","2","0","1","0","0","0","0","1",576834.19720000005,5939275.85960000008,10.16098499200,53.59667713600
"02","5","18","526","2018","12","08","2","3","6","4","1","0","1","1","0","0","0","1",577010.26370000001,5942794.88599999994,10.16451473500,53.62827553900
"02","5","18","526","2018","12","19","1","3","5","3","2","0","1","0","0","0","0","1",576829.97409999999,5939282.28399999999,10.16092277800,53.59673548900
"02","5","18","526","2018","12","10","6","3","5","3","0","1","1","0","0","0","0","0",576279.08400000003,5941227.71190000046,10.15307669200,53.61429890600
"02","5","12","520","2018","02","19","3","3","6","2","2","0","1","1","0","0","0","0",569702.26249999995,5943997.86490000039,10.05429757700,53.64011058000
"02","5","12","520","2018","03","16","3","3","4","7","0","0","1","0","0","0","0","0",569104.92680000002,5946475.20210000034,10.04581494200,53.66245349100
"02","5","12","520","2018","04","08","5","3","5","2","0","1","1","0","0","0","0","0",569352.49800000002,5944706.99309999961,10.04916627700,53.64652994500
"02","5","12","520","2018","04","09","2","2","6","4","0","0","0","1","0","1","0","0",569158.56740000006,5944749.58679999970,10.04624250400,53.64693840200
"02","5","12","520","2018","04","08","7","3","1","5","0","0","1","0","0","1","0","0",569414.10999999999,5944719.34399999958,10.05010093000,53.64663277100
"02","5","12","520","2018","04","20","4","3","5","3","1","0","1","0","0","0","0","0",569348.74479999999,5944729.08870000020,10.04911443700,53.64672901400
"02","5","12","520","2018","06","11","6","2","4","6","0","0","1","0","0","1","0","0",569061.22230000002,5947046.64910000004,10.04528073900,53.66759481600
"02","5","12","520","2018","06","07","5","3","5","3","0","1","0","0","0","0","0","0",569454.19030000002,5943835.54000000004,10.05050974900,53.63868475600
"02","5","12","520","2018","07","07","6","3","5","3","0","1","1","0","0","0","0","0",569102.18420000002,5947940.56610000040,10.04609960700,53.67562295800
"02","5","12","520","2018","11","17","4","3","5","3","2","0","1","0","0","0","0","0",569352.30099999998,5944705.59819999989,10.04916298600,53.64651743500
"02","6","11","612","2018","06","13","7","3","1","5","0","1","1","0","0","0","0","0",572066.40549999999,5928317.38489999995,10.08643182000,53.49887076800
"02","6","11","612","2018","07","18","2","3","5","7","0","0","1","0","1","0","0","0",572272.69059999997,5928113.45210000034,10.08949405100,53.49700971200
"02","6","01","601","2018","04","13","1","3","2","6","0","0","1","0","0","0","0","0",579474.35510000004,5927786.92540000007,10.19794988200,53.49303665200
"02","6","01","601","2018","03","17","4","3","2","6","0","0","1","0","0","0","0","0",577504.65489999996,5930046.07270000037,10.16882503600,53.51363298500
"02","6","01","601","2018","02","19","7","3","3","6","2","0","1","0","0","0","0","1",578217.75490000006,5929416.02130000014,10.17941936500,53.50786526400
"02","6","01","601","2018","03","08","6","2","6","5","0","0","0","1","0","0","1","0",577390.09239999996,5930129.95959999971,10.16711846400,53.51440373400
"02","6","01","601","2018","02","15","3","3","2","6","0","0","1","0","0","0","0","0",579758.86410000001,5927595.27539999969,10.20218865400,53.49127129800
"02","6","01","601","2018","07","11","5","3","1","6","0","0","1","0","0","1","0","0",577330.14890000003,5930168.52799999993,10.16622418100,53.51475916000
"02","6","01","601","2018","07","18","3","2","2","7","0","0","1","0","1","0","0","0",577683.56129999994,5929890.50019999966,10.17148388900,53.51220848600
"02","6","01","601","2018","08","17","3","3","5","3","0","1","1","0","0","0","0","0",579619.67150000005,5927688.51460000034,10.20011479700,53.49213029300
"02","6","01","601","2018","11","07","6","2","3","3","1","0","1","0","0","0","1","0",577364.41599999997,5930146.55520000029,10.16673542400,53.51455665400
"02","6","01","601","2018","12","07","5","3","3","2","1","1","0","0","0","0","1","0",579769.64729999995,5927586.65089999977,10.20234895500,53.49119215800
"02","6","02","602","2018","06","16","4","3","3","2","0","1","1","0","0","0","0","0",579832.47600000002,5927485.41500000004,10.20326997300,53.49027285200
"02","6","01","601","2018","12","10","4","3","6","4","0","0","1","1","0","0","0","1",579842.27330000000,5927422.63650000002,10.20340163500,53.48970719400
"02","6","01","601","2018","09","17","6","3","2","6","0","0","1","0","0","0","0","1",578502.39300000004,5929227.73819999956,10.18366317700,53.50613079800
"02","6","01","601","2018","11","10","6","3","2","6","0","0","1","0","0","0","0","0",578273.02870000002,5929385.08090000041,10.18024490100,53.50757898600
"02","6","01","601","2018","10","17","2","3","5","3","0","1","1","0","0","0","0","0",579761.39890000003,5927593.31589999981,10.20222635300,53.49125330500
"02","6","01","601","2018","11","18","4","3","6","4","2","0","1","1","0","0","0","0",577391.92520000006,5930128.77500000037,10.16714580500,53.51439281800
"02","6","01","601","2018","07","14","3","3","5","3","0","1","0","0","0","0","1","0",579763.40610000002,5927591.72829999961,10.20225619600,53.49123873300
"02","6","01","601","2018","08","18","5","3","3","6","0","0","1","0","0","0","0","0",577328.94160000002,5930169.29959999956,10.16620616800,53.51476627200
"02","6","01","601","2018","12","17","6","3","1","6","2","0","1","0","0","0","0","1",577331.01760000002,5930167.97269999981,10.16623714100,53.51475404200
"02","6","01","601","2018","06","18","6","3","2","6","0","0","1","0","1","0","0","0",578376.00950000004,5929317.40830000024,10.18178042200,53.50695549200
"02","6","01","601","2018","05","16","4","3","4","2","0","0","1","0","0","0","0","0",577463.54150000005,5930082.00260000024,10.16821404000,53.51396193800
"02","6","01","601","2018","08","16","1","3","4","6","0","0","1","0","0","0","0","0",576897.59060000000,5930400.40270000044,10.15975910100,53.51690642100
"02","6","01","601","2018","05","14","3","3","3","6","0","0","1","0","0","1","0","0",579820.58869999996,5927522.65270000044,10.20310031800,53.49060930000
"02","6","02","602","2018","01","17","3","3","5","3","0","1","1","0","0","0","0","0",579110.07609999995,5927365.66440000013,10.19235405900,53.48930578800
"02","6","01","601","2018","01","03","1","3","8","1","2","0","1","0","0","0","0","1",580348.83649999998,5928660.38540000003,10.21135181500,53.50075332900
"02","6","01","601","2018","01","09","1","3","5","3","0","0","1","0","0","0","0","1",580288.50109999999,5929577.77130000014,10.21067732800,53.50900677400
"02","6","01","601","2018","01","20","4","3","0","1","2","0","0","0","1","0","0","1",578845.69189999998,5928814.75140000042,10.18873438500,53.50236804000
"02","6","01","601","2018","02","17","5","3","5","3","2","0","1","0","0","0","0","0",580936.26410000003,5929132.20990000013,10.22032754900,53.50490338000
"02","6","01","601","2018","01","01","1","3","5","3","2","0","1","0","0","0","0","1",579504.06059999997,5927772.78259999957,10.19839395400,53.49290506700
"02","6","01","601","2018","02","11","6","3","5","3","0","0","1","0","0","0","0","0",580143.51190000004,5928351.96679999959,10.20817825600,53.49801299600
"02","6","01","601","2018","02","19","6","3","5","3","2","0","1","0","0","0","0","1",579759.77220000001,5927554.16189999972,10.20219188800,53.49090168600
"02","6","10","611","2018","03","17","3","2","0","6","1","0","1","0","0","0","1","0",577912.12670000002,5928303.07079999987,10.17453543800,53.49790879800
"02","6","01","601","2018","03","05","7","3","9","7","1","0","1","0","0","0","0","2",580128.82070000004,5928133.00640000030,10.20790090600,53.49604750800
"02","6","01","601","2018","02","12","1","3","5","3","0","0","1","0","0","0","0","0",580142.33680000005,5928121.05759999994,10.20810155200,53.49593806900
"02","6","01","601","2018","03","16","4","3","6","4","0","0","1","1","0","0","0","1",578679.08319999999,5929168.68620000035,10.18631187500,53.50557370900
"02","6","01","601","2018","02","12","3","2","6","2","0","0","1","1","0","0","0","1",580249.29590000003,5929701.88829999976,10.21011807000,53.51012815500
"02","6","02","602","2018","03","09","7","3","5","3","0","0","1","0","0","0","0","0",578443.32250000001,5927640.30929999985,10.18237570300,53.49187377500
"02","6","01","601","2018","02","23","6","3","8","1","2","0","1","0","0","0","0","0",580220.17489999998,5929966.16129999980,10.20974668900,53.51250752700
"02","6","01","601","2018","03","18","4","3","5","3","2","1","0","0","0","0","1","0",577481.25650000002,5930261.19670000020,10.16852544500,53.51556970500
"02","6","01","601","2018","03","17","3","3","0","7","0","1","0","0","0","0","0","0",577004.98770000006,5929650.74179999996,10.16119427200,53.51015364400
"02","6","01","601","2018","03","13","2","3","5","3","0","1","0","0","0","0","1","0",578949.29579999996,5929014.33040000033,10.19034627100,53.50414606100
"02","6","02","602","2018","04","04","1","2","9","1","2","0","1","0","0","0","0","0",578271.40980000002,5928106.91999999993,10.17990147600,53.49609270100
"02","6","01","601","2018","03","14","1","3","2","6","0","0","1","0","0","0","0","0",579502.05830000003,5928645.07940000016,10.19858485500,53.50074444600
"02","6","01","601","2018","03","17","4","3","2","6","1","0","1","0","0","0","0","0",579972.91200000001,5927741.80090000015,10.20545151500,53.49255558900
"02","6","01","601","2018","04","15","5","3","1","5","0","0","1","0","0","0","0","1",579179.26969999995,5927711.50169999991,10.19348396500,53.49240332900
"02","6","01","601","2018","03","18","6","3","5","7","1","1","1","0","0","0","0","0",579872.20999999996,5929971.84759999998,10.20450198900,53.51261160400
"02","6","01","601","2018","03","12","6","3","4","2","0","0","1","0","0","0","0","0",580202.34279999998,5930012.36189999990,10.20948966400,53.51292543600
"02","6","01","601","2018","04","07","4","3","5","2","0","1","1","0","0","0","0","0",579478.77309999999,5927752.16839999985,10.19800765600,53.49272363300
"02","6","01","601","2018","04","16","5","2","1","5","0","0","1","0","0","0","0","0",580212.37959999999,5927864.12789999973,10.20909146100,53.49361845000
"02","6","10","611","2018","04","16","3","2","2","6","0","0","1","0","1","0","0","0",575019.80279999995,5928113.25850000046,10.13089738900,53.49662339600
"02","6","02","602","2018","04","08","4","3","1","6","0","0","1","0","1","0","0","0",578546.63089999999,5927479.35690000001,10.18389221700,53.49041192200
"02","6","01","601","2018","04","07","3","3","5","3","0","1","1","0","0","0","0","0",579501.17299999995,5929496.63700000010,10.19878742900,53.50839727000
"02","6","01","601","2018","05","12","1","2","5","3","0","1","1","0","0","0","0","0",580068.23880000005,5928010.74899999984,10.20695668400,53.49495804300
"02","6","02","602","2018","05","08","2","2","3","6","0","1","1","0","0","0","0","0",580059.92530000000,5927358.27089999989,10.20666492000,53.48909569100
"02","6","01","601","2018","05","21","5","3","5","3","1","0","1","0","0","0","0","1",579938.68900000001,5928128.39900000021,10.20503429100,53.49603502700
"02","6","01","601","2018","05","01","7","2","8","1","2","0","1","0","0","0","0","0",577509.77859999996,5930118.66610000003,10.16892024300,53.51428461000
"02","6","01","601","2018","05","16","4","3","1","6","0","0","1","0","0","0","0","0",579824.08589999995,5928346.79150000028,10.20336270200,53.49801505500
"02","6","02","602","2018","05","11","2","3","3","6","0","1","1","0","0","0","0","0",580581.75699999998,5928013.30819999985,10.21469626300,53.49490263900
"02","6","10","611","2018","04","12","7","3","6","4","0","0","1","1","0","0","0","0",574993.83739999996,5928083.20899999980,10.13049887000,53.49635704500
"02","6","02","602","2018","04","08","6","3","5","3","0","1","1","0","0","0","0","0",578819.90949999995,5927486.88439999986,10.18801212300,53.49043870600
"02","6","10","611","2018","05","07","5","2","6","4","0","0","1","1","0","0","0","0",575109.55900000001,5928216.67599999998,10.13227490500,53.49753999300
"02","6","01","601","2018","05","01","1","2","8","5","2","1","1","0","0","0","0","0",579639.41460000002,5928544.82359999977,10.20062970200,53.49982269900
"02","6","01","601","2018","05","17","4","3","5","3","0","0","1","0","0","0","0","0",577326.92900000000,5930128.00250000041,10.16616563100,53.51439544000
"02","6","01","601","2018","04","07","4","3","0","7","0","0","1","0","0","0","1","1",579041.34490000003,5929207.28610000014,10.19178244200,53.50586627400
"02","6","02","602","2018","05","12","4","2","2","6","0","0","1","0","0","0","0","0",580140.64590000000,5927405.82039999962,10.20789338800,53.48951071600
"02","6","01","601","2018","05","16","5","3","5","3","0","1","1","0","0","0","0","0",579050.51699999999,5928102.10599999968,10.19164213000,53.49593294600
"02","6","01","601","2018","05","10","3","3","0","7","0","0","0","0","0","0","1","0",578727.72670000000,5929437.55420000013,10.18711266100,53.50798267400
"02","6","01","601","2018","05","01","1","2","6","4","2","0","1","1","0","0","0","0",579107.05059999996,5929866.77539999969,10.19293934500,53.51178303300
"02","6","01","601","2018","05","14","5","3","5","3","0","1","1","0","0","0","0","0",579371.68319999997,5928740.56579999998,10.19664393900,53.50162224400
"02","6","01","601","2018","05","11","5","3","0","7","0","1","0","0","0","0","0","0",579984.25580000004,5927638.69660000037,10.20559617900,53.49162729800
"02","6","01","601","2018","05","12","3","3","6","3","0","1","0","1","0","0","0","0",579619.28799999994,5928559.61799999978,10.20033010600,53.49995869900
"02","6","01","601","2018","05","12","1","3","4","6","0","1","1","0","0","0","0","0",577129.62549999997,5930341.48919999972,10.16324332600,53.51634298400
"02","6","01","601","2018","05","22","5","2","2","2","2","0","1","0","0","0","0","0",579465.94259999995,5928671.50420000032,10.19804719600,53.50098737600
"02","6","09","610","2018","05","11","4","3","6","7","0","0","1","1","0","1","0","0",574457.50610000000,5927842.90979999956,10.12235859000,53.49427366900
"02","6","01","601","2018","05","13","4","3","5","3","0","1","1","0","0","0","0","0",580034.41220000002,5928952.95110000018,10.20668732900,53.50343045700
"02","6","01","601","2018","06","10","5","2","1","6","0","1","0","0","0","0","1","0",579951.38560000004,5928803.46879999992,10.20539771900,53.50209973600
"02","6","14","615","2018","06","19","3","3","0","7","0","0","0","1","0","0","1","0",576876.06019999995,5927389.36419999972,10.15869624900,53.48984989100
"02","6","01","601","2018","06","18","6","3","5","3","0","1","1","0","0","0","0","0",580310.59699999995,5929444.39869999979,10.21097626200,53.50780482700
"02","6","01","601","2018","06","20","5","3","2","6","0","0","1","1","0","0","0","0",580010.14500000002,5927930.88399999961,10.20606081800,53.49424915900
"02","6","02","602","2018","06","19","4","3","2","6","0","0","1","0","0","0","0","0",578290.06510000001,5928190.02859999985,10.18020337100,53.49683680300
"02","6","01","601","2018","06","14","7","3","5","3","0","0","1","0","0","1","0","0",580312.28659999999,5929433.82450000010,10.21099902400,53.50770954200
"02","6","01","601","2018","06","18","3","3","0","7","0","1","0","0","0","0","1","0",579976.19979999994,5928921.93410000019,10.20580195700,53.50316057300
"02","6","01","601","2018","06","12","1","3","8","1","0","0","1","0","1","0","1","0",580115.40150000004,5929688.06170000043,10.20809597100,53.51002431700
"02","6","01","601","2018","06","17","7","2","6","2","0","0","1","1","0","0","0","0",579908.10660000006,5927661.38439999986,10.20445444500,53.49184275600
"02","6","01","601","2018","07","14","7","3","5","2","0","1","1","0","0","0","0","0",579936.10690000001,5928124.31670000032,10.20499433600,53.49599873300
"02","6","01","601","2018","07","16","5","3","2","6","0","0","1","0","0","0","0","0",578813.95790000004,5929092.53569999989,10.18832587400,53.50486917000
"02","6","01","601","2018","06","18","4","2","3","7","0","0","0","0","1","0","1","0",580278.87260000000,5928368.10749999993,10.21022247600,53.49813740800
"02","6","01","601","2018","07","19","2","3","4","6","0","1","1","0","0","0","0","0",579550.33120000002,5929207.84379999992,10.19945521900,53.50579454100
"02","6","01","601","2018","07","14","4","3","3","6","0","0","1","0","0","0","1","0",580304.28859999997,5929408.56709999964,10.21087198500,53.50748378400
"02","6","01","601","2018","08","12","5","3","5","3","0","1","1","0","0","0","0","0",579170.77390000003,5928879.17329999991,10.19365065400,53.50289815000
"02","6","01","601","2018","07","17","3","3","2","6","0","0","1","0","0","0","0","0",580274.90139999997,5929579.73720000032,10.21047281000,53.50902651700
"02","6","01","601","2018","07","18","3","3","1","6","0","0","1","0","0","0","1","0",578681.29299999995,5929819.41270000022,10.18650851900,53.51142128200
"02","6","01","601","2018","08","12","3","3","1","6","0","0","1","0","0","0","0","0",579078.90859999997,5929862.89800000004,10.19251408400,53.51175242100
"02","6","01","601","2018","08","15","4","3","4","6","0","0","1","0","0","0","0","0",580317.10889999999,5928732.53349999990,10.21089207900,53.50140654500
"02","6","01","601","2018","08","22","6","3","1","5","2","1","1","0","0","0","1","0",579825.69350000005,5929953.76090000011,10.20379606600,53.51245612900
"02","6","01","601","2018","07","19","7","3","0","7","0","0","0","0","1","0","0","1",578024.73979999998,5929950.82459999993,10.17664276000,53.51270008700
"02","6","01","601","2018","08","16","3","3","2","2","0","0","1","0","0","0","0","0",579212.41830000002,5928856.64180000033,10.19427268200,53.50268939500
"02","6","01","601","2018","09","07","2","3","5","3","0","1","1","0","0","0","0","0",579050.23219999997,5928101.99899999984,10.19163781100,53.49593202800
"02","6","01","601","2018","09","11","7","3","2","6","0","0","1","0","0","0","0","0",577947.32290000003,5929967.82699999958,10.17547978200,53.51286436700
"02","6","01","601","2018","09","17","1","3","0","7","0","0","1","0","0","0","0","0",579027.72790000006,5928971.38509999961,10.19151771500,53.50374834400
"02","6","01","601","2018","09","18","2","2","5","3","0","0","1","0","0","0","0","0",578148.02700000000,5929913.95419999957,10.17849235200,53.51235043200
"02","6","01","601","2018","09","16","4","3","5","3","0","0","1","0","0","0","0","0",579888.74410000001,5927658.44840000011,10.20416191700,53.49181931200
"02","6","02","602","2018","08","08","4","3","5","3","0","0","1","0","0","0","0","0",578264.48629999999,5928117.09480000008,10.17979967000,53.49618516900
"02","6","01","601","2018","09","16","5","3","2","6","0","0","1","0","1","0","0","0",578415.17929999996,5929864.53699999955,10.18250777300,53.51186655700
"02","6","01","601","2018","09","12","6","3","1","5","0","1","1","0","0","0","0","0",579489.77269999997,5929073.22290000040,10.19850821100,53.50459390000