ULAND,UREGBEZ,UKREIS,UGEMEINDE,UJAHR,UMONAT,USTUNDE,UWOCHENTAG,UKATEGORIE,UART,UTYP1,ULICHTVERH,IstRad,IstPKW,IstFuss,IstKrad,IstGkfz,IstSonstig,STRZUSTAND,LINREFX,LINREFY,XGCSWGS84,YGCSWGS84
"02","6","01","601","2018","09","19","4","3","1","5","1","0","1","0","1","0","0","0",579944.25419999997,5928117.75030000042,10.20511544900,53.49593848500
"02","6","01","601","2018","09","15","3","3","0","1","0","1","0","0","0","0","0","0",577457.70700000005,5930418.16199999955,10.16820917000,53.51698378800
"02","6","01","601","2018","09","07","7","3","5","3","0","0","0","0","1","0","1","0",579325.13729999994,5929892.01690000016,10.19623370900,53.51197701300
"02","6","01","601","2018","09","11","2","3","5","3","0","0","1","0","0","0","1","0",579326.06039999996,5929882.19110000040,10.19624513900,53.51188857200
"02","6","01","601","2018","09","12","7","2","0","7","0","0","1","0","0","0","0","0",578671.31330000004,5929807.01869999990,10.18635495000,53.51131139400
"02","6","01","601","2018","10","07","2","3","6","4","0","0","1","1","0","0","0","0",579125.05440000002,5929869.25600000005,10.19321140500,53.51180261600
"02","6","01","601","2018","10","11","7","3","2","6","0","0","1","0","0","0","0","0",580263.95990000002,5929716.42850000039,10.21034286500,53.51025658400
"02","6","01","601","2018","10","08","5","3","2","6","0","0","1","0","0","0","0","0",578645.65410000004,5929818.40130000003,10.18597095900,53.51141752400
"02","6","01","601","2018","10","04","3","2","9","4","2","0","1","1","0","0","0","0",579896.30169999995,5929794.81780000031,10.20482008300,53.51101703600
"02","6","01","601","2018","10","17","2","3","5","3","0","1","1","0","0","0","0","0",577351.75349999999,5930106.07000000030,10.16653451000,53.51419468600
"02","6","01","601","2018","10","14","4","3","0","2","0","1","0","0","0","0","1","0",580115.30779999995,5927653.28839999996,10.20757476000,53.49173849200
"02","6","01","601","2018","10","14","2","3","2","6","0","0","1","0","0","0","0","1",580367.26430000004,5929034.54409999959,10.21172545800,53.50411294900
"02","6","01","601","2018","10","07","2","3","5","3","2","0","1","0","0","0","1","0",578479.28440000000,5929850.39549999963,10.18347071600,53.51172990600
"02","6","01","601","2018","10","08","1","3","1","7","0","0","1","0","0","0","0","0",578893.96169999999,5929046.95980000030,10.18952038700,53.50444759600
"02","6","10","611","2018","10","14","4","3","5","1","0","0","1","0","0","0","0","0",577078.40709999995,5929309.26530000009,10.16221718200,53.50707410400
"02","6","02","602","2018","10","15","4","3","6","4","0","0","1","1","0","0","0","0",578273.00219999999,5928090.85379999969,10.17992146600,53.49594808100
"02","6","01","601","2018","10","15","4","3","5","3","0","0","1","0","1","0","0","0",579477.35540000000,5929744.02039999980,10.19849109800,53.51062402800
"02","6","01","601","2018","10","14","4","3","6","4","0","0","1","1","0","0","0","0",579821.83820000000,5928351.12739999965,10.20332992900,53.49805436100
"02","6","01","601","2018","10","14","4","3","6","4","0","0","1","0","0","0","1","0",579984.92920000001,5927640.99720000010,10.20560691300,53.49164787000
"02","6","01","601","2018","11","18","5","3","6","4","2","0","1","1","0","0","0","0",580090.42599999998,5928012.47649999987,10.20729149600,53.49497019100
"02","6","01","601","2018","11","16","3","3","3","2","0","1","1","0","0","0","0","0",578411.59149999998,5928326.80090000015,10.18206911300,53.49804784300
"02","6","01","601","2018","11","07","3","3","5","3","0","0","1","0","0","0","1","0",578608.60780000000,5929491.84750000015,10.18533053900,53.50848841300
"02","6","02","602","2018","11","13","7","3","6","4","0","0","0","1","0","0","1","0",580095.25049999997,5927379.50899999961,10.20720263200,53.48928117600
"02","6","01","601","2018","11","19","3","3","5","3","2","0","1","0","0","0","0","0",578287.22180000006,5929390.37789999973,10.18046018600,53.50762447600
"02","6","02","602","2018","11","09","3","2","0","6","0","1","0","1","0","0","0","1",578771.67649999994,5927507.08880000003,10.18729037400,53.49062750000
"02","6","01","601","2018","11","11","3","3","6","4","0","0","1","1","0","0","0","0",580393.55339999998,5929025.09370000008,10.21211930800,53.50402400400
"02","6","01","601","2018","11","17","2","3","2","6","2","0","1","0","0","0","0","1",580485.80299999996,5929039.26429999992,10.21351347900,53.50413724100
"02","6","01","601","2018","11","14","3","2","6","7","0","0","1","1","0","0","0","0",579491.21849999996,5929214.63250000030,10.19856585600,53.50586448700
"02","6","01","601","2018","11","11","5","3","3","2","0","1","1","0","0","0","0","0",580207.89599999995,5927894.39199999999,10.20903163000,53.49389110800
"02","6","01","601","2018","11","11","5","3","0","2","0","0","1","0","0","0","1","0",580131.81810000003,5927984.71059999987,10.20790820100,53.49471436400
"02","6","02","602","2018","11","10","2","3","6","7","0","0","1","1","0","0","0","0",580154.84100000001,5927436.03749999963,10.20811500400,53.48978010600
"02","6","01","601","2018","11","15","6","3","5","2","0","0","1","0","0","0","0","1",578538.41399999999,5929234.62700000033,10.18420790200,53.50618732800
"02","6","14","615","2018","11","20","5","3","8","7","2","0","1","0","0","0","1","0",576021.28469999996,5927400.68340000045,10.14581843300,53.49007580000
"02","6","14","615","2018","11","02","1","2","9","1","2","0","1","0","0","0","0","1",576509.57100000000,5927366.87079999968,10.15316817400,53.48970116000
"02","6","01","601","2018","11","18","2","3","4","2","2","1","1","0","0","0","0","0",579116.74150000000,5928806.89900000021,10.19281797200,53.50225677100
"02","6","01","601","2018","12","17","6","2","5","3","2","1","1","0","0","0","0","1",578583.06510000001,5927411.81379999965,10.18442432900,53.48979948800
"02","6","01","601","2018","12","18","6","3","6","4","2","0","1","1","0","0","0","1",579478.54819999996,5929735.37280000001,10.19850688800,53.51054613400
"02","6","01","601","2018","12","10","6","3","5","2","0","0","1","0","0","0","1","1",580027.69140000001,5927966.55269999988,10.20633434400,53.49456703400
"02","6","01","601","2018","12","13","2","3","1","5","0","1","1","0","0","0","0","1",579150.05700000003,5929860.23880000040,10.19358607900,53.51171781800
"02","6","01","601","2018","12","23","6","3","8","1","2","0","1","0","0","0","0","0",581057.49939999997,5929240.01229999959,10.22218290500,53.50585348700
"02","6","01","601","2018","12","20","5","3","6","2","2","0","1","1","0","0","0","1",580224.16240000003,5930021.35599999968,10.20982093600,53.51300293400
"02","6","01","601","2018","12","18","3","3","6","4","2","0","1","1","0","0","0","1",580014.52599999995,5927807.54399999976,10.20609538600,53.49314007500
"02","6","02","602","2018","12","16","1","3","0","7","2","1","0","0","0","0","0","1",578235.82479999994,5928112.66100000031,10.17936660700,53.49614958700
"02","6","02","602","2018","12","14","3","3","6","7","0","0","1","1","0","0","0","0",580214.09849999996,5927463.25299999956,10.20901488700,53.49001565300
"02","6","14","615","2018","12","22","2","3","1","5","2","0","1","0","0","1","0","1",577076.31310000003,5927363.16480000038,10.16170739800,53.48958514700
"02","6","02","602","2018","12","12","5","3","6","4","0","0","1","1","0","0","0","0",578496.23999999999,5928118.76800000016,10.18329284800,53.49616567800
"02","6","01","601","2018","12","16","1","3","5","2","2","0","1","0","0","0","1","1",580027.24060000002,5929735.67819999997,10.20677903400,53.51046565600
"02","6","01","601","2018","12","00","7","3","1","5","2","0","1","0","0","1","0","1",578850.37390000001,5928823.08249999955,10.18880705200,53.50244220800
"02","6","02","602","2018","12","11","1","2","5","3","0","1","1","0","0","0","0","0",578258.06480000005,5928116.10140000004,10.17970264400,53.49617719700
"02","6","02","602","2018","12","23","1","3","0","7","2","1","0","0","0","0","0","0",578811.90200000000,5927490.23849999998,10.18789230100,53.49047004700
"02","6","01","601","2018","12","18","7","3","5","3","2","0","1","0","0","0","0","1",579555.64359999995,5929211.23599999957,10.19953616000,53.50582422200
"02","6","03","604","2018","05","10","4","2","0","1","0","0","0","0","1","0","0","0",582345.51379999996,5925899.03830000013,10.24072189000,53.47562947500
"02","6","02","603","2018","11","06","2","3","2","6","2","0","1","0","0","0","0","1",580508.44940000004,5925968.90849999990,10.21306714700,53.47654150400
"02","6","02","603","2018","06","10","1","2","9","1","0","0","0","0","1","0","0","1",580221.86849999998,5925884.92119999975,10.20872867200,53.47583048200
"02","6","03","604","2018","11","19","3","3","2","6","2","0","1","0","0","0","0","0",583069.45440000005,5925540.71329999994,10.25153209400,53.47229563700
"02","6","02","603","2018","01","14","3","3","5","3","0","0","1","0","0","0","0","0",580071.91500000004,5926100.29949999973,10.20652473600,53.47778885300
"02","6","05","606","2018","03","12","4","3","6","4","0","0","1","1","0","0","0","1",581640.34219999996,5922498.44209999964,10.22921648000,53.44517929600
"02","6","03","604","2018","03","20","5","2","6","6","2","0","1","1","0","0","0","0",580174.84609999997,5924542.29499999993,10.20767774300,53.46377184100
"02","6","02","602","2018","03","17","1","3","5","3","0","0","1","0","0","0","0","0",579376.61640000006,5925921.68140000012,10.19600533900,53.47628895400
"02","6","03","604","2018","04","08","3","3","5","3","0","0","1","0","0","0","0","0",582370.21699999995,5921699.17889999971,10.23999383800,53.43788303400
"02","6","05","606","2018","04","16","6","2","6","4","0","0","0","1","1","0","0","0",581173.69600000000,5922586.42889999971,10.22221488700,53.44604208300
"02","6","02","603","2018","04","15","6","3","5","3","0","0","1","0","0","0","0","0",582242.95689999999,5925675.28089999966,10.23911844900,53.47363468600
"02","6","03","604","2018","05","17","5","3","3","2","0","0","1","0","0","0","0","1",582147.64069999999,5925054.77859999985,10.23752048900,53.46807334900
"02","6","02","602","2018","05","08","4","3","5","3","0","0","1","0","0","0","0","0",579377.86439999996,5925921.85170000046,10.19602418200,53.47629029600
"02","6","02","603","2018","07","17","2","3","2","6","0","0","1","0","0","0","0","0",582343.67189999996,5926088.43750000000,10.24074380100,53.47733181800
"02","6","02","602","2018","08","15","3","3","5","3","0","0","1","0","0","0","0","0",579372.68870000006,5925915.64670000039,10.19594464800,53.47623531400
"02","6","05","606","2018","07","16","1","3","2","2","0","1","1","0","0","0","0","0",579611.39080000005,5924425.05669999961,10.19916274100,53.46280371700
"02","6","05","606","2018","08","08","3","3","5","3","0","0","1","0","0","0","0","0",579631.55079999997,5924438.37959999964,10.19946970700,53.46292039900
"02","6","05","606","2018","07","09","3","3","4","6","0","1","1","0","0","0","0","0",581047.95220000006,5922642.53349999990,10.22033651300,53.44656563100
"02","6","03","604","2018","08","07","3","3","0","1","0","0","0","0","1","0","0","0",580408.86520000000,5924516.65639999975,10.21119536300,53.46350576000
"02","6","05","606","2018","08","03","7","3","3","6","2","1","1","0","0","0","0","0",581911.25939999998,5921720.98880000040,10.23309216700,53.43815054100
"02","6","03","604","2018","09","14","4","3","4","2","0","0","1","0","0","0","0","0",582281.07709999999,5925893.42140000034,10.23974978300,53.47558907300
"02","6","02","603","2018","10","09","2","3","8","1","0","0","1","0","0","0","0","0",580034.81960000005,5925944.54739999957,10.20592622600,53.47639479400
"02","6","03","604","2018","11","07","3","3","6","4","0","0","1","1","0","0","0","1",579898.06140000001,5925403.66789999977,10.20372854400,53.47155483100
"02","6","02","603","2018","11","07","2","3","6","4","1","0","0","1","0","0","1","1",582349.76710000006,5926110.17030000035,10.24084131800,53.47752616800
"02","6","03","604","2018","11","06","4","3","1","5","2","0","1","0","0","0","0","0",579780.46790000005,5924748.35470000003,10.20179094800,53.46568353200
"02","6","05","606","2018","11","09","5","2","6","4","0","0","1","1","0","0","0","1",581445.73840000003,5922494.08330000006,10.22628604000,53.44517023300
"02","6","03","604","2018","12","06","5","3","1","5","2","0","1","0","0","0","0","1",581879.22840000002,5923645.41349999979,10.23311090000,53.45544968600
"02","6","03","604","2018","12","10","3","3","8","1","0","0","1","0","0","0","0","1",582059.31090000004,5924585.15550000034,10.23606755400,53.46386679200
"02","6","07","608","2018","01","09","7","3","5","3","0","0","1","0","0","0","0","1",573374.34909999999,5923671.80150000006,10.10506022600,53.45693995400
"02","6","06","607","2018","02","10","4","2","6","6","0","0","1","1","0","0","0","0",575148.91009999998,5921037.35630000010,10.13115133100,53.43301405300
"02","6","07","608","2018","03","19","3","3","0","6","2","0","1","1","0","0","0","0",573743.16689999995,5923966.60149999987,10.11068283600,53.45953783900
"02","6","06","607","2018","04","08","3","2","1","6","0","0","1","0","0","0","0","0",575281.08799999999,5920805.46740000043,10.13308502900,53.43091121000
"02","6","07","608","2018","07","15","1","2","6","4","0","0","1","1","0","0","0","0",573445.98080000002,5921495.29059999995,10.10563073500,53.43736950400
"02","6","07","608","2018","07","19","1","3","5","3","0","0","1","0","0","1","0","0",573378.20250000001,5923667.85610000044,10.10511732800,53.45690396000
"02","6","07","608","2018","07","19","2","3","1","7","0","1","1","0","0","0","0","0",573819.83810000005,5921093.61760000046,10.11116331800,53.43370742200
"02","6","09","610","2018","09","22","3","3","9","7","2","0","1","0","0","0","0","0",574460.59089999995,5926565.09449999966,10.12210191500,53.48278955300
"02","6","07","608","2018","09","17","1","3","0","7","0","0","0","0","1","0","0","0",571900.37490000005,5925115.03699999955,10.08319586200,53.47011371000
"02","6","07","608","2018","09","16","4","3","9","1","0","0","1","0","0","0","0","0",572914.35439999995,5926098.36270000041,10.09869689800,53.47881148700
"02","6","07","608","2018","10","14","4","3","0","7","0","1","0","0","0","0","0","0",573766.52450000006,5921204.74380000029,10.11038702200,53.43471358400
"02","6","07","608","2018","11","18","2","3","8","1","2","0","1","0","0","0","0","1",573710.23640000005,5923325.70270000026,10.11003672000,53.45378265900
"02","6","07","608","2018","12","03","1","3","9","7","2","0","1","0","0","0","0","1",572309.53760000004,5923131.76209999993,10.08890257800,53.45223378300
"02","6","06","607","2018","02","16","7","3","0","6","1","0","1","0","0","0","0","1",577861.35349999997,5918532.42210000008,10.17135123200,53.41010888800
"02","6","06","607","2018","02","17","3","2","2","6","2","0","1","0","0","0","0","0",578538.07019999996,5918064.57170000020,10.18141292500,53.40580408700
"02","6","06","607","2018","02","12","7","3","4","6","0","0","1","0","0","0","1","0",578893.94819999998,5921571.46549999993,10.18764300200,53.43726697400
"02","6","06","607","2018","04","10","5","3","1","6","0","0","1","0","0","0","0","0",578087.58019999997,5918402.89709999971,10.17472174300,53.40891143100
"02","6","06","607","2018","04","18","2","3","5","3","0","0","1","0","1","0","0","0",578136.32920000004,5917430.47860000003,10.17521405400,53.40016516500
"02","6","06","607","2018","04","22","1","2","5","3","2","0","1","0","0","0","0","0",576309.75260000001,5919618.18269999977,10.14827687900,53.42009325500
"02","6","06","607","2018","05","11","7","3","2","6","0","1","0","0","0","0","0","0",580028.08799999999,5917720.14070000034,10.20373383400,53.40248492800
"02","6","06","607","2018","05","18","5","3","9","7","0","0","1","0","0","0","0","0",575851.55989999999,5919834.04239999969,10.14143565400,53.42209926700
"02","6","05","606","2018","06","19","7","3","8","1","0","0","0","0","1","0","0","0",580727.86869999999,5920633.68879999965,10.21500307800,53.42856178600
"02","6","06","607","2018","05","11","4","3","8","7","0","0","1","0","0","0","0","0",576921.34320000000,5922887.23049999960,10.15827642300,53.44938314800
"02","6","06","607","2018","05","21","5","3","0","7","0","0","1","0","0","0","0","0",577164.93319999997,5921321.65290000010,10.16155969600,53.43527783100
"02","6","06","607","2018","06","18","4","3","5","3","0","1","1","0","0","0","0","0",577940.84880000004,5922314.04430000018,10.17348257000,53.44408220100
"02","6","05","606","2018","06","15","6","3","1","5","0","0","1","0","0","0","0","0",578460.02549999999,5922992.18429999985,10.18146662200,53.45009950900
"02","6","06","607","2018","08","10","2","3","0","7","0","1","0","0","0","0","0","1",578242.69770000002,5918051.57870000042,10.17696757600,53.40573118900
"02","6","06","607","2018","09","19","3","3","5","3","0","1","1","0","0","0","0","0",575692.00000000000,5919983.79000000004,10.13907104700,53.42346797000
"02","6","06","607","2018","08","12","3","2","8","1","0","0","1","0","0","0","0","0",574463.94629999995,5920192.12860000040,10.12064350800,53.42551511900
"02","6","06","607","2018","09","16","6","3","5","3","0","0","1","0","0","0","0","1",577949.22380000004,5922313.21700000018,10.17360843000,53.44407352800
"02","6","06","607","2018","10","16","5","3","5","3","0","0","1","0","0","0","0","0",579848.74679999996,5919637.91229999997,10.20152260400,53.41974677200
"02","6","06","607","2018","10","23","7","3","1","5","2","0","0","0","0","0","1","0",579041.29059999995,5918383.46480000019,10.18906078300,53.40859482100
"02","6","06","607","2018","10","17","1","2","6","4","0","0","1","1","0","0","0","0",577669.49840000004,5917469.88489999995,10.16820396500,53.40058819600
"02","6","06","607","2018","11","11","5","3","5","3","0","0","1","0","0","0","0","0",576860.48650000000,5918839.53949999996,10.15637237600,53.41301566300
"02","6","05","606","2018","02","14","4","3","5","2","0","0","1","0","0","0","0","0",583281.65399999998,5919475.24670000002,10.25312295500,53.41775419100
"02","6","05","606","2018","06","12","1","2","1","5","0","1","1","0","0","0","0","0",583136.02269999997,5919162.72939999960,10.25084981600,53.41496867500
"02","6","05","606","2018","08","05","1","3","8","7","1","0","1","0","0","0","0","0",583135.97499999998,5920339.48599999957,10.25115954000,53.42554378000
"02","6","04","605","2018","10","08","6","3","5","3","0","0","1","0","0","0","0","0",583580.10800000001,5920239.20399999991,10.25781517700,53.42457239200
"02","6","05","606","2018","12","18","4","3","5","3","2","0","1","0","1","0","0","1",583553.07339999999,5920016.39560000040,10.25734934900,53.42257438000
"02","6","10","611","2018","01","08","5","3","2","7","1","0","1","0","0","0","1","1",572985.31420000002,5929646.53089999966,10.10059137100,53.51068911700
"02","6","11","612","2018","03","16","6","2","1","7","0","0","1","0","0","1","0","0",572616.24129999999,5929485.69479999971,10.09498974600,53.50929478100
"02","6","11","612","2018","01","11","3","3","3","7","0","0","1","0","0","1","0","0",572334.85040000000,5929346.64730000030,10.09071537500,53.50808394100
"02","6","11","612","2018","05","17","5","3","0","6","0","0","1","0","1","0","0","0",571782.90240000002,5928930.39070000034,10.08229904700,53.50441865400
"02","6","11","612","2018","01","19","5","2","2","6","2","0","1","0","0","1","0","1",572768.11439999996,5929536.12430000026,10.09729110700,53.50972699600
"02","6","11","612","2018","09","09","7","2","2","6","0","0","1","0","0","0","1","0",571831.16839999997,5928911.69550000038,10.08302234700,53.50424404900
"02","6","11","612","2018","06","22","5","3","9","7","2","0","1","0","0","0","0","1",572460.49010000005,5929315.04430000018,10.09260217600,53.50778262700
"02","6","11","612","2018","10","18","6","3","2","6","0","0","1","0","0","0","0","0",572420.11849999998,5929400.81830000039,10.09201336600,53.50855904100
"02","6","09","610","2018","06","09","1","3","2","6","0","0","1","0","0","0","0","0",572803.45380000002,5927942.13989999983,10.09745381900,53.49539693900
"02","6","11","612","2018","06","05","3","3","3","6","0","0","1","0","0","1","0","0",572817.79229999997,5929561.09480000008,10.09804586400,53.50994452900
"02","6","11","612","2018","09","02","2","3","2","6","2","0","1","0","0","0","0","1",572286.71640000003,5929311.41569999978,10.08998159700,53.50777393300
"02","6","09","610","2018","02","09","6","3","5","3","0","0","0","0","0","1","1","1",573148.53720000002,5928238.49029999971,10.10272372500,53.49801237600
"02","6","11","612","2018","05","13","6","3","5","3","0","0","0","0","1","1","0","0",572353.41879999998,5929226.68499999959,10.09096761900,53.50700328200
"02","6","09","610","2018","07","16","6","2","8","1","0","0","0","0","0","0","1","0",573507.23860000004,5928488.29459999967,10.10818863300,53.50020736400
"02","6","04","605","2018","05","12","1","2","2","6","0","0","1","0","1","0","0","0",585563.61890000000,5920653.36770000029,10.28776977900,53.42797624700
"02","6","04","605","2018","08","13","2","2","1","5","0","0","1","0","1","0","0","0",584616.12300000002,5920615.71559999976,10.27350332400,53.42779075400
"02","6","04","605","2018","08","19","3","2","5","3","0","1","1","0","0","0","0","0",584610.29799999995,5920586.30099999998,10.27340777900,53.42752735300
"02","6","04","605","2018","09","11","7","3","5","3","0","0","1","0","1","0","0","0",585414.88000000000,5920605.29999999981,10.28551877800,53.42756839600
"02","6","04","605","2018","10","13","3","2","8","7","0","0","1","0","0","0","0","0",586597.45950000000,5922114.28309999965,10.30372693000,53.44093593900
"02","6","09","610","2018","05","08","4","2","2","6","0","0","1","0","0","0","0","0",576798.86549999996,5926125.09389999975,10.15722372100,53.47849934200
"02","6","09","610","2018","05","07","2","3","2","6","0","0","1","0","0","0","0","0",577329.52780000004,5925868.61299999990,10.16515490700,53.47611670300
"02","6","09","610","2018","01","07","5","3","2","6","2","0","1","0","0","0","0","1",577007.06370000006,5926015.13090000022,10.16033323200,53.47748070500
"02","6","09","610","2018","06","16","6","2","0","7","0","0","0","0","1","0","1","0",576685.02729999996,5926174.41110000014,10.15552080600,53.47895914500
"02","6","09","610","2018","06","14","3","3","0","7","0","0","1","0","0","0","0","0",576153.29740000004,5926442.23309999984,10.14757521000,53.48144322500
"02","6","09","610","2018","06","07","6","3","3","6","0","0","1","0","0","1","0","0",576809.61549999996,5926118.86980000045,10.15738414600,53.47844183900
"02","6","08","609","2018","04","15","6","3","4","6","0","0","1","0","0","0","0","0",575786.85919999995,5924516.41249999963,10.14158985200,53.46418890500
"02","6","14","615","2018","05","13","1","3","6","7","0","0","1","1","0","0","0","0",577533.10140000004,5926083.72119999956,10.16827463700,53.47801990500
"02","6","14","615","2018","06","11","1","3","6","4","0","0","1","1","0","0","0","0",577657.98670000001,5926168.25090000033,10.17017689100,53.47876115000
"02","6","02","602","2018","02","11","6","3","6","7","0","0","0","1","0","0","1","0",580451.39769999997,5927097.51699999999,10.21249691400,53.48669267600
"02","6","02","603","2018","02","06","3","3","0","3","1","0","1","1","0","0","0","0",580843.04469999997,5926918.32450000010,10.21835188200,53.48502231600
"02","6","02","602","2018","02","14","3","3","4","6","0","0","1","0","0","0","1","2",580509.53509999998,5927065.01889999956,10.21336456200,53.48639173500
"02","6","02","603","2018","03","04","1","3","9","1","2","0","1","0","0","0","0","0",581786.12829999998,5926305.97180000041,10.23240160000,53.47937362900
"02","6","02","603","2018","01","18","7","3","2","2","2","0","1","0","0","0","0","0",582347.78280000004,5926140.62899999972,10.24081941300,53.47780019900
"02","6","02","602","2018","01","17","2","3","2","6","2","0","1","0","0","0","0","1",580493.60459999996,5927073.92179999966,10.21312681400,53.48647417900
"02","6","02","602","2018","08","14","4","3","6","4","0","0","1","1","0","0","0","0",580424.91339999996,5927112.40780000016,10.21210167800,53.48683054300
"02","6","02","603","2018","09","11","2","3","2","6","0","0","1","0","0","0","0","0",580646.72239999997,5927033.35439999960,10.21542347500,53.48608617200
"02","6","02","602","2018","08","11","1","3","5","2","0","0","1","0","0","0","0","0",580670.87430000002,5927044.98890000023,10.21579036700,53.48618702600
"02","6","02","603","2018","11","14","5","3","6","7","0","0","1","1","0","0","0","0",580837.83999999997,5927155.46499999985,10.21833453500,53.48715421700
"02","6","02","603","2018","07","23","5","3","7","7","2","0","1","0","0","0","0","0",581712.88029999996,5927295.05059999973,10.23155557800,53.48827347800
"02","6","02","602","2018","09","15","1","3","1","7","0","0","1","1","0","0","0","0",580238.45970000001,5927218.38420000020,10.20931937300,53.48781138000
"02","6","02","603","2018","06","17","2","3","2","6","0","0","1","0","0","0","1","0",583822.25260000001,5925529.67129999958,10.26286786500,53.47207710600
"02","6","02","603","2018","06","11","6","3","3","2","0","1","1","0","0","0","0","0",581036.21820000000,5927213.73660000041,10.22133866000,53.48764737300
"02","6","02","602","2018","07","17","2","3","2","6","0","0","1","0","0","0","1","0",580292.30610000005,5927191.14419999998,10.21012375600,53.48755837000
"02","6","02","603","2018","12","13","2","3","2","6","0","0","1","0","0","0","0","1",581025.14009999996,5927211.75250000041,10.22117122600,53.48763124800
"02","6","02","602","2018","09","07","3","3","1","6","0","0","1","0","0","0","0","1",579946.59360000002,5927262.01290000044,10.20493267700,53.48824787900
"02","6","02","602","2018","10","11","6","3","2","6","0","0","1","0","0","0","0","0",580214.59190000000,5927226.91249999963,10.20896191600,53.48789166000
"02","6","02","603","2018","07","22","2","3","4","2","2","0","1","0","0","0","0","0",581872.92500000005,5927314.39099999983,10.23397216300,53.48842240700
"02","6","02","603","2018","05","12","6","3","6","2","0","0","0","1","0","0","1","0",580685.77029999997,5927037.85910000000,10.21601297700,53.48612066900
"02","6","02","602","2018","01","20","3","2","6","3","2","0","1","1","0","0","0","0",579740.09320000000,5927327.11199999973,10.20183765300,53.48886423700
"02","6","02","603","2018","01","09","2","3","5","3","0","1","0","0","0","0","1","0",580229.80599999998,5926709.70789999980,10.20905896900,53.48324138300
"02","6","02","602","2018","01","06","6","1","6","2","2","0","0","1","0","0","1","1",579743.59759999998,5926978.82969999965,10.20180197200,53.48573379400
"02","6","02","603","2018","02","15","6","3","6","4","0","1","0","1","0","0","0","0",580395.89820000005,5926730.99679999985,10.21156680800,53.48340735600
"02","6","02","603","2018","02","16","6","3","2","2","0","0","1","0","0","0","0","1",580160.21360000002,5926431.54530000035,10.20793945300,53.48075222300
"02","6","02","603","2018","02","16","4","3","5","3","0","1","1","0","0","0","0","0",580084.92200000002,5926150.08110000007,10.20673337300,53.47823424700
"02","6","02","603","2018","01","07","6","3","0","7","1","1","1","0","0","0","0","1",581533.92050000001,5926846.65759999957,10.22874255200,53.48427169700
"02","6","02","602","2018","01","19","5","3","2","2","2","0","1","0","0","0","0","0",580323.71189999999,5927159.23790000007,10.21058880600,53.48726684600
"02","6","02","602","2018","01","07","3","3","2","7","0","1","1","0","0","0","0","1",581255.38800000004,5927705.43960000016,10.22476836600,53.49203233200
"02","6","02","602","2018","02","18","6","3","6","2","1","0","1","1","0","0","0","0",580009.91590000002,5927127.38129999954,10.20585250000,53.48702836200
"02","6","02","603","2018","03","16","7","2","6","7","0","1","0","1","0","0","0","0",580640.88410000002,5927077.75079999957,10.21534691400,53.48648604200
"02","6","02","603","2018","04","15","7","3","2","6","0","0","1","0","0","0","0","0",580223.22439999995,5926659.30130000040,10.20894692900,53.48278939800
"02","6","02","603","2018","04","17","5","3","3","6","0","0","1","0","0","0","1","0",580153.22510000004,5926409.20120000001,10.20782846500,53.48055248800
"02","6","01","601","2018","05","14","4","3","5","3","0","0","1","0","0","0","0","0",580228.17709999997,5926832.04669999983,10.20906569200,53.48434105300
"02","6","02","602","2018","05","15","3","3","0","7","0","1","1","0","0","0","0","0",580497.27020000003,5927013.87839999981,10.21316664700,53.48593402800
"02","6","02","603","2018","05","18","7","3","5","2","0","1","1","0","0","0","0","0",580883.46589999995,5926877.05680000037,10.21895026900,53.48464524700
"02","6","02","603","2018","05","21","5","2","5","3","1","1","1","0","0","0","0","0",580185.08999999997,5926512.78289999999,10.20833497200,53.48147849200
"02","6","02","602","2018","06","16","2","3","0","6","0","0","1","1","0","0","0","0",580525.82579999999,5927288.12409999967,10.21366725900,53.48839421600
"02","6","02","603","2018","06","11","5","3","5","3","0","1","1","0","0","0","0","0",580368.88219999999,5926695.21710000001,10.21115061700,53.48308994100
"02","6","02","603","2018","06","17","3","3","6","4","0","0","1","1","0","0","0","0",581542.69920000003,5926843.73209999967,10.22887405700,53.48424404600
"02","6","02","602","2018","06","18","2","3","0","7","0","0","1","0","1","0","0","0",580302.67400000000,5927083.05130000040,10.21025232200,53.48658539200
"02","6","02","602","2018","06","15","2","3","2","6","0","0","1","0","1","0","0","0",579967.97939999995,5926906.61880000029,10.20516437500,53.48505080900
"02","6","02","603","2018","07","12","1","2","0","1","0","0","0","0","1","0","0","0",580232.05980000005,5926721.15400000010,10.20909585100,53.48334390200
"02","6","02","602","2018","07","11","6","3","5","3","0","1","1","0","0","0","0","0",580331.21510000003,5927080.96879999992,10.21068183000,53.48656232100
"02","6","02","603","2018","07","12","2","2","5","3","0","1","1","0","0","0","0","0",580786.62419999996,5926712.91339999996,10.21744894300,53.48318501900
"02","6","02","602","2018","07","15","2","3","1","6","0","0","1","0","0","0","0","0",579744.95990000002,5927241.52550000045,10.20188923900,53.48809435900
"02","6","02","603","2018","07","11","6","3","5","3","0","0","1","0","0","0","1","0",580733.94739999995,5927008.91210000031,10.21673142800,53.48585314400
"02","6","02","603","2018","08","16","2","3","5","3","0","1","1","0","0","0","0","0",580116.01100000006,5926355.48919999972,10.20725411800,53.48007545900