ULAND,UREGBEZ,UKREIS,UGEMEINDE,UJAHR,UMONAT,USTUNDE,UWOCHENTAG,UKATEGORIE,UART,UTYP1,ULICHTVERH,IstRad,IstPKW,IstFuss,IstKrad,IstGkfz,IstSonstig,STRZUSTAND,LINREFX,LINREFY,XGCSWGS84,YGCSWGS84
"02","6","02","602","2018","08","07","5","3","5","3","0","1","1","0","0","0","0","0",580289.73890000000,5926972.43250000011,10.21002912800,53.48559326900
"02","6","02","602","2018","08","07","4","3","0","7","0","1","0","0","0","0","1","0",579749.54150000005,5926679.35230000038,10.20181545000,53.48304157400
"02","6","02","603","2018","08","16","4","3","5","3","0","0","1","0","0","0","0","0",581880.36849999998,5926734.96580000035,10.23393317800,53.48321418200
"02","6","02","602","2018","08","12","6","3","5","3","0","1","1","0","0","0","0","0",579764.61670000001,5927340.09310000017,10.20221048000,53.48897717800
"02","6","02","603","2018","08","15","2","3","5","3","0","1","1","0","0","0","0","0",580085.11609999998,5926150.82390000019,10.20673648600,53.47824089300
"02","6","02","603","2018","08","16","5","3","2","6","0","0","1","0","0","0","0","0",580113.85389999999,5926258.48900000006,10.20719687400,53.47920407500
"02","6","02","602","2018","09","20","3","3","4","6","2","1","0","0","0","0","0","0",580645.68469999998,5927180.67389999982,10.21544569100,53.48741024200
"02","6","02","602","2018","09","20","2","3","3","6","2","1","0","0","1","0","0","0",579763.81720000005,5926987.72709999979,10.20210888500,53.48581068800
"02","6","02","602","2018","09","07","4","3","5","3","0","1","0","0","0","0","1","0",579756.47629999998,5927201.07720000017,10.20205249000,53.48772911600
"02","6","02","603","2018","09","16","3","3","1","5","0","1","1","0","0","0","0","0",580637.30599999998,5926804.32330000028,10.21522276300,53.48402938800
"02","6","02","603","2018","10","11","5","3","1","7","0","0","1","0","1","0","0","0",581575.30390000006,5926508.99390000012,10.22927832100,53.48123082600
"02","6","02","603","2018","10","16","2","3","5","3","0","0","1","0","0","0","0","0",580128.92550000001,5926346.37569999974,10.20744635100,53.47999159300
"02","6","02","602","2018","10","17","3","3","2","3","0","0","1","0","0","0","0","0",580307.64199999999,5927084.44600000046,10.21032753400,53.48659716700
"02","6","02","603","2018","10","08","5","3","2","6","0","0","1","0","0","0","0","0",580229.40399999998,5926707.01699999999,10.20905222500,53.48321726200
"02","6","02","603","2018","10","13","4","3","5","3","0","1","1","0","0","0","0","0",580402.79790000001,5926748.12629999965,10.21167514800,53.48356024000
"02","6","02","603","2018","10","11","3","3","4","2","0","1","1","0","0","0","0","0",580233.97470000002,5926637.70210000034,10.20910337400,53.48259365400
"02","6","02","602","2018","10","19","4","3","5","2","2","1","1","0","0","0","0","0",579796.03599999996,5927340.67100000009,10.20268406300,53.48897760800
"02","6","02","602","2018","10","18","1","3","4","2","1","0","1","0","0","0","0","0",579757.35880000005,5926965.51200000010,10.20200593100,53.48561202600
"02","6","02","603","2018","11","09","3","3","5","3","0","1","1","0","0","0","0","1",580712.95290000003,5927008.70010000002,10.21641504600,53.48585445900
"02","6","02","602","2018","11","10","6","3","6","4","0","0","1","1","0","0","0","0",580541.48910000001,5927262.43549999967,10.21389668200,53.48816096400
"02","6","02","603","2018","11","15","4","3","2","6","0","0","1","0","0","0","0","1",581875.41740000003,5927299.45160000026,10.23400582100,53.48828776500
"02","6","02","603","2018","12","15","2","3","0","7","0","1","1","0","0","0","0","0",581528.52899999998,5927375.79179999977,10.22879875900,53.48902766200
"02","6","02","603","2018","12","07","5","2","5","3","2","1","1","0","0","0","0","1",580834.81629999995,5926931.51480000000,10.21823130200,53.48514211700
"02","6","02","603","2018","12","12","2","3","5","3","0","1","1","0","0","0","0","1",580123.02399999998,5926350.54030000046,10.20735850700,53.48002991700
"02","6","09","610","2018","05","14","1","3","9","1","0","0","1","0","0","0","0","0",579107.77119999996,5925524.31130000018,10.19185540800,53.47275834900
"02","6","09","610","2018","03","07","2","3","2","6","0","0","1","0","0","0","0","0",578628.23120000004,5925530.47520000022,10.18463379400,53.47288557200
"02","6","09","610","2018","04","13","1","3","0","6","0","0","1","0","0","0","0","0",578445.29469999997,5925542.29389999993,10.18188122000,53.47301907000
"02","6","09","610","2018","06","15","3","3","3","6","0","0","1","0","0","0","1","0",575696.82570000004,5926610.60439999960,10.14073860700,53.48302220700
"02","6","09","610","2018","12","21","1","3","3","6","2","0","1","0","0","0","0","1",573371.32339999999,5927405.34190000035,10.10588672800,53.49049384100
"02","6","09","610","2018","12","07","6","3","2","6","2","0","1","0","0","0","0","0",574438.87000000000,5926863.09999999963,10.12184531800,53.48547079300
"02","6","09","610","2018","11","07","3","3","2","6","1","0","1","0","0","0","0","0",577893.96400000004,5925675.29449999984,10.17360959900,53.47429617600
"02","6","09","610","2018","09","23","6","2","2","6","2","0","1","0","0","0","1","0",573024.93160000001,5927731.09200000018,10.10074262100,53.49346955200
"02","6","09","610","2018","07","15","5","3","2","6","0","0","1","0","0","0","0","0",574655.03269999998,5926813.17119999975,10.12509047700,53.48499146600
"02","6","02","602","2018","03","16","6","3","1","6","0","0","1","0","0","0","0","2",578700.41509999998,5927317.46569999959,10.18616898200,53.48893406600
"02","6","02","602","2018","02","19","5","3","5","3","2","1","1","0","0","0","0","2",579580.78220000002,5927332.61730000004,10.19943850200,53.48893782800
"02","6","02","602","2018","02","12","3","3","2","6","0","0","1","0","0","1","0","1",578670.37580000004,5927181.82369999960,10.18568233800,53.48771957500
"02","6","02","602","2018","03","12","4","3","6","4","0","0","1","1","0","0","0","1",578439.30980000005,5926097.61519999988,10.18192975300,53.47801052100
"02","6","14","615","2018","03","14","3","3","1","7","0","0","1","0","0","0","0","0",577967.73640000005,5926271.55599999987,10.17486887900,53.47964374800
"02","6","09","610","2018","05","15","6","2","5","3","0","0","1","0","1","0","0","0",574034.04909999995,5927149.01730000041,10.11581310000,53.48809743000
"02","6","14","615","2018","05","13","2","3","0","7","0","0","0","0","1","0","0","0",578034.41359999997,5926984.32149999961,10.17605054300,53.48603935100
"02","6","14","615","2018","05","18","5","3","6","7","0","0","0","1","0","0","1","0",576132.62430000002,5927213.71410000045,10.14745085500,53.48837943100
"02","6","09","610","2018","05","19","4","3","9","1","0","0","1","0","0","0","0","0",578036.38970000006,5925068.43159999978,10.17560425800,53.46882131700
"02","6","02","602","2018","06","17","6","2","4","2","0","0","1","0","0","0","0","0",578698.65850000002,5927343.28479999956,10.18614898800,53.48916635900
"02","6","09","610","2018","07","20","2","3","5","3","0","0","1","0","0","0","1","0",574029.67000000004,5927139.38800000027,10.11574484200,53.48801150800
"02","6","02","602","2018","06","20","6","2","1","5","0","1","1","0","0","0","0","0",578622.13269999996,5926954.29760000017,10.18489842000,53.48568206100
"02","6","14","615","2018","07","19","4","3","5","2","0","1","1","0","0","0","0","0",578436.90240000002,5926996.20610000007,10.18211797600,53.48608632200
"02","6","14","615","2018","07","16","4","2","4","2","0","1","0","0","0","0","1","0",576072.45600000001,5926888.50600000005,10.14646539500,53.48546552300
"02","6","14","615","2018","06","06","3","3","5","3","0","1","1","0","0","0","0","0",578277.73600000003,5927039.50200000033,10.17973054500,53.48649911100
"02","6","14","615","2018","08","20","2","3","1","5","1","0","1","0","0","0","0","1",577522.28500000003,5927287.69739999995,10.16840899200,53.48884142300
"02","6","14","615","2018","08","15","6","2","5","3","0","0","1","0","0","0","0","0",578409.40529999998,5926707.30680000037,10.18163150500,53.48349414500
"02","6","02","602","2018","07","07","3","3","4","2","0","1","1","0","0","0","0","0",579508.25249999994,5927330.02960000001,10.19834494400,53.48892553700
"02","6","14","615","2018","07","15","1","2","9","1","0","0","0","0","1","0","0","0",578316.72750000004,5926308.02990000043,10.18013558000,53.47991972500
"02","6","14","615","2018","08","20","2","2","5","3","0","1","1","0","0","0","0","1",576675.52540000004,5927194.41050000023,10.15562678100,53.48812712800
"02","6","09","610","2018","09","17","2","3","2","6","0","0","1","0","0","0","0","0",573341.71730000002,5927700.19409999996,10.10550949900,53.49314780800
"02","6","14","615","2018","08","19","4","3","2","3","0","1","1","0","0","0","0","0",576463.90899999999,5926811.72900000028,10.15234485900,53.48471881000
"02","6","02","602","2018","10","19","6","2","1","5","2","0","1","0","0","0","0","0",578606.13439999998,5926089.24650000036,10.18444079600,53.47791043000
"02","6","02","602","2018","10","16","4","3","6","4","0","0","1","1","0","0","0","0",579438.33470000001,5927327.57670000009,10.19729077800,53.48891405300
"02","6","14","615","2018","09","14","7","3","5","2","0","1","1","0","0","0","0","0",578396.75080000004,5926709.56689999998,10.18144141000,53.48351634100
"02","6","02","602","2018","10","15","1","3","0","1","0","0","0","0","1","0","0","0",578196.45290000003,5925930.62569999974,10.17822963800,53.47654594900
"02","6","14","615","2018","10","15","1","3","5","3","0","1","0","0","0","0","1","0",577834.24870000000,5926655.31929999962,10.17295299500,53.48311231200
"02","6","14","615","2018","11","17","3","2","6","4","2","0","1","1","0","0","0","1",578204.35479999997,5927092.44859999977,10.17863805900,53.48698584100
"02","6","02","602","2018","11","18","5","3","0","4","2","0","0","1","0","0","1","0",579421.06359999999,5927318.11809999961,10.19702813700,53.48883165800
"02","6","14","615","2018","12","13","2","3","2","6","0","0","1","0","0","0","0","1",578281.20900000003,5926153.44589999970,10.17956194900,53.47853579400
"02","6","02","602","2018","12","14","4","2","6","4","0","0","0","1","1","0","0","0",579453.95109999995,5927328.12459999975,10.19752623000,53.48891661900
"02","6","02","602","2018","02","11","6","3","5","3","0","1","1","0","0","0","0","0",579717.78079999995,5927339.03770000022,10.20150447200,53.48897479100
"02","6","02","602","2018","01","06","4","3","1","6","2","0","1","0","0","0","0","1",579728.33310000005,5927044.24529999960,10.20158859400,53.48632397800
"02","6","02","602","2018","05","15","3","3","5","3","0","1","1","0","0","0","0","0",579731.19420000003,5926891.39250000007,10.20159287900,53.48494990000
"02","6","02","602","2018","07","12","3","3","9","1","0","1","0","0","0","0","0","0",581396.72010000004,5928083.75189999957,10.22699628600,53.49541023600
"02","6","10","611","2018","08","15","6","3","2","6","0","0","1","0","0","1","0","0",574308.20310000004,5930595.03629999980,10.12076082000,53.51902797800
"02","7","04","705","2018","03","15","4","3","9","1","0","0","1","0","0","0","0","1",565560.49439999997,5922952.38109999988,9.98724938700,53.45150458100
"02","7","01","702","2018","10","19","3","3","6","2","2","0","1","1","0","0","0","1",564397.70900000003,5922841.52199999988,9.96971954500,53.45065163000
"02","7","01","702","2018","05","15","6","3","2","6","0","0","1","0","0","1","0","0",566030.91579999996,5923236.95920000039,9.99439185500,53.45400345500
"02","7","01","702","2018","01","14","3","3","2","7","0","0","1","0","0","1","0","1",565960.92009999999,5923284.02579999994,9.99334780100,53.45443522900
"02","7","04","705","2018","01","06","6","3","6","2","2","0","1","1","0","0","0","2",565918.25670000003,5921893.45100000035,9.99241404500,53.44194291600
"02","7","04","705","2018","01","08","4","3","6","2","0","0","1","1","0","0","0","0",565578.60149999999,5922834.12930000015,9.98749735600,53.45043955000
"02","7","01","702","2018","01","11","2","3","5","3","0","0","1","0","0","0","1","0",565427.18380000000,5923006.14450000040,9.98525342500,53.45200434400
"02","7","04","705","2018","01","19","2","3","6","3","2","0","1","1","0","0","0","1",565574.93480000005,5922792.74170000013,9.98743352400,53.45006803900
"02","7","04","705","2018","02","23","1","3","6","4","2","0","1","1","0","0","0","1",565605.49809999997,5921562.55640000012,9.98763719300,53.43900804400
"02","7","04","705","2018","03","14","1","3","2","6","0","0","1","0","0","0","0","0",566107.23129999998,5922065.60560000036,9.99529479200,53.44346647200
"02","7","04","705","2018","03","19","3","3","2","7","2","0","1","0","0","0","0","0",565574.72039999999,5922789.05289999954,9.98742952700,53.45003491300
"02","7","04","705","2018","03","07","6","3","6","7","0","0","1","1","0","0","0","0",565963.69460000005,5922457.00870000012,9.99321614700,53.44700215200
"02","7","01","702","2018","04","05","2","3","2","6","2","0","1","0","0","0","0","0",565581.96699999995,5923028.61000000034,9.98758857600,53.45218700900
"02","7","04","705","2018","04","19","3","3","5","3","0","1","1","0","0","0","0","0",565651.29870000004,5922463.74959999975,9.98851457500,53.44710174400
"02","7","04","705","2018","04","15","7","3","2","6","0","0","1","0","0","0","0","1",565647.56750000000,5922631.98570000008,9.98849350800,53.44861421600
"02","7","04","705","2018","04","10","7","3","4","2","0","1","1","0","0","0","0","0",565849.20209999999,5922035.69330000039,9.99140434600,53.44322993700
"02","7","04","705","2018","05","14","2","3","1","5","0","0","1","0","0","1","1","0",565698.44970000000,5922577.86550000031,9.98924824300,53.44812147400
"02","7","04","705","2018","04","17","2","2","6","4","0","0","1","1","0","0","0","0",565797.34750000003,5921810.73770000041,9.99057673700,53.44121464300
"02","7","04","705","2018","04","14","3","3","2","3","0","1","1","0","0","0","0","1",565819.72530000005,5923300.14070000034,9.99122518000,53.45459771700
"02","7","04","705","2018","05","11","5","3","2","6","0","0","1","0","0","0","0","0",565824.81160000002,5922260.99710000027,9.99108432100,53.44525788100
"02","7","01","702","2018","05","17","2","3","2","6","0","0","1","0","1","0","0","0",565581.77850000001,5923026.99739999976,9.98758540100,53.45217253900
"02","7","01","702","2018","05","16","3","3","3","2","0","1","1","0","0","0","0","0",565823.13260000001,5923274.64460000023,9.99127114800,53.45436814800
"02","7","09","710","2018","06","08","3","3","3","2","0","1","1","0","0","0","0","0",564640.25300000003,5923063.63329999987,9.97341691200,53.45261814700
"02","7","01","702","2018","07","23","3","1","4","6","2","0","1","0","0","0","1","0",565846.45349999995,5923191.14979999978,9.99160481300,53.45361483300
"02","7","04","705","2018","07","10","2","3","4","2","0","0","1","0","0","0","0","0",565582.64599999995,5922813.89149999991,9.98755403000,53.45025716100
"02","7","04","705","2018","06","17","4","3","2","6","0","0","1","0","0","0","1","0",565578.34470000002,5921507.28809999954,9.98721697300,53.43851470300
"02","7","04","705","2018","08","07","4","3","6","4","0","0","1","1","0","0","0","0",566284.39029999997,5922068.34430000000,9.99796219000,53.44346883700
"02","7","04","705","2018","08","12","2","3","0","7","0","1","1","0","0","0","0","0",566019.33389999997,5922008.75349999964,9.99395972200,53.44296653600
"02","7","04","705","2018","07","19","5","3","2","6","0","0","1","0","0","0","0","0",565579.87360000005,5923010.69790000003,9.98755332200,53.45202628600
"02","7","09","710","2018","08","13","6","3","4","2","0","1","1","0","0","0","0","0",564526.76399999997,5922955.33249999955,9.97168593400,53.45165870900
"02","7","04","705","2018","07","22","4","3","6","6","2","0","0","1","1","0","0","0",566032.18050000002,5921720.59790000040,9.99409264500,53.44037515500
"02","7","04","705","2018","08","02","1","3","0","7","2","1","1","0","0","0","0","0",565938.02960000001,5922182.78359999973,9.99277230500,53.44454079200
"02","7","04","705","2018","07","11","3","3","5","3","0","1","1","0","0","0","0","0",565892.48690000002,5922498.23749999981,9.99215278300,53.44738160000
"02","7","01","702","2018","09","09","3","3","5","2","0","1","1","0","0","0","0","0",566087.15119999996,5923122.96090000030,9.99521463600,53.45297185800
"02","7","04","705","2018","08","11","4","3","2","7","0","0","0","0","1","0","1","0",565905.42649999994,5922520.96879999992,9.99235234600,53.44758427700
"02","7","01","702","2018","09","15","4","2","6","4","0","0","1","1","0","0","0","1",566077.59389999998,5923118.25150000025,9.99506974600,53.45293073100
"02","7","04","705","2018","09","16","6","3","1","5","0","1","1","0","0","0","0","0",565626.77599999995,5922235.37600000016,9.98809776200,53.44505231000
"02","7","04","705","2018","08","08","5","3","0","3","0","0","1","0","1","0","0","1",565657.95310000004,5922855.06769999955,9.98869642600,53.45061785100
"02","7","04","705","2018","09","06","5","3","5","3","0","1","1","0","0","0","0","0",565611.86060000001,5922806.12060000002,9.98799225600,53.45018368400
"02","7","04","705","2018","08","16","5","3","6","4","0","0","1","1","0","0","0","0",565422.61510000005,5921871.73759999964,9.98494875100,53.44180951700
"02","7","04","705","2018","08","19","6","3","0","7","0","0","1","0","0","0","0","0",566528.80489999999,5921993.84439999983,10.00162567300,53.44276848400
"02","7","04","705","2018","09","07","3","3","5","2","0","1","1","0","0","0","0","0",565819.78430000006,5923300.15270000044,9.99122607100,53.45459781800
"02","7","09","710","2018","09","10","1","3","5","3","0","0","1","0","0","0","0","0",564546.98670000001,5922967.52720000036,9.97199291500,53.45176583100
"02","7","01","702","2018","10","13","1","3","2","6","0","0","1","0","0","0","0","0",565594.58730000001,5923182.97489999980,9.98781078600,53.45357277800
"02","7","04","705","2018","10","11","3","3","5","3","0","0","1","0","0","0","1","1",565817.24239999999,5922266.39780000038,9.99097150400,53.44530736500
"02","7","01","702","2018","10","12","1","3","5","3","0","0","1","0","0","0","0","0",565428.94220000005,5923009.63870000001,9.98528062700,53.45203553000
"02","7","01","702","2018","10","09","4","3","4","2","0","1","1","0","0","0","0","1",566086.32039999997,5923121.88239999954,9.99520190000,53.45296226900
"02","7","04","705","2018","11","17","5","3","5","3","2","0","1","0","0","1","0","0",565610.03920000000,5921571.66820000019,9.98770744300,53.43908937100
"02","7","01","702","2018","10","15","6","3","2","6","0","0","1","0","0","0","0","1",565594.31499999994,5923168.96760000009,9.98780376500,53.45344692300
"02","7","01","702","2018","11","06","3","3","2","6","2","0","1","0","0","0","1","1",565834.79940000002,5923162.05379999988,9.99142324800,53.45335479200
"02","7","04","705","2018","11","07","6","3","5","3","0","1","0","0","1","0","0","1",566163.40399999998,5921606.09759999998,9.99604377600,53.43932964100
"02","7","04","705","2018","12","12","2","3","5","3","0","0","1","0","0","0","1","0",565616.15000000002,5922666.05900000036,9.98802762100,53.44892435900
"02","7","04","705","2018","12","09","2","3","0","7","0","1","0","0","0","0","0","1",565577.50749999995,5922824.38030000031,9.98747885300,53.45035206800
"02","7","04","705","2018","12","06","4","3","0","7","1","0","1","0","0","0","1","0",565750.98560000001,5922522.15789999999,9.99002752600,53.44761425500
"02","7","12","713","2018","01","19","2","2","3","1","2","0","1","0","0","1","1","1",560598.55160000001,5929500.29320000019,9.91380408000,53.51094832300
"02","7","12","713","2018","02","01","5","3","2","6","2","0","1","0","0","1","0","1",560553.48670000001,5929460.82569999993,9.91311698800,53.51059880000
"02","7","12","713","2018","06","08","2","3","2","6","0","0","0","0","1","1","0","0",560523.77679999999,5929223.98170000035,9.91262330700,53.50847358100
"02","7","12","713","2018","08","13","7","3","8","1","0","0","1","0","0","0","0","0",560639.09270000004,5929678.12519999966,9.91444974800,53.51254191500
"02","7","12","713","2018","04","16","7","3","4","6","0","0","1","0","0","0","0","1",559901.80209999997,5929659.25329999998,9.90332917700,53.51245682200
"02","7","12","713","2018","04","11","3","3","3","6","0","0","1","0","0","1","0","0",560166.69790000003,5929739.74959999975,9.90733875500,53.51315003800
"02","7","12","713","2018","05","18","5","2","8","1","0","0","0","0","1","0","0","0",560126.92989999999,5928618.03589999955,9.90652396400,53.50307314800
"02","7","12","713","2018","05","15","5","3","5","3","0","1","0","0","0","1","0","0",559939.05550000002,5929720.49729999993,9.90390260100,53.51300300900
"02","7","12","713","2018","06","06","2","3","2","6","0","0","1","0","1","0","0","0",560176.06640000001,5929674.94869999960,9.90746757300,53.51256656600
"02","7","12","713","2018","06","16","4","3","0","7","0","1","0","0","0","0","1","0",559416.85699999996,5929006.95509999990,9.89589345900,53.50664928200
"02","7","12","713","2018","07","12","4","2","4","6","0","0","1","0","0","0","0","0",559604.38379999995,5928752.61020000000,9.89867227200,53.50434212200
"02","7","11","712","2018","09","06","5","3","3","2","1","1","1","0","0","0","0","0",560442.70900000003,5928212.72539999988,9.91120613600,53.49939421200
"02","7","12","713","2018","08","19","6","2","2","6","0","0","0","0","1","0","0","0",560440.39450000005,5929383.88379999995,9.91139701300,53.50992029500
"02","7","12","713","2018","09","16","4","2","4","2","0","0","0","0","0","1","1","0",559757.43640000001,5929585.13320000004,9.90113828100,53.51180709300
"02","7","12","713","2018","10","13","7","2","8","1","0","0","0","0","1","0","0","0",561694.70270000002,5929331.53920000046,9.93029805200,53.50930417600
"02","7","12","713","2018","10","14","3","3","3","6","0","0","1","0","0","1","0","1",560647.34210000001,5929637.72030000016,9.91456631400,53.51217782400
"02","7","02","703","2018","08","12","7","3","2","6","0","0","1","0","0","0","0","0",568315.38159999996,5922987.95380000025,10.02873467200,53.45147432300
"02","7","02","703","2018","11","12","6","3","2","6","0","0","1","0","0","1","0","0",568346.95920000004,5922915.55719999969,10.02919437200,53.45081957800
"02","7","03","704","2018","10","15","6","3","2","6","0","0","1","0","0","0","1","0",568377.91410000005,5922260.05719999969,10.02951795200,53.44492438900
"02","7","03","704","2018","10","05","6","3","0","7","2","1","0","0","0","0","0","0",567727.97400000005,5921123.43400000036,10.01948939900,53.43479309100
"02","7","10","711","2018","02","11","1","2","8","1","0","0","1","0","0","0","0","1",561233.40850000002,5923019.12480000034,9.92211210500,53.45262505800
"02","7","09","710","2018","03","20","6","3","3","6","2","0","1","0","0","1","0","0",561203.15899999999,5921556.06280000042,9.92137205200,53.43947917200
"02","7","09","710","2018","02","11","7","3","2","6","0","0","1","0","0","0","0","0",563963.67550000001,5922613.76200000010,9.96313844700,53.44865750600
"02","7","08","709","2018","04","16","2","2","2","6","0","0","1","0","0","0","0","0",562431.40540000005,5921569.36160000041,9.93986240300,53.43945466500
"02","7","08","709","2018","01","07","4","3","6","4","2","0","1","1","0","0","0","1",562099.68920000002,5921223.30190000031,9.93480110500,53.43638361100
"02","7","08","709","2018","01","09","4","3","2","2","0","0","1","0","0","0","0","1",562185.19319999998,5921431.87820000015,9.93612922900,53.43824812600
"02","7","09","710","2018","03","12","3","2","8","7","0","0","1","0","0","0","0","0",562965.43850000005,5921849.25850000046,9.94795670100,53.44190673100
"02","7","08","709","2018","10","08","4","3","2","6","0","0","1","0","0","0","1","0",562111.87239999999,5921255.56259999983,9.93499083900,53.43667212100
"02","7","08","709","2018","10","12","3","3","2","2","0","0","1","0","0","0","0","0",562004.78150000004,5920963.36089999974,9.93332145300,53.43405854200
"02","7","07","708","2018","10","05","7","3","2","6","2","0","0","0","0","1","1","0",563853.32230000000,5920064.83579999954,9.96096004600,53.42576241300
"02","7","09","710","2018","06","09","7","3","3","6","0","0","1","0","0","0","0","0",561010.69629999995,5922177.00930000003,9.91859544400,53.44508230200
"02","7","09","710","2018","06","18","2","2","3","6","0","0","1","0","0","1","1","0",561437.22069999995,5921267.75939999986,9.92483892100,53.43686079100
"02","7","09","710","2018","07","15","6","3","2","6","0","0","1","0","0","0","0","0",563775.45580000000,5922496.33169999998,9.96028094500,53.44762491500
"02","7","09","710","2018","10","06","7","3","2","6","2","0","1","0","0","1","0","1",561225.84869999997,5921519.48350000009,9.92170646600,53.43914777700
"02","7","07","708","2018","07","11","5","3","2","6","0","0","1","0","0","0","0","0",563849.53000000003,5920066.20000000019,9.96090325900,53.42577513300
"02","7","09","710","2018","08","13","6","3","2","6","0","0","1","0","0","0","0","0",563533.93090000004,5922323.48979999963,9.95660990700,53.44610067200
"02","7","07","708","2018","09","12","2","3","9","1","0","0","1","0","0","0","0","1",563819.24300000002,5920067.09800000023,9.96044770700,53.42578686900
"02","7","09","710","2018","11","17","6","3","4","6","2","0","1","0","0","0","1","0",563042.61569999997,5921906.91660000011,9.94912999300,53.44241571000
"02","7","09","710","2018","08","06","2","3","3","6","0","0","1","0","0","1","0","0",561036.23930000002,5922140.32670000009,9.91897285700,53.44474965600
"02","7","07","708","2018","07","15","4","3","1","7","0","0","0","0","1","1","0","0",564070.67020000005,5919849.89149999991,9.96418680000,53.42380424000
"02","7","08","709","2018","08","17","6","2","3","6","0","0","1","0","1","0","0","0",561948.57149999996,5920648.63169999979,9.93241356400,53.43123649400
"02","7","09","710","2018","09","15","3","3","3","6","0","0","1","0","0","1","0","0",561036.18240000005,5922140.91430000030,9.91897211400,53.44475494400
"02","7","08","709","2018","11","18","2","3","2","2","2","0","1","0","0","0","0","1",562984.51249999995,5921863.62469999958,9.94824669500,53.44203356900
"02","7","09","710","2018","08","07","4","2","5","3","0","1","1","0","0","0","0","0",562801.21200000006,5921726.20440000016,9.94546005500,53.44082037000
"02","7","09","710","2018","10","06","7","3","7","7","2","0","1","0","0","0","0","1",561331.96259999997,5921382.45600000024,9.92327700100,53.43790389400
"02","7","08","709","2018","07","10","4","3","0","7","0","0","1","0","0","0","0","0",562909.35300000000,5921807.25590000022,9.94710405400,53.44153592800
"02","7","08","709","2018","09","08","2","3","2","6","0","0","1","0","0","1","0","0",562436.69860000000,5920652.97279999964,9.93976034700,53.43121794000
"02","7","09","710","2018","08","13","2","3","3","6","0","0","1","0","0","0","0","0",561131.59600000002,5921693.73249999993,9.92032161000,53.44072479600
"02","7","07","708","2018","08","08","7","3","6","7","0","0","1","1","0","0","0","0",563988.19620000001,5919865.39499999955,9.96294900700,53.42395359000
"02","7","09","710","2018","11","18","4","3","2","6","2","0","1","0","0","0","0","0",564340.40229999996,5922832.64340000041,9.96885492400,53.45057883400
"02","7","09","710","2018","01","21","2","3","4","2","2","0","1","0","1","0","0","0",563749.31000000006,5923513.56259999983,9.96009350000,53.45677042200
"02","7","08","709","2018","02","18","6","3","6","2","2","0","1","1","0","0","0","0",563460.51300000004,5922250.69820000045,9.95548996500,53.44545530200
"02","7","09","710","2018","01","07","5","3","5","2","2","1","1","0","0","0","0","1",562851.85490000003,5923312.20859999955,9.94653921200,53.45506858400
"02","7","01","701","2018","02","14","6","3","5","3","0","1","0","0","0","0","0","0",564633.97930000001,5923470.18329999968,9.97340600800,53.45627276100
"02","7","01","701","2018","02","20","7","3","5","3","2","0","1","0","0","0","0","0",564476.69929999998,5923809.52969999984,9.97110728900,53.45934189000
"02","7","08","709","2018","03","10","3","3","1","6","0","0","1","0","0","0","0","1",564539.62170000002,5921208.91760000028,9.97152134500,53.43596129500
"02","7","01","701","2018","03","18","2","3","5","2","2","0","1","0","0","0","1","1",564776.52289999998,5923917.59829999972,9.97564459200,53.46027636500
"02","7","10","711","2018","02","10","1","3","4","2","0","0","1","0","0","0","0","1",563150.62910000002,5923874.12029999960,9.95115088400,53.46008303600
"02","7","01","701","2018","03","16","4","3","5","3","0","1","0","0","0","0","1","0",564771.29079999996,5923910.09509999957,9.97556425400,53.46020957400
"02","7","09","710","2018","03","14","7","3","0","7","0","0","0","0","0","0","1","1",563791.50800000003,5923531.01009999961,9.96073246200,53.45692212300
"02","7","09","710","2018","04","16","2","3","5","7","0","0","1","0","1","0","0","0",561121.80279999995,5920908.63800000027,9.92002176600,53.43366981100
"02","7","09","710","2018","04","08","2","3","2","6","0","0","1","0","0","0","0","0",561298.72430000000,5920785.31840000022,9.92266045100,53.43254092400
"02","7","09","710","2018","04","08","3","3","5","3","0","1","0","1","0","0","0","0",563398.69940000004,5923080.46150000021,9.95472663800,53.45292023900
"02","7","09","710","2018","04","17","2","3","5","3","0","0","1","0","1","0","0","0",562780.84389999998,5923462.48510000017,9.94549996000,53.45642766200
"02","7","09","710","2018","04","14","2","3","5","3","0","0","1","0","0","0","0","0",564180.51359999995,5924000.56410000008,9.96668602500,53.46109497100
"02","7","09","710","2018","04","18","6","3","6","4","0","0","1","1","0","0","0","0",563732.46459999995,5923513.07100000046,9.95983974000,53.45676804200
"02","7","08","709","2018","05","14","6","3","5","3","0","0","1","0","0","0","0","0",564279.07550000004,5921679.44579999987,9.96769601200,53.44022198900
"02","7","09","710","2018","05","05","3","2","7","1","1","0","1","0","0","0","0","0",563973.89950000006,5923199.01950000040,9.96341140600,53.45391625200
"02","7","09","710","2018","05","18","2","3","2","2","0","0","1","0","0","0","0","0",563549.97420000006,5922836.17960000038,9.95695499400,53.45070653500
"02","7","09","710","2018","05","15","1","3","5","3","0","1","1","0","0","0","0","0",564198.82220000005,5922763.63580000028,9.96670922200,53.44997589900
"02","7","08","709","2018","05","13","2","3","5","3","0","0","1","0","0","0","0","0",562110.60369999998,5920609.91380000021,9.93484438500,53.43086945400