ULAND,UREGBEZ,UKREIS,UGEMEINDE,UJAHR,UMONAT,USTUNDE,UWOCHENTAG,UKATEGORIE,UART,UTYP1,ULICHTVERH,IstRad,IstPKW,IstFuss,IstKrad,IstGkfz,IstSonstig,STRZUSTAND,LINREFX,LINREFY,XGCSWGS84,YGCSWGS84
"02","7","09","710","2018","05","14","5","3","2","6","0","0","1","0","0","0","0","0",561090.57479999994,5920920.07230000012,9.91955399800,53.43377619700
"02","7","09","710","2018","04","12","4","3","0","7","0","0","0","0","0","0","1","0",563975.42900000000,5923589.63389999978,9.96351390400,53.45742670000
"02","7","09","710","2018","05","16","2","3","5","3","0","0","1","0","0","0","0","0",561099.22010000004,5920923.98799999990,9.91968487200,53.43381038800
"02","7","09","710","2018","05","07","1","2","2","6","0","0","1","0","0","0","1","0",563421.57369999995,5923412.45270000026,9.95513800400,53.45590125400
"02","7","09","710","2018","05","10","4","3","2","6","0","0","1","0","0","0","0","0",563723.76100000006,5923510.27709999960,9.95970811300,53.45674398500
"02","7","09","710","2018","05","21","3","2","6","4","1","0","1","1","0","0","0","0",563766.98999999999,5923463.78569999989,9.96034963300,53.45632091400
"02","7","08","709","2018","05","04","5","3","3","7","2","0","1","0","0","1","0","0",561886.32010000001,5920397.60659999959,9.93142740100,53.42898769300
"02","7","09","710","2018","05","17","4","3","5","3","0","1","1","0","0","0","0","0",563656.19649999996,5922733.85819999967,9.95853357100,53.44977410100
"02","7","01","701","2018","06","00","7","3","6","7","2","0","1","1","0","0","0","0",564861.66200000001,5923456.99299999978,9.97683170700,53.45612623200
"02","7","01","701","2018","06","16","5","3","5","3","0","1","1","0","0","0","0","0",564711.57330000005,5923800.99280000012,9.97464249400,53.45923636400
"02","7","07","708","2018","06","13","5","3","0","7","0","0","1","0","0","0","0","0",564646.71160000004,5919915.49760000035,9.97286763000,53.42432358800
"02","7","09","710","2018","06","07","5","3","5","3","0","1","1","0","0","0","0","1",563364.00719999999,5922713.89719999954,9.95413044100,53.44962991600
"02","7","10","711","2018","06","09","6","3","5","3","0","1","1","0","0","0","0","0",562176.45369999995,5923292.49060000014,9.93636537500,53.45497150700
"02","7","09","710","2018","07","20","1","2","5","3","0","0","1","0","0","0","0","0",563627.85300000000,5923481.20449999999,9.95825803500,53.45649428700
"02","7","01","701","2018","07","16","3","3","5","3","0","0","1","0","1","0","0","0",564770.29000000004,5923913.18010000046,9.97554981900,53.46023742400
"02","7","09","710","2018","07","16","4","3","8","1","0","0","1","0","0","0","0","1",563784.35519999999,5922075.05499999970,9.96032952500,53.44383761800
"02","7","07","708","2018","07","00","7","2","0","1","2","1","0","0","0","0","0","0",564612.55270000000,5920459.53349999990,9.97246524500,53.42921728900
"02","7","08","709","2018","07","13","3","3","5","3","0","1","1","0","0","0","0","0",564327.87139999995,5921824.65660000034,9.96846017800,53.44152111500
"02","7","09","710","2018","08","18","7","3","5","3","0","0","1","0","1","0","0","0",563738.44160000002,5923777.10900000017,9.95998326800,53.45914035300
"02","7","01","701","2018","09","07","5","3","4","2","0","1","1","0","0","0","0","0",564841.07189999998,5923533.39819999970,9.97653742000,53.45681545300
"02","7","07","708","2018","08","14","5","3","0","1","0","0","0","0","1","0","0","1",564351.87719999999,5919990.25339999981,9.96844663700,53.42503151000
"02","7","07","708","2018","09","13","5","2","4","2","0","0","1","0","0","0","0","0",563664.62459999998,5920212.69390000030,9.95815056000,53.42711410300
"02","7","09","710","2018","09","18","5","3","1","5","0","0","1","0","1","0","0","0",561929.56649999996,5923005.28729999997,9.93259128800,53.45241933100
"02","7","08","709","2018","09","16","6","3","4","6","0","0","0","0","1","1","0","0",562469.86150000000,5920567.91729999986,9.94024255000,53.43044957000
"02","7","09","710","2018","09","15","4","2","5","3","0","1","1","0","0","0","0","0",563239.87600000005,5922618.94400000013,9.95224247800,53.44879143500
"02","7","08","709","2018","09","09","3","3","9","1","0","0","1","0","0","0","0","0",563886.23710000003,5921586.48670000024,9.96176403500,53.43943427500
"02","7","09","710","2018","10","11","5","3","6","7","0","0","1","1","0","0","0","0",563543.74479999999,5923451.48799999990,9.95698552500,53.45623736200
"02","7","09","710","2018","10","12","2","3","6","4","0","0","1","1","0","0","0","0",562462.07559999998,5921578.33150000032,9.94032583400,53.43953165000
"02","7","09","710","2018","10","16","2","3","5","3","0","0","1","0","0","0","0","0",564129.78969999996,5923639.68609999958,9.96584852900,53.45785777400
"02","7","09","710","2018","10","19","1","3","0","7","2","1","0","0","0","0","0","1",562633.24719999998,5922860.96310000028,9.94315764000,53.45103903800
"02","7","09","710","2018","12","12","6","3","6","4","0","0","1","1","0","0","0","1",563428.80079999997,5923414.30680000037,9.95524720300,53.45591704800
"02","7","09","710","2018","12","07","6","3","6","3","2","0","1","1","0","0","0","0",562462.07920000004,5921578.30659999978,9.94032588300,53.43953142500
"02","7","01","701","2018","12","14","4","3","5","3","0","0","1","0","0","0","0","1",564181.32550000004,5923997.59219999984,9.96669764600,53.46106816200
"02","7","01","701","2018","12","15","1","3","2","6","0","0","1","0","0","0","0","1",564855.69850000006,5924037.04110000003,9.97686156300,53.46134010600
"02","7","09","710","2018","12","10","2","3","5","3","0","1","1","0","0","0","0","0",564007.64480000001,5923459.22030000016,9.96397247400,53.45625069900
"02","7","07","708","2018","01","17","2","3","1","6","2","0","1","0","0","0","1","0",565249.79859999998,5920323.81879999954,9.98202659900,53.42791909800
"02","7","07","708","2018","04","08","3","3","0","3","0","1","0","0","0","0","1","1",565204.57290000003,5920061.32540000044,9.98129171500,53.42556554100
"02","7","07","708","2018","04","11","4","3","3","7","0","0","1","0","1","0","0","0",565202.01089999999,5919555.36440000031,9.98114845900,53.42101855000
"02","7","06","707","2018","05","08","4","2","0","3","0","0","1","0","0","0","1","0",565279.73109999998,5920491.77680000011,9.98251182900,53.42942490900
"02","7","07","708","2018","05","07","4","3","2","6","0","0","1","0","0","0","0","0",565233.59169999999,5919346.49610000011,9.98158036900,53.41913744700
"02","7","06","707","2018","08","07","6","3","4","6","0","1","0","0","0","0","0","0",565312.74990000005,5920661.26620000042,9.98304385700,53.43094409800
"02","7","07","708","2018","09","08","3","3","2","6","0","0","1","0","0","0","0","0",565233.46200000006,5919941.38019999955,9.98170157300,53.42448396600
"02","7","07","708","2018","10","13","5","3","5","3","0","0","1","0","0","0","0","1",565201.11580000003,5919585.19909999985,9.98114116600,53.42128679900
"02","7","07","708","2018","11","22","3","3","5","3","2","0","1","0","0","0","0","0",565259.35129999998,5920376.46059999987,9.98218125300,53.42839103200
"02","7","07","708","2018","11","18","5","3","1","6","2","0","1","0","0","0","0","1",565197.40789999999,5919637.03780000005,9.98109610400,53.42175315600
"02","7","07","708","2018","11","17","4","3","5","3","2","0","1","0","0","0","0","0",565175.79029999999,5919943.81140000001,9.98083431200,53.42451294600
"02","7","07","708","2018","12","18","5","3","6","2","2","0","1","1","0","0","0","1",565073.91819999996,5919880.15799999982,9.97928833100,53.42395344100
"02","7","05","706","2018","04","16","6","3","8","1","0","0","1","0","0","0","0","0",567340.02610000002,5920829.70629999973,10.01358792200,53.43220294400
"02","7","01","702","2018","06","08","6","2","8","1","0","0","1","0","0","0","0","0",566087.47970000003,5925338.28809999954,9.99568536100,53.47288178200
"02","7","02","703","2018","06","07","3","3","2","2","0","0","1","0","0","1","0","0",566176.36239999998,5923557.93969999999,9.99664939000,53.45686998000
"02","7","02","703","2018","11","05","2","3","2","2","2","0","1","0","0","0","0","0",566316.58479999995,5923478.38590000011,9.99874408100,53.45613736900
"02","7","02","703","2018","07","20","1","3","2","6","0","0","1","0","1","0","0","0",566172.98690000002,5923559.39020000026,9.99659886700,53.45688344100
"02","7","02","703","2018","05","11","1","3","6","4","0","0","1","1","0","0","0","0",566179.54850000003,5923556.57060000021,9.99669707800,53.45685727600
"02","7","02","703","2018","05","23","2","3","4","2","2","0","1","0","0","0","0","0",566326.96710000001,5923471.75050000008,9.99889901500,53.45607642700
"02","7","02","703","2018","02","13","3","3","4","2","0","0","1","0","0","0","0","0",566126.42500000005,5924407.84999999963,9.99607621000,53.46451471100
"02","7","02","703","2018","02","17","6","3","2","6","1","0","1","0","0","0","1","1",566007.37690000003,5924488.08289999980,9.99430011100,53.46525072700
"02","7","02","703","2018","02","12","2","3","1","2","0","0","1","0","0","1","0","0",567110.96400000004,5924038.11060000025,10.01082507100,53.46106721000
"02","7","01","702","2018","02","09","3","2","4","2","0","0","1","0","0","0","1","1",565987.79180000001,5924488.61120000016,9.99400525100,53.46525792900
"02","7","01","702","2018","03","20","5","3","5","3","2","0","1","0","0","1","0","1",566327.84669999999,5924298.78560000006,9.99908674600,53.46350918300
"02","7","01","702","2018","04","12","6","2","5","2","0","0","1","0","0","1","0","0",565987.73010000004,5924488.60589999985,9.99400432000,53.46525788900
"02","7","02","703","2018","04","07","2","3","5","2","0","0","1","0","0","0","0","0",566114.38150000002,5924417.75100000016,9.99589690900,53.46460520700
"02","7","01","702","2018","05","12","3","3","3","6","0","1","1","0","0","0","0","0",565983.72800000000,5924925.17100000009,9.99403571300,53.46918196200
"02","7","02","703","2018","06","22","7","2","8","1","1","0","0","0","1","0","0","0",566791.57629999996,5924885.18319999985,10.00619528800,53.46872073300
"02","7","01","702","2018","06","13","6","3","3","2","0","1","1","0","0","0","0","0",565997.41980000003,5924637.59829999972,9.99418154600,53.46659572500
"02","7","02","703","2018","07","09","2","3","2","6","0","0","1","0","0","0","1","0",566559.95440000005,5924252.50490000006,10.00257256300,53.46306396100
"02","7","01","702","2018","07","08","4","3","4","2","0","0","1","0","0","0","1","1",565979.29169999994,5925034.17480000015,9.99399178200,53.47016217500
"02","7","02","703","2018","08","19","6","3","5","3","0","0","1","0","0","0","1","0",566092.29009999998,5924437.39240000024,9.99556832600,53.46478450400
"02","7","01","702","2018","07","12","5","3","0","7","0","0","0","0","1","1","0","1",565996.46400000004,5924553.16330000013,9.99414941800,53.46583699600
"02","7","02","703","2018","08","12","7","3","9","1","0","0","0","0","0","0","1","0",566413.48230000003,5924281.65070000011,10.00037282600,53.46334439400
"02","7","02","703","2018","09","12","3","3","2","6","0","0","1","0","0","0","0","0",567155.74490000005,5924273.92630000040,10.01154982500,53.46318085600
"02","7","02","703","2018","10","23","2","2","8","1","2","0","1","0","0","0","0","0",567111.11069999996,5924057.04169999994,10.01083132100,53.46123733200
"02","7","01","702","2018","10","07","3","3","1","2","1","0","1","0","0","0","0","0",566322.64289999998,5924300.15510000009,9.99900866400,53.46352214600
"02","7","02","703","2018","11","17","7","2","5","2","2","0","1","0","0","0","0","0",567112.18019999994,5924262.08889999986,10.01089120600,53.46308002200
"02","7","01","702","2018","11","10","5","3","5","2","0","0","1","0","0","0","0","0",565981.63470000005,5924494.73049999960,9.99391380400,53.46531369700
"02","7","02","703","2018","12","07","3","3","2","6","1","0","1","0","0","0","1","1",567705.72699999996,5925253.64410000015,10.02004372000,53.47191545900
"02","7","01","701","2018","01","18","5","3","2","2","2","0","1","0","0","0","0","1",564946.98080000002,5924418.04550000001,9.97831497000,53.46475310400
"02","7","01","701","2018","01","10","5","3","1","1","0","0","1","0","0","0","0","0",564552.70180000004,5924619.10529999994,9.97241807300,53.46660858800
"02","7","01","701","2018","11","20","6","2","5","2","2","0","1","0","0","0","0","0",564759.05579999997,5924512.59350000042,9.97550413500,53.46562598700
"02","7","01","701","2018","06","20","7","3","5","3","0","1","1","0","0","0","0","0",564542.58050000004,5924624.37999999989,9.97226671300,53.46665723400
"02","7","01","701","2018","08","16","4","3","3","5","0","0","1","0","0","0","0","0",564655.82539999997,5924565.84420000017,9.97396031600,53.46611725700
"02","7","01","701","2018","09","16","4","2","3","6","0","0","1","0","0","1","0","0",564423.45640000002,5924685.40660000034,9.97048502700,53.46722029200
"02","7","10","711","2018","06","15","4","3","2","4","0","0","1","1","0","0","0","0",564620.99100000004,5924583.83359999955,9.97343936100,53.46628321100
"02","7","10","711","2018","09","17","7","3","5","3","0","0","1","0","0","0","0","0",564528.36399999994,5924631.78899999987,9.97205411200,53.46672556400
"02","7","01","701","2018","10","20","4","3","2","6","2","0","1","0","0","0","0","0",564619.76760000002,5924584.46540000010,9.97342106500,53.46628903900
"02","7","01","701","2018","09","15","2","2","2","6","0","0","1","0","0","0","0","0",564522.00980000000,5924635.02979999967,9.97195907300,53.46675546900
"02","7","01","701","2018","01","07","2","3","3","6","1","1","1","0","0","0","0","0",564289.25809999998,5924118.43369999994,9.96834778300,53.46214105700
"02","7","01","701","2018","01","11","5","3","2","6","0","0","1","0","0","0","0","1",564747.28960000002,5924123.46920000017,9.97524676200,53.46213020900
"02","7","01","701","2018","01","20","2","3","1","3","2","1","0","0","0","0","1","1",564803.72259999998,5924063.95100000035,9.97608437000,53.46158835400
"02","7","01","701","2018","02","07","4","3","5","3","1","1","1","0","0","0","0","0",564802.26159999997,5924062.09659999982,9.97606198600,53.46157186700
"02","7","01","701","2018","01","15","1","3","1","6","0","0","1","0","0","0","0","1",565018.46699999995,5923626.24309999961,9.97922784600,53.45762802600
"02","7","01","701","2018","02","16","6","2","6","4","0","0","1","1","0","0","0","1",564901.10919999995,5924055.53230000008,9.97754925100,53.46150070100
"02","7","10","711","2018","02","22","7","3","5","3","2","0","1","0","0","0","0","0",564098.49490000005,5924254.58409999963,9.96550265300,53.46338795100
"02","7","01","701","2018","01","13","4","3","6","7","0","0","1","1","0","0","0","0",564998.52810000000,5924336.98990000039,9.97907455400,53.46401826500
"02","7","01","702","2018","02","07","5","2","0","2","0","1","0","0","0","0","1","2",565017.75919999997,5924115.53560000006,9.97931837800,53.46202559000
"02","7","01","702","2018","02","15","5","3","2","6","0","0","1","0","0","0","0","0",565075.42299999995,5923971.98220000044,9.98015707200,53.46072829500
"02","7","10","711","2018","02","08","1","3","5","3","0","0","1","0","0","0","0","0",564101.15269999998,5924258.45849999972,9.96554347000,53.46342244800
"02","7","01","701","2018","04","16","3","3","2","6","0","0","1","0","0","0","0","0",564884.07649999997,5923848.84410000034,9.97725008400,53.45964520500
"02","7","01","701","2018","05","16","6","3","3","6","0","1","1","0","0","0","0","0",565060.47499999998,5923610.70120000001,9.97985720100,53.45748315800
"02","7","01","702","2018","05","15","4","3","0","7","0","0","1","0","0","0","0","0",565178.06629999995,5923950.47570000030,9.98169836400,53.46052231700
"02","7","01","702","2018","05","06","3","3","5","3","0","0","1","0","1","0","0","0",565163.94460000005,5924700.04569999967,9.98164110600,53.46726075400
"02","7","01","702","2018","05","18","3","3","4","2","0","1","1","0","0","0","0","0",565165.58649999998,5924085.82809999958,9.98153848400,53.46174032900
"02","7","01","702","2018","06","16","3","3","5","2","0","1","1","0","0","0","0","0",565131.87670000002,5924658.27440000046,9.98114944900,53.46688930600
"02","7","01","702","2018","06","20","7","3","2","2","0","0","1","0","0","0","0","0",565189.60979999998,5924260.80140000023,9.98193655800,53.46330991200
"02","7","01","702","2018","07","13","3","3","5","3","0","0","1","0","0","0","0","0",564935.71400000004,5923455.85039999988,9.97794653300,53.45610684100
"02","7","10","711","2018","07","07","6","3","2","6","0","0","0","0","0","1","0","0",565021.69299999997,5924443.15240000002,9.97944539500,53.46496953200
"02","7","10","711","2018","08","10","3","3","0","6","0","0","1","0","0","0","1","0",565014.76480000000,5924440.39840000030,9.97934048000,53.46494563600
"02","7","01","701","2018","08","06","6","3","5","3","0","0","1","0","0","0","1","0",564102.79160000000,5924252.97369999997,9.96556703400,53.46337295400
"02","7","01","701","2018","09","17","6","3","0","7","0","0","0","0","1","0","0","0",564968.21550000005,5924029.05620000046,9.97855438200,53.46125447700
"02","7","01","702","2018","09","22","3","2","6","4","2","0","1","1","0","0","0","0",564983.87990000006,5923987.70669999998,9.97878173400,53.46088091900
"02","7","01","702","2018","10","16","2","3","6","4","0","0","1","1","0","0","0","1",565098.27949999995,5924098.16399999987,9.98052740900,53.46185951900
"02","7","01","702","2018","11","15","3","3","1","7","0","0","1","0","0","0","0","0",565180.25170000002,5924220.31190000009,9.98178722500,53.46294717500
"02","7","01","701","2018","10","08","3","3","1","6","0","0","1","0","0","0","0","1",564923.07440000004,5924146.88929999992,9.97789890900,53.46231905800
"02","7","01","701","2018","10","15","2","3","2","6","0","0","1","0","0","0","1","0",564887.80299999996,5923985.94680000003,9.97733450000,53.46087694600
"02","7","01","701","2018","10","14","2","3","1","5","0","1","1","0","0","0","0","0",564126.76390000002,5924262.46920000017,9.96593000500,53.46345537700
"02","7","01","701","2018","11","09","5","3","0","7","0","0","1","0","0","0","0","0",564974.47250000003,5923766.93120000046,9.97859443500,53.45889787800
"02","7","01","701","2018","11","15","4","3","6","4","0","1","0","1","0","0","0","0",565005.73400000005,5923639.30609999970,9.97903880800,53.45774700000
"02","7","01","701","2018","11","16","5","3","5","2","1","1","1","0","0","0","0","0",564879.56680000003,5923847.47229999956,9.97718188900,53.45963343200
"02","7","01","702","2018","11","15","6","3","0","4","0","0","0","1","0","0","1","0",565109.22640000004,5923661.11490000039,9.98060175300,53.45793022500
"02","7","01","702","2018","11","06","3","3","5","3","2","1","1","0","0","0","0","0",565108.60170000000,5924069.34030000027,9.98067688900,53.46159919300
"02","7","01","701","2018","11","11","2","3","2","6","0","0","1","0","0","0","1","0",564938.21600000001,5924390.03699999955,9.97817717700,53.46450246100
"02","7","01","701","2018","12","17","4","3","1","6","2","0","1","0","0","0","0","0",564923.03339999996,5924124.82849999983,9.97789373600,53.46212079300
"02","7","01","701","2018","12","20","3","2","6","4","2","0","1","1","0","0","0","0",564664.66960000002,5924188.30900000036,9.97401584600,53.46272310200
"02","7","01","701","2018","12","17","3","3","6","4","0","0","1","1","0","0","0","1",564810.98380000005,5924472.37469999958,9.97627793800,53.46525813600
"02","7","13","714","2018","03","15","3","2","6","4","0","0","1","1","0","0","0","0",559355.95279999997,5925122.43910000008,9.89424056100,53.47174371700
"02","7","13","714","2018","02","10","4","3","5","7","0","0","1","0","0","0","0","0",559205.04249999998,5925129.66060000006,9.89196865100,53.47182561100
"02","7","14","715","2018","02","07","4","3","1","6","0","0","1","0","0","0","0","1",558093.27839999995,5925124.70060000010,9.87522033500,53.47190486800
"02","7","14","715","2018","01","18","3","3","2","6","2","0","1","0","0","0","0","1",557662.26419999998,5925092.50810000021,9.86872168500,53.47166291000
"02","7","10","711","2018","02","13","4","3","2","6","0","0","1","0","0","0","0","0",560865.68469999998,5925000.93030000012,9.91695907100,53.47047929600
"02","7","13","714","2018","04","05","5","3","1","6","2","0","1","0","0","0","0","1",558809.70319999999,5925151.46540000010,9.88601743300,53.47206588900
"02","7","13","714","2018","02","18","7","3","3","7","2","0","1","0","0","0","0","0",559376.02859999996,5925120.97520000022,9.89454270000,53.47172829700
"02","7","13","714","2018","04","18","2","3","2","6","0","0","1","0","0","0","0","0",558788.95070000004,5925152.62090000045,9.88570503600,53.47207859200
"02","7","13","714","2018","01","12","6","2","6","4","0","0","1","1","0","0","0","1",559287.07539999997,5925126.42329999991,9.89320376300,53.47178728500
"02","7","13","714","2018","02","07","3","2","2","2","0","0","1","0","0","0","0","0",558500.24800000002,5925149.34499999974,9.88135544300,53.47208130500
"02","7","13","714","2018","02","16","5","2","2","6","0","0","1","0","0","0","0","0",558668.29819999996,5925155.14800000004,9.88388801400,53.47211476200
"02","7","13","714","2018","06","15","6","3","2","6","0","0","1","0","0","0","0","0",558387.99670000002,5925141.42929999996,9.87966303100,53.47202262100
"02","7","14","715","2018","10","15","4","3","4","2","0","1","1","0","0","0","0","0",557300.35179999995,5925063.34779999964,9.86326458800,53.47144033500
"02","7","11","712","2018","06","08","4","3","2","6","0","0","0","0","0","1","1","0",560639.45799999998,5927428.96999999974,9.91402031700,53.49232753900
"02","7","10","711","2018","06","22","3","3","3","6","2","0","1","0","0","0","0","0",560727.79460000002,5925884.50399999972,9.91505283400,53.47843639100
"02","7","13","714","2018","10","13","5","3","5","3","0","1","1","0","0","0","0","1",558672.69889999996,5925155.14800000004,9.88395430600,53.47211427200
"02","7","13","714","2018","08","09","7","3","6","4","0","0","1","1","0","0","0","0",558699.96860000002,5925154.94079999998,9.88436505500,53.47210937000
"02","7","10","711","2018","07","17","2","3","2","6","0","0","1","0","0","0","0","0",560030.11710000003,5925037.35510000028,9.90437969700,53.47090258800
"02","7","13","714","2018","06","05","3","2","1","5","1","0","1","0","1","0","0","0",559030.85629999998,5925137.83640000038,9.88934628900,53.47191864900
"02","7","14","715","2018","08","14","2","3","2","6","0","0","1","0","0","0","1","1",557438.48210000002,5925076.56030000001,9.86534776000,53.47154403500
"02","7","13","714","2018","09","15","7","2","8","7","0","0","1","0","0","1","0","0",558381.72380000004,5925141.01520000026,9.87956846000,53.47201959500
"02","7","14","715","2018","10","22","4","3","2","6","2","0","1","0","0","0","0","0",557333.11010000005,5925066.18360000011,9.86375856800,53.47146225700
"02","7","10","711","2018","06","06","5","3","5","3","0","0","1","0","0","0","0","0",559338.52179999999,5925123.77180000022,9.89397823700,53.47175766000
"02","7","13","714","2018","07","11","2","3","1","6","0","0","1","0","0","0","1","0",558312.15430000005,5925137.30460000038,9.87851978500,53.47199395400
"02","7","13","714","2018","06","19","2","3","5","2","0","0","1","0","0","1","0","1",559825.39439999999,5925044.90789999999,9.90129731900,53.47099376900
"02","7","13","714","2018","11","06","4","3","4","7","2","0","1","0","0","0","1","0",558878.43830000004,5925147.40710000042,9.88705208800,53.47202173300
"02","7","10","711","2018","09","16","7","3","2","6","0","0","1","0","0","0","0","1",560055.91870000004,5925037.25069999974,9.90476833600,53.47089870700
"02","7","14","715","2018","08","07","4","3","6","2","0","0","1","1","0","0","0","0",557292.11040000001,5925063.16550000012,9.86314040900,53.47143959300
"02","7","13","714","2018","05","18","3","3","2","6","0","0","1","0","0","0","1","1",559844.88470000005,5925042.74600000028,9.90159049800,53.47097212400
"02","7","13","714","2018","12","07","6","3","4","2","2","0","1","0","0","0","0","1",559818.84409999999,5925045.92349999957,9.90119884200,53.47100364100
"02","7","13","714","2018","11","16","5","3","2","2","1","0","1","0","0","0","0","0",558982.39020000002,5925140.41229999997,9.88861668900,53.47194723200
"02","7","14","715","2018","07","12","2","3","0","1","0","0","0","0","1","0","0","0",557956.03229999996,5925113.69079999998,9.87315084800,53.47182104000
"02","7","13","714","2018","08","13","2","3","6","3","0","1","0","1","0","0","0","0",559045.55429999996,5925137.07940000016,9.88956755400,53.47191019800
"02","7","14","715","2018","05","18","5","3","3","6","0","0","1","0","0","0","0","0",557856.70400000003,5925106.43300000019,9.87165324700,53.47176673300
"02","7","13","714","2018","11","17","2","3","2","6","2","0","1","0","0","0","0","0",558959.95270000002,5925141.85740000010,9.88827896600,53.47196273300
"02","7","14","715","2018","07","18","7","3","2","6","0","0","1","0","0","0","0","0",557765.11540000001,5925100.01319999993,9.87027239300,53.47171909000
"02","7","10","711","2018","11","11","2","3","2","6","0","0","1","0","0","0","0","0",559814.62780000002,5925046.65699999966,9.90113547000,53.47101071200
"02","7","13","714","2018","12","22","5","3","9","1","2","0","1","0","0","0","0","0",559818.92160000000,5925045.91150000039,9.90120000800,53.47100352400
"02","7","10","711","2018","12","07","3","3","3","6","1","0","1","0","0","0","1","0",559791.17559999996,5925051.57440000027,9.90078313600,53.47105757200
"02","7","14","715","2018","12","13","2","3","1","5","0","0","1","0","0","1","0","1",557575.84620000003,5925086.45920000039,9.86741879300,53.47161800100
"02","7","13","714","2018","09","14","3","3","0","6","0","0","1","0","0","0","1","0",558689.03110000002,5925155.06099999975,9.88420031600,53.47211167000
"02","7","13","714","2018","01","15","1","2","0","1","0","0","0","0","1","0","0","0",558131.49560000002,5925335.53230000008,9.87583504800,53.47379553400
"02","7","10","711","2018","01","08","4","3","2","6","1","0","1","0","0","0","0","1",560823.24910000002,5926217.26339999959,9.91655540800,53.48141606300
"02","7","10","711","2018","01","13","2","3","2","6","0","0","1","0","0","0","0","1",560708.03079999995,5926262.99820000026,9.91482825100,53.48184040900
"02","7","13","714","2018","02","06","6","3","5","2","1","1","1","0","0","0","0","0",558061.02139999997,5925727.09609999973,9.87484577200,53.47732255300
"02","7","13","714","2018","03","09","5","3","2","6","0","0","1","0","0","0","0","0",558604.19579999999,5925842.35529999994,9.88305060500,53.47829827300
"02","7","14","715","2018","02","07","3","3","6","4","0","0","1","1","0","0","0","2",558065.58900000004,5925536.74079999980,9.87487939300,53.47561120100
"02","7","13","714","2018","03","14","6","3","0","3","0","0","1","0","0","0","1","0",558070.87899999996,5925514.44000000041,9.87495496400,53.47541018500
"02","7","13","714","2018","04","15","3","3","1","6","0","0","1","0","0","0","0","0",559067.67379999999,5925808.11340000015,9.89002695000,53.47793871900
"02","7","13","714","2018","04","16","1","3","6","4","0","0","1","1","0","0","0","0",558033.33700000006,5926001.27099999972,9.87447935300,53.47978979500
"02","7","13","714","2018","04","15","7","3","2","6","0","0","1","0","1","0","0","0",559221.22620000003,5924077.63810000010,9.89201417800,53.46236860100
"02","7","13","714","2018","04","16","1","3","5","3","0","1","1","0","0","0","0","0",558433.97809999995,5926165.92200000025,9.88054630300,53.48122529600
"02","7","13","714","2018","05","08","2","3","0","6","0","0","1","0","1","0","0","0",558795.02639999997,5926187.25509999972,9.88599025200,53.48137682500
"02","7","13","714","2018","05","07","5","3","3","2","0","1","0","0","0","0","1","0",558059.07290000003,5925726.62939999998,9.87481633000,53.47731857300
"02","7","13","714","2018","05","17","5","3","5","3","0","1","0","0","0","0","0","0",558278.86199999996,5925528.06699999981,9.87809077300,53.47550967800
"02","7","13","714","2018","05","11","5","3","5","2","0","0","1","0","0","0","0","0",558074.59369999997,5925727.22099999990,9.87505027200,53.47732217800
"02","7","11","712","2018","05","16","1","3","4","6","0","1","0","0","0","0","0","0",560177.90410000004,5927842.04360000044,9.90714349500,53.49609305300
"02","7","14","715","2018","05","14","4","3","4","6","0","0","1","0","0","0","0","0",558080.62000000000,5925689.48599999957,9.87513408400,53.47698236400
"02","7","10","711","2018","05","14","3","3","2","6","0","0","1","0","0","0","0","0",560819.04280000005,5926219.31149999984,9.91649242800,53.48143495700
"02","7","13","714","2018","06","16","1","3","5","7","0","0","1","0","0","0","0","0",559142.39009999996,5925798.10969999991,9.89115073500,53.47784042000
"02","7","13","714","2018","06","17","1","3","5","3","0","1","1","0","0","0","0","0",558646.36699999997,5925700.59310000017,9.88365948600,53.47701947000
"02","7","14","715","2018","06","18","2","3","8","1","0","1","0","0","0","0","0","1",557288.18949999998,5925550.97719999962,9.86317031100,53.47582432100
"02","7","13","714","2018","07","16","5","3","2","6","0","0","1","0","0","0","0","0",559659.52740000002,5925704.53060000017,9.89892407600,53.47694101600
"02","7","13","714","2018","06","15","6","3","1","1","0","0","1","0","1","0","0","0",558378.97809999995,5925324.39240000024,9.87956117800,53.47366803000
"02","7","13","714","2018","07","14","2","3","0","3","0","1","1","0","0","0","0","0",558111.38780000003,5925339.32919999957,9.87553283600,53.47383187900
"02","7","13","714","2018","08","13","2","3","5","3","0","1","1","0","0","0","0","0",558474.02729999996,5925342.29449999984,9.88099637400,53.47381838000
"02","7","13","714","2018","08","07","2","3","2","6","0","0","1","0","0","0","1","0",559461.85199999996,5925745.96079999954,9.89595383200,53.47733573900
"02","7","13","714","2018","07","14","2","3","5","3","0","1","1","0","0","0","0","0",558526.80000000005,5925694.20999999996,9.88185694400,53.47697540700
"02","7","13","714","2018","07","07","2","3","5","2","0","1","1","0","0","0","0","0",559742.98300000001,5926324.40899999999,9.90029931700,53.48250276600
"02","7","13","714","2018","07","15","7","3","8","7","0","0","0","0","1","0","0","0",558392.04480000003,5925799.83889999986,9.87984641300,53.47793972600
"02","7","13","714","2018","08","08","3","3","4","6","0","0","1","0","0","0","0","0",558967.45680000004,5924844.87509999983,9.88833626600,53.46929272400