ULAND,UREGBEZ,UKREIS,UGEMEINDE,UJAHR,UMONAT,USTUNDE,UWOCHENTAG,UKATEGORIE,UART,UTYP1,ULICHTVERH,IstRad,IstPKW,IstFuss,IstKrad,IstGkfz,IstSonstig,STRZUSTAND,LINREFX,LINREFY,XGCSWGS84,YGCSWGS84
"02","7","13","714","2018","08","13","5","3","6","4","0","0","1","1","0","0","0","0",558325.76699999999,5925786.48000000045,9.87884539300,53.47782700900
"02","7","14","715","2018","08","17","4","3","1","5","0","1","1","0","0","0","0","0",557308.90000000002,5925164.51279999968,9.86341181100,53.47234864500
"02","7","13","714","2018","09","23","4","3","8","1","2","0","1","0","0","0","0","0",557593.48970000003,5926813.70550000016,9.86800136900,53.48713999300
"02","7","13","714","2018","09","10","5","3","0","7","0","1","0","0","0","0","1","0",559779.35490000003,5925376.85230000038,9.90066697400,53.47398238200
"02","7","14","715","2018","10","21","4","3","3","2","2","0","1","0","0","0","0","0",557914.21820000000,5925690.26389999967,9.87262727600,53.47700768800
"02","7","13","714","2018","10","20","6","3","5","3","2","0","1","0","0","0","0","0",558708.99439999997,5925850.70419999957,9.88463106900,53.47836163300
"02","7","13","714","2018","11","17","5","3","1","3","2","1","1","0","0","0","0","0",558119.26659999997,5925337.54310000036,9.87565119600,53.47381495700
"02","7","13","714","2018","11","10","3","3","5","3","0","1","1","0","0","0","0","1",558956.87120000005,5925820.13740000036,9.88835986300,53.47805920700
"02","7","13","714","2018","11","17","4","3","3","2","2","1","1","0","0","0","0","0",558071.49520000000,5925742.13980000000,9.87500634900,53.47745660500
"02","7","11","712","2018","11","14","4","3","2","6","0","0","1","0","0","0","0","0",560251.20810000005,5927392.04800000042,9.90816193500,53.49204030400
"02","7","13","714","2018","12","07","3","3","5","2","2","1","0","0","0","0","1","1",559678.56019999995,5926008.96989999991,9.89926867000,53.47967503600
"02","7","13","714","2018","12","07","4","3","0","3","1","1","1","0","0","0","0","2",559385.16339999996,5925751.01630000025,9.89479942200,53.47738983200
"02","7","13","714","2018","12","19","5","3","6","4","2","0","1","1","0","0","0","0",558000.76520000002,5925383.87700000033,9.87387458400,53.47424445800
"02","7","13","714","2018","12","08","2","3","5","3","2","1","1","0","0","0","0","0",558833.04180000001,5925831.72869999986,9.88649642300,53.47817723900
"02","7","10","711","2018","04","07","4","3","6","2","0","0","1","1","0","0","0","1",562752.41910000006,5925089.05929999985,9.94539668700,53.47104988900
"02","7","10","711","2018","01","20","4","3","6","4","2","0","1","1","0","0","0","0",563373.07960000006,5925036.68969999999,9.95473526700,53.47050488500
"02","7","10","711","2018","02","02","7","3","3","6","2","0","1","0","0","0","1","0",562254.13399999996,5925079.26180000044,9.93788893900,53.47102098100
"02","7","10","711","2018","04","22","6","3","0","1","2","0","0","0","1","0","0","0",561552.23730000004,5924963.56140000001,9.92729338400,53.47006363600
"02","7","10","711","2018","04","13","5","3","5","2","0","1","1","0","0","0","0","0",561237.12879999995,5925022.93350000028,9.92255847800,53.47063398500
"02","7","10","711","2018","04","10","5","3","2","6","0","0","1","0","0","1","0","1",562183.40150000004,5925075.40479999967,9.93682271200,53.47099467400
"02","7","10","711","2018","04","16","4","3","6","7","0","0","1","1","0","0","0","0",564215.46699999995,5924791.27780000027,9.96737396800,53.46819720600
"02","7","10","711","2018","03","22","5","2","6","4","2","0","1","1","0","0","0","1",562754.54729999998,5925088.83789999969,9.94542870000,53.47104764500
"02","7","10","711","2018","05","07","7","3","2","6","0","0","1","0","0","0","0","0",561908.95940000005,5925063.16990000010,9.93268630200,53.47091705100
"02","7","10","711","2018","04","04","6","3","5","2","1","0","0","0","0","1","0","1",563912.52480000001,5924931.67989999987,9.96283956300,53.46949591600
"02","7","10","711","2018","04","11","7","2","3","6","0","0","1","0","0","0","0","0",562875.86230000004,5925078.75480000023,9.94725408000,53.47094255100
"02","7","10","711","2018","01","16","3","3","1","6","2","0","1","0","0","0","0","1",563985.23089999997,5924907.24909999967,9.96392973200,53.46926751600
"02","7","10","711","2018","03","11","7","3","6","2","0","0","1","1","0","0","0","1",562752.44350000005,5925089.05669999961,9.94539705400,53.47104986200
"02","7","10","711","2018","12","10","2","3","3","6","0","0","1","0","0","0","0","0",561315.62939999998,5924710.83299999963,9.92368004300,53.46781983100
"02","7","10","711","2018","07","09","4","3","1","2","0","0","1","0","1","0","0","0",564165.72640000004,5924817.05219999980,9.96663003100,53.46843491500
"02","7","10","711","2018","06","21","2","3","2","6","1","0","1","0","0","0","0","1",561590.01029999997,5925038.86050000042,9.92787711900,53.47073597300
"02","7","10","711","2018","09","12","2","3","3","7","0","0","1","0","0","0","0","0",562431.75730000006,5925089.41889999993,9.94056654400,53.47109123800
"02","7","10","711","2018","07","18","3","2","2","6","0","0","1","0","0","0","1","0",562783.61699999997,5925086.36500000022,9.94586609000,53.47102195500
"02","7","10","711","2018","06","12","1","2","3","2","0","1","1","0","0","0","0","0",563908.22880000004,5924933.00279999990,9.96277512300,53.46950832700
"02","7","10","711","2018","06","18","7","3","2","6","0","0","1","0","0","0","1","0",563877.86300000001,5924942.35360000003,9.96231963500,53.46959605100
"02","7","10","711","2018","11","07","7","3","9","1","1","0","1","0","0","0","0","1",561265.52800000005,5924718.82809999958,9.92292696400,53.46789751900
"02","7","10","711","2018","12","16","7","2","6","4","2","0","1","1","0","0","0","1",562751.57620000001,5925089.14690000005,9.94538400800,53.47105077600
"02","7","10","711","2018","09","14","5","3","3","6","0","0","1","0","0","0","1","0",562436.30169999995,5925089.65380000044,9.94063504400,53.47109281000
"02","7","10","711","2018","12","14","6","3","5","3","0","1","1","0","0","0","0","1",563961.34380000003,5924915.79299999960,9.96357167100,53.46934720600
"02","7","10","711","2018","09","09","2","3","2","6","0","0","1","0","0","0","0","0",562788.83880000003,5925085.93420000002,9.94594466200,53.47101746000
"02","7","10","711","2018","10","19","6","3","5","3","2","1","1","0","0","0","0","0",561285.62250000006,5925025.56689999998,9.92328946200,53.47065201100
"02","7","10","711","2018","10","13","2","3","5","2","0","1","1","0","0","0","0","0",562153.24199999997,5925073.70459999982,9.93636807500,53.47098295400
"02","7","10","711","2018","08","14","5","3","2","6","0","0","1","0","0","0","0","0",563074.94059999997,5925061.69529999979,9.95024941000,53.47076542000
"02","7","10","711","2018","08","12","4","3","0","6","0","0","1","0","1","0","0","0",562434.16989999998,5925089.54360000044,9.94060291000,53.47109207200
"02","7","10","711","2018","09","13","7","3","2","6","0","0","1","0","0","0","0","0",563792.12320000003,5924961.88700000010,9.96103213100,53.46978200100
"02","7","10","711","2018","11","10","2","3","2","6","0","0","1","0","0","0","0","0",564177.86369999999,5924810.76269999985,9.96681156100,53.46837690900
"02","7","10","711","2018","09","13","4","3","2","6","0","0","0","0","0","0","1","0",562605.10080000001,5925098.26510000043,9.94317942800,53.47115016200
"02","7","10","711","2018","12","17","2","3","2","6","2","0","1","0","0","1","0","1",562252.05429999996,5925079.14080000017,9.93785758800,53.47102013900
"02","7","10","711","2018","11","14","3","3","2","6","0","0","1","0","0","0","0","1",562476.77289999998,5925092.16390000004,9.94124517300,53.47111056900
"02","7","10","711","2018","05","13","6","3","5","3","0","0","1","0","0","0","0","0",562091.02570000000,5925070.19720000029,9.93543020100,53.47095877100
"02","7","10","711","2018","07","12","3","3","3","6","0","0","1","0","0","1","0","0",562475.95909999998,5925092.11189999990,9.94123290400,53.47111019800
"02","7","10","711","2018","09","17","3","2","2","6","0","0","1","0","0","1","0","0",561284.04079999996,5925025.48099999968,9.92326562000,53.47065142300
"02","7","10","711","2018","07","16","2","3","1","6","0","0","1","0","0","0","0","0",563980.72199999995,5924908.89969999995,9.96386215300,53.46928289900
"02","7","10","711","2018","12","15","2","2","1","5","0","0","1","0","0","0","0","1",562816.62890000001,5925083.64149999991,9.94636281200,53.47099354000
"02","7","10","711","2018","07","15","4","3","5","3","0","0","1","0","0","0","1","0",561287.47719999996,5925025.66760000028,9.92331741900,53.47065270000
"02","7","10","711","2018","10","15","6","3","2","6","0","0","1","0","0","0","0","0",563538.21200000006,5925015.95610000007,9.95721846500,53.47029864300
"02","7","10","711","2018","05","14","7","3","0","7","0","1","0","0","0","0","0","0",561114.15339999995,5925016.39580000006,9.92070480200,53.47058951400
"02","7","10","711","2018","05","18","6","3","1","6","0","0","1","0","0","0","0","0",561913.84999999998,5925063.42999999970,9.93276002200,53.47091881400
"02","7","10","711","2018","01","11","2","3","3","2","0","0","1","0","0","0","0","0",563269.59710000001,5924243.05609999970,9.95301672000,53.46338456600
"02","7","10","711","2018","01","14","1","3","5","3","0","0","1","0","0","0","0","0",563786.53020000004,5924169.39989999961,9.96078703200,53.46266023400
"02","7","10","711","2018","01","18","4","2","6","2","2","0","1","1","0","0","0","1",563927.63970000006,5924472.59599999990,9.96297383800,53.46536808800
"02","7","01","702","2018","01","14","3","3","0","4","0","0","0","1","0","0","1","0",565318.93530000001,5923884.08210000023,9.98380596500,53.45990816200
"02","7","10","711","2018","03","07","2","3","4","2","1","0","1","0","0","0","1","1",561474.37809999997,5925835.69519999996,9.92629127500,53.47791106500
"02","7","10","711","2018","02","08","3","3","6","2","0","0","1","1","0","0","0","0",563490.82460000005,5924309.16440000013,9.95636186900,53.46395209100
"02","7","10","711","2018","02","21","7","3","4","2","2","0","1","0","0","0","0","0",562014.81759999995,5925716.99830000009,9.93440995400,53.47678088700
"02","7","01","702","2018","02","21","1","2","6","4","2","0","1","1","0","0","0","0",565276.17339999997,5924145.43750000000,9.98321627800,53.46226236900
"02","7","10","711","2018","04","07","2","3","5","3","0","0","1","0","0","0","0","0",562007.97540000000,5925715.88750000019,9.93430665500,53.47677171000
"02","7","01","702","2018","04","12","2","3","5","3","0","1","1","0","0","0","0","1",565257.75760000001,5923613.45760000031,9.98282851100,53.45748353100
"02","7","10","711","2018","06","21","6","3","8","1","2","0","1","0","0","0","0","1",563934.23999999999,5924473.04999999981,9.96307333900,53.46537136700
"02","7","10","711","2018","06","16","4","3","5","2","0","1","1","0","0","0","0","0",562775.56880000001,5924074.15620000008,9.94554266000,53.46192569000
"02","7","10","711","2018","07","21","5","3","2","2","0","0","1","0","0","0","1","0",562185.06400000001,5925737.53299999982,9.93697883600,53.47694536000
"02","7","10","711","2018","07","00","2","3","6","2","2","0","1","1","0","0","0","0",563919.24459999998,5924917.75409999955,9.96293794800,53.46936994300
"02","7","10","711","2018","06","07","4","3","5","2","0","0","1","0","0","0","0","0",561475.07860000001,5925829.55040000007,9.92630062500,53.47785575600
"02","7","10","711","2018","08","11","1","3","0","4","0","0","1","1","0","0","0","0",563505.65810000000,5924320.67540000007,9.95658759800,53.46405375800
"02","7","10","711","2018","08","17","6","3","0","7","0","0","1","0","0","0","0","0",563472.00699999998,5924335.52799999993,9.95608378700,53.46419130100
"02","7","01","702","2018","08","14","4","3","1","5","0","1","0","0","0","0","1","0",565278.65240000002,5924457.86569999997,9.98331849900,53.46506998000
"02","7","01","702","2018","09","19","6","3","6","4","2","0","0","1","0","0","1","0",565282.05350000004,5923909.80719999969,9.98325589900,53.46014393600
"02","7","10","711","2018","09","12","6","3","0","7","0","0","1","0","1","0","0","1",563900.23959999997,5924501.11899999995,9.96256696000,53.46562776200
"02","7","10","711","2018","09","08","3","3","2","6","0","0","1","0","0","0","0","0",562028.52529999998,5925719.34630000032,9.93461692900,53.47680037500
"02","7","10","711","2018","11","19","6","3","6","4","0","0","1","1","0","0","0","0",563193.14709999994,5924832.69919999968,9.95198391200,53.46869315000
"02","7","10","711","2018","11","09","6","3","5","2","0","1","0","0","0","0","0","0",563483.43469999998,5924317.14919999987,9.95625218500,53.46402474500
"02","7","10","711","2018","12","19","6","3","1","5","2","0","1","0","0","0","0","1",563230.48250000004,5924843.15959999990,9.95254837700,53.46878268100
"02","7","01","702","2018","12","13","2","3","6","7","0","0","1","1","0","0","0","0",565203.52000000002,5923818.29999999981,9.98205426600,53.45933125000
"02","7","10","711","2018","12","07","5","3","2","6","1","0","1","0","0","0","0","1",561913.84999999998,5925063.42999999970,9.93276002200,53.47091881400
"02","7","10","711","2018","12","05","2","3","1","5","2","1","1","0","0","0","0","1",563193.30420000001,5924696.92300000042,9.95195897200,53.46747284600
"02","7","11","712","2018","03","07","3","3","9","1","0","0","0","0","0","1","0","1",560598.30039999995,5928093.08820000011,9.91352831800,53.49830106700
"02","7","01","702","2018","05","10","6","3","3","6","0","0","1","0","0","1","0","0",565888.43110000005,5923632.14410000015,9.99232926400,53.45757297300
"02","7","01","702","2018","01","12","5","3","2","6","0","0","1","0","0","0","1","2",565644.29070000001,5923670.49349999987,9.98866093500,53.45794811200
"02","7","01","702","2018","10","18","1","3","3","2","2","0","1","0","0","0","0","1",565676.54200000002,5923603.84850000031,9.98913266800,53.45734512800
"02","7","01","702","2018","05","15","4","3","3","6","0","0","0","0","1","1","0","0",565657.45259999996,5923632.58189999964,9.98885121600,53.45760574600
"02","7","01","702","2018","05","12","5","3","2","6","0","0","1","0","0","0","0","0",565602.86930000002,5923727.33899999969,9.98804905500,53.45846416500
"02","7","01","702","2018","10","20","2","3","4","2","2","0","1","0","0","0","0","0",565925.01399999997,5923631.11000000034,9.99287992300,53.45755910300
"02","7","01","702","2018","09","12","3","3","2","6","0","0","1","0","0","0","0","0",565658.35459999996,5923624.99739999976,9.98886321400,53.45753746800
"02","7","01","702","2018","01","14","3","3","2","6","0","0","1","0","0","0","0","1",565731.87399999995,5924544.76300000027,9.99016261800,53.46579458900
"02","7","01","702","2018","01","13","6","3","6","4","0","0","0","1","0","0","1","0",565637.76269999996,5923591.49980000034,9.98854614300,53.45723897800
"02","7","01","702","2018","02","05","2","3","5","3","2","0","1","0","0","0","0","2",565659.73999999999,5923597.48000000045,9.98887833000,53.45728998600
"02","7","01","702","2018","03","08","2","3","1","5","0","0","1","0","0","0","1","0",565375.95279999997,5923695.11099999957,9.98462530400,53.45820272900
"02","7","01","702","2018","03","19","2","3","6","2","2","0","1","1","0","0","0","1",565761.31629999995,5923359.98359999992,9.99035821600,53.45514284300
"02","7","01","702","2018","04","05","3","3","3","7","2","0","1","0","1","0","0","0",565467.43700000003,5923486.22680000030,9.98595943000,53.45631404100
"02","7","01","702","2018","04","14","6","3","3","2","0","1","1","0","0","0","0","0",565383.92680000002,5923745.42160000000,9.98475584400,53.45865390100
"02","7","01","702","2018","04","11","7","3","6","3","0","1","0","1","0","0","0","0",565501.69389999995,5923554.20669999998,9.98648942600,53.45692074600
"02","7","01","702","2018","04","07","4","3","1","6","0","0","1","0","0","0","0","0",565624.54299999995,5923587.98799999990,9.98834634600,53.45720906300
"02","7","01","702","2018","05","13","6","3","1","7","0","0","1","0","0","0","0","0",565356.56339999998,5923815.93709999975,9.98435844500,53.45929104800
"02","7","01","702","2018","05","19","1","3","0","7","0","0","0","0","1","0","0","0",565342.07400000002,5923582.94649999961,9.98409183000,53.45719886400
"02","7","01","702","2018","05","17","5","3","4","2","0","0","1","0","1","0","0","0",565625.08909999998,5924553.32459999993,9.98855609700,53.46588485300
"02","7","01","702","2018","06","18","6","2","5","3","0","0","1","0","0","0","0","0",565715.24060000002,5923438.80939999968,9.98968090800,53.45585703000
"02","7","01","702","2018","06","07","5","3","2","6","0","0","1","0","0","0","0","0",565815.38430000003,5923906.65529999975,9.99128677000,53.46004924300
"02","7","01","702","2018","06","12","4","3","2","6","0","0","1","0","0","0","0","0",565445.05059999996,5923507.66229999997,9.98562680000,53.45650947200
"02","7","01","702","2018","06","14","2","3","0","7","0","0","0","1","0","1","0","0",565364.22649999999,5923966.96580000035,9.98450524400,53.46064745300
"02","7","01","702","2018","07","11","5","3","6","2","0","0","1","1","0","0","0","0",565404.36470000003,5923547.09470000025,9.98502235700,53.45686891900
"02","7","01","702","2018","07","14","4","3","0","4","0","0","0","1","0","0","1","1",565506.89210000006,5923555.50999999978,9.98656797300,53.45693181200
"02","7","01","702","2018","06","15","6","3","5","3","0","1","0","0","0","0","1","0",565584.05090000003,5923575.20050000027,9.98773394200,53.45709917900
"02","7","01","702","2018","06","13","5","3","0","7","0","0","1","0","0","0","1","0",565391.33979999996,5923560.28399999999,9.98482897000,53.45698907400
"02","7","01","702","2018","07","17","6","3","6","4","0","0","0","1","0","0","1","0",565591.51950000005,5923577.87689999957,9.98784696300,53.45712230300
"02","7","01","702","2018","07","12","6","3","2","2","0","0","1","0","0","0","0","0",565361.65440000000,5923590.34410000034,9.98438821300,53.45726292000
"02","7","01","702","2018","08","11","5","3","5","3","0","1","1","0","0","0","0","0",565638.98609999998,5923591.83270000014,9.98856463500,53.45724181800
"02","7","01","702","2018","08","19","4","3","5","7","0","0","1","0","0","0","1","0",565365.41429999995,5923782.56969999988,9.98448479300,53.45899006300
"02","7","01","702","2018","07","17","6","3","2","6","0","0","1","0","0","0","1","0",565641.10030000005,5923592.40799999982,9.98859659100,53.45724672500
"02","7","01","702","2018","09","17","3","3","2","6","0","1","0","0","0","0","1","0",565555.28720000002,5924569.26400000043,9.98750811900,53.46603679900
"02","7","01","702","2018","09","14","6","3","5","3","0","0","1","0","0","0","0","1",565911.27919999999,5923478.92740000039,9.99264120100,53.45619309700
"02","7","01","702","2018","10","13","4","3","4","6","0","1","1","0","0","0","0","0",565493.24029999995,5923700.53650000039,9.98639261100,53.45823692100
"02","7","01","702","2018","10","13","7","3","5","2","0","1","1","0","0","0","0","0",565405.78489999997,5923545.65649999958,9.98504344300,53.45685581700
"02","7","01","702","2018","10","18","2","3","6","4","2","0","1","1","0","0","1","0",565484.20889999997,5923549.82309999969,9.98622522300,53.45688352200
"02","7","01","702","2018","11","12","1","3","6","4","0","0","1","1","0","0","0","0",565496.56270000001,5923552.92030000035,9.98641189200,53.45690982200
"02","7","01","702","2018","11","14","2","3","2","6","0","0","1","0","0","0","0","1",565455.72409999999,5923497.44220000040,9.98578539300,53.45641629300
"02","7","01","702","2018","12","16","2","3","5","3","2","0","1","0","0","0","0","1",565374.17969999998,5923699.71439999994,9.98459956100,53.45824432100
"02","7","07","708","2018","05","09","4","1","2","6","0","0","1","0","0","1","0","0",564998.52989999996,5918870.14649999980,9.97794568900,53.41488527500
"02","7","07","708","2018","08","07","5","3","0","3","0","1","1","0","0","0","0","0",566022.33779999998,5919963.94749999978,9.99357618700,53.42458863200
"02","7","07","708","2018","08","17","5","3","5","2","0","0","1","0","0","0","0","0",565257.42689999996,5919197.94849999994,9.98190820500,53.41779943100
"02","7","07","708","2018","11","17","2","3","0","1","2","0","0","0","1","0","0","1",565252.94099999999,5919197.36299999990,9.98184059600,53.41779472400
"02","7","07","708","2018","11","19","6","3","1","5","2","0","1","0","0","0","0","0",565357.51850000001,5919939.27060000040,9.98356776700,53.42444964800
"02","7","14","715","2018","01","18","2","3","3","6","2","0","1","0","0","0","0","1",557233.69440000004,5925061.87390000001,9.86226021000,53.47143433800
"02","7","14","715","2018","01","13","6","3","5","3","0","1","1","0","0","0","0","0",556903.72679999995,5925086.68790000025,9.85729415600,53.47169312200
"02","7","14","715","2018","05","10","1","3","9","7","0","0","1","1","0","0","0","0",555353.28170000005,5925069.39159999974,9.83393533000,53.47170294300
"02","7","14","715","2018","02","11","6","3","2","6","0","0","1","0","0","0","1","1",556333.58649999998,5925196.08509999979,9.84872525400,53.47273766100
"02","7","14","715","2018","01","18","4","3","5","4","2","0","1","1","0","0","0","0",554886.40709999995,5924985.79690000042,9.82688774600,53.47100048600
"02","7","14","715","2018","03","16","5","3","2","6","0","0","1","0","0","0","0","0",556828.56510000001,5925121.21229999978,9.85616817700,53.47201153400
"02","7","14","715","2018","05","18","5","3","4","2","0","0","1","0","0","0","0","0",555748.59499999997,5925137.64360000007,9.83990241000,53.47227466800
"02","7","14","715","2018","05","12","3","3","0","7","0","1","0","0","0","0","0","0",555265.30260000005,5925052.50109999999,9.83260704700,53.47156037600
"02","7","14","715","2018","04","12","5","3","5","3","0","1","1","0","0","0","0","0",555918.32840000000,5925170.98000000045,9.84246522600,53.47255628800
"02","7","14","715","2018","01","14","3","3","6","7","0","0","1","1","0","0","0","0",555655.62239999999,5925123.91770000011,9.83849942700,53.47216113900
"02","7","14","715","2018","06","15","4","2","3","7","0","0","1","0","0","0","0","0",555564.87360000005,5925107.60850000009,9.83712949500,53.47202414000
"02","7","14","715","2018","11","10","2","3","1","6","0","0","1","0","0","0","0","1",554474.76170000003,5924890.14340000041,9.82067024300,53.47018352000
"02","7","14","715","2018","10","17","6","2","5","3","2","0","1","0","0","0","0","1",554649.91240000003,5924939.99459999986,9.82331728700,53.47061342300
"02","7","14","715","2018","07","14","3","3","5","3","0","0","1","0","0","0","0","0",555176.82010000001,5925037.37970000040,9.83127150000,53.47143374800
"02","7","14","715","2018","08","16","5","3","2","6","0","0","1","0","0","0","0","0",555899.36129999999,5925167.58970000036,9.84217889800,53.47252783100
"02","7","14","715","2018","06","20","6","3","5","3","0","0","1","0","0","0","0","1",555674.18169999996,5925126.58399999980,9.83877947900,53.47218314100
"02","7","14","715","2018","06","14","7","3","0","2","0","0","1","0","1","0","0","0",556418.13740000001,5925191.27740000002,9.84999808500,53.47268539700
"02","7","14","715","2018","06","19","4","2","5","7","0","0","1","0","1","0","0","0",557122.62719999999,5925056.94759999961,9.86058622700,53.47140212300
"02","7","14","715","2018","08","12","7","3","2","2","0","0","1","0","0","0","0","0",556121.16260000004,5925194.85610000044,9.84552502600,53.47274930000
"02","7","14","715","2018","06","14","7","3","2","6","0","0","1","0","0","0","1","0",556450.85939999996,5925188.62210000027,9.85049054000,53.47265802500
"02","7","14","715","2018","09","18","5","3","2","6","0","0","1","0","0","0","0","0",555901.48400000005,5925167.97300000023,9.84221094300,53.47253105100
"02","7","14","715","2018","06","16","4","3","5","2","0","1","0","0","0","0","1","0",555763.40969999996,5925140.26140000019,9.84012604500,53.47229662700
"02","7","14","715","2018","06","17","2","3","5","3","0","1","1","0","0","0","0","0",556123.47109999997,5925194.98840000015,9.84555982500,53.47275024300
"02","7","14","715","2018","10","15","5","3","2","6","0","0","1","0","0","0","0","0",556117.75560000003,5925194.66089999955,9.84547366700,53.47274790800
"02","7","14","715","2018","09","09","7","3","5","3","0","1","1","0","0","0","0","0",555919.00249999994,5925171.09970000014,9.84247540200,53.47255729300
"02","7","14","715","2018","11","17","2","3","0","6","2","0","1","0","1","0","0","1",555487.32970000000,5925094.74760000035,9.83595909900,53.47191672700
"02","7","14","715","2018","09","12","5","3","5","3","0","1","0","0","0","0","1","0",555750.63569999998,5925137.95380000025,9.83993320600,53.47227724000
"02","7","14","715","2018","05","16","2","3","5","2","0","0","1","0","0","0","1","0",554870.69900000002,5924983.70399999991,9.82665075800,53.47098331200
"02","7","14","715","2018","09","15","2","3","5","3","0","1","1","0","0","0","0","0",555673.83290000004,5925126.53390000015,9.83877421500,53.47218272700
"02","7","14","715","2018","11","13","5","3","0","1","0","0","0","0","1","0","0","1",555717.13100000005,5925132.86079999991,9.83942758400,53.47223501200
"02","7","14","715","2018","11","18","4","3","5","3","2","1","1","0","0","0","0","0",556635.44570000004,5925180.58559999987,9.85326973600,53.47256597300
"02","7","14","715","2018","11","12","6","2","6","4","0","0","1","1","0","0","0","1",555776.92539999995,5925143.11010000017,9.84033015300,53.47232079900
"02","7","14","715","2018","12","22","7","3","1","5","2","0","1","0","0","0","0","1",555463.70730000001,5925090.74569999985,9.83560254400,53.47188324800
"02","7","14","715","2018","02","10","4","3","6","2","0","0","1","1","0","0","0","0",556437.03310000000,5925106.78540000040,9.85026755500,53.47192398200
"02","7","14","715","2018","02","07","5","3","5","3","2","1","1","0","0","0","0","0",556730.16689999995,5924724.04260000028,9.85461419500,53.46845249700
"02","7","14","715","2018","02","13","2","2","6","7","0","1","0","1","0","0","0","0",556743.07169999997,5924633.95050000027,9.85479230800,53.46764138400
"02","7","14","715","2018","02","17","3","3","6","2","2","0","1","1","0","0","0","0",556732.26309999998,5924724.11359999981,9.85464578300,53.46845290900
"02","7","14","715","2018","04","17","5","3","2","6","0","0","1","0","0","0","0","0",557097.88789999997,5925658.16999999993,9.86032284900,53.47680841100
"02","7","14","715","2018","05","18","3","2","6","3","0","0","1","1","0","0","0","0",556649.49600000004,5925290.61560000014,9.85350123500,53.47355337900
"02","7","14","715","2018","04","10","5","3","4","6","0","0","1","0","1","0","0","1",556422.95959999994,5924821.72769999970,9.85000435900,53.46936346900
"02","7","14","715","2018","04","07","5","3","5","3","0","1","1","0","0","0","0","1",556721.90579999995,5924741.42100000009,9.85449289800,53.46860957900
"02","7","14","715","2018","06","11","6","3","5","3","0","0","1","0","0","0","1","0",556713.29139999999,5924949.00270000007,9.85440061000,53.47047619200
"02","7","14","715","2018","06","09","6","3","2","6","0","0","1","0","0","0","1","0",556738.08900000004,5924647.16629999969,9.85471964200,53.46776070100
"02","7","14","715","2018","08","08","5","3","1","5","0","1","1","0","0","0","0","0",557104.12190000003,5924602.06759999972,9.86022479700,53.46731580300
"02","7","14","715","2018","08","17","1","2","9","7","0","0","0","0","0","0","1","0",556746.96010000003,5924060.16750000045,9.85474727300,53.46248396200
"02","7","14","715","2018","08","16","3","2","0","2","0","0","1","0","1","0","0","0",557036.78379999998,5924624.62349999975,9.85921462500,53.46752582600
"02","7","14","715","2018","09","21","6","3","5","3","2","1","1","0","0","0","0","0",556938.69189999998,5925647.31670000032,9.85792249000,53.47672810700
"02","7","14","715","2018","09","16","3","3","3","6","0","1","1","0","0","0","0","0",557239.33310000005,5926449.96609999985,9.86259815200,53.48390946200
"02","7","14","715","2018","08","15","5","2","5","3","0","1","1","0","0","0","0","0",555916.22800000000,5925716.01889999956,9.84253061500,53.47745517800
"02","7","14","715","2018","09","14","3","3","0","6","0","0","1","0","0","0","1","0",554638.94999999995,5925302.00000000000,9.82321511700,53.47386818700
"02","7","14","715","2018","09","08","5","2","5","2","0","1","1","0","0","0","0","0",556730.95640000002,5924724.06940000039,9.85462609200,53.46845265300
"02","7","14","715","2018","09","21","7","3","2","2","2","0","1","0","0","0","0","0",556752.01190000004,5925168.14180000033,9.85502346000,53.47244158000
"02","7","14","715","2018","12","07","5","3","5","3","1","1","1","0","0","0","0","1",556445.47019999998,5924952.65830000024,9.85036696000,53.47053782500
"02","7","14","715","2018","12","09","2","3","0","7","0","1","1","0","0","0","0","1",556713.43099999998,5924945.11099999957,9.85440201100,53.47044120000
"02","7","06","707","2018","03","13","3","3","6","2","0","0","1","1","0","0","0","1",565401.26599999995,5920899.01099999994,9.98442530300,53.43306984600
"02","7","06","707","2018","04","09","5","3","3","6","0","0","0","0","0","1","1","0",565403.63300000003,5921061.79999999981,9.98449473900,53.43453261000
"02","7","06","707","2018","09","06","2","3","5","3","0","0","1","0","0","0","1","0",565449.67359999998,5921201.74149999954,9.98521674800,53.43578461300
"02","7","16","717","2018","01","13","1","3","1","6","0","0","1","0","0","0","0","0",552619.88710000005,5929878.62000000011,9.79356588500,53.51520767800
"02","7","16","717","2018","02","14","1","3","5","2","0","0","1","0","0","0","1","1",554079.02300000004,5929693.38100000005,9.81553687900,53.51339472400
"02","7","16","717","2018","05","18","7","3","8","1","0","0","0","0","1","0","0","0",552187.72990000003,5929049.43769999966,9.78691108200,53.50779822700
"02","7","16","717","2018","09","16","2","3","5","3","0","1","1","0","0","0","0","0",552660.45050000004,5929866.04040000029,9.79417544700,53.51509055400
"02","7","16","717","2018","09","15","3","2","1","6","0","0","1","0","1","0","0","0",554126.29410000006,5929683.74029999971,9.81624800400,53.51330321100
"02","7","15","716","2018","04","15","4","3","4","6","0","0","0","0","1","0","1","0",556401.75930000003,5929126.64279999956,9.85045868700,53.50805702000
"02","7","15","716","2018","05","16","2","3","8","1","0","0","0","0","1","0","0","0",555783.00470000005,5929553.50829999987,9.84120582500,53.51195955700
"02","7","15","716","2018","06","05","6","3","4","6","0","0","1","0","0","0","0","0",557626.34739999997,5929670.55700000003,9.86902143800,53.51281274200